[rehydrate] library_root=/home/hubia/Secretária/Hubia/Projetos/youtube-video-pipeline/automacao-youtube-n8n/data/library
[rehydrate] shots antes: 734
[rehydrate] mp4 encontrados: 1075
09:04:08 WARNING studio.ingest: rejeitado (licença): pexels_1003933.mp4 — registo de licença inválido: 2 validation errors for LicenseRecord
source
  Input should be 'pexels', 'pixabay', 'wikimedia', 'archive_org', 'youtube_cc' or 'owned' [type=literal_error, input_value='rehydration', input_type=str]
    For further information visit https://errors.pydantic.dev/2.13/v/literal_error
verified_by
  Input should be 'api' or 'manual' [type=literal_error, input_value='manual-rehydration-2026-08-06', input_type=str]
    For further information visit https://errors.pydantic.dev/2.13/v/literal_error
09:04:08 WARNING studio.ingest: rejeitado (licença): pexels_10039882.mp4 — registo de licença inválido: 2 validation errors for LicenseRecord
source
  Input should be 'pexels', 'pixabay', 'wikimedia', 'archive_org', 'youtube_cc' or 'owned' [type=literal_error, input_value='rehydration', input_type=str]
    For further information visit https://errors.pydantic.dev/2.13/v/literal_error
verified_by
  Input should be 'api' or 'manual' [type=literal_error, input_value='manual-rehydration-2026-08-06', input_type=str]
    For further information visit https://errors.pydantic.dev/2.13/v/literal_error
09:04:08 WARNING studio.ingest: rejeitado (licença): pexels_10040032.mp4 — registo de licença inválido: 2 validation errors for LicenseRecord
source
  Input should be 'pexels', 'pixabay', 'wikimedia', 'archive_org', 'youtube_cc' or 'owned' [type=literal_error, input_value='rehydration', input_type=str]
    For further information visit https://errors.pydantic.dev/2.13/v/literal_error
verified_by
  Input should be 'api' or 'manual' [type=literal_error, input_value='manual-rehydration-2026-08-06', input_type=str]
    For further information visit https://errors.pydantic.dev/2.13/v/literal_error
09:04:08 WARNING studio.ingest: rejeitado (licença): pexels_10045424.mp4 — registo de licença inválido: 2 validation errors for LicenseRecord
source
  Input should be 'pexels', 'pixabay', 'wikimedia', 'archive_org', 'youtube_cc' or 'owned' [type=literal_error, input_value='rehydration', input_type=str]
    For further information visit https://errors.pydantic.dev/2.13/v/literal_error
verified_by
  Input should be 'api' or 'manual' [type=literal_error, input_value='manual-rehydration-2026-08-06', input_type=str]
    For further information visit https://errors.pydantic.dev/2.13/v/literal_error
09:04:08 WARNING studio.ingest: rejeitado (licença): pexels_10163756.mp4 — registo de licença inválido: 2 validation errors for LicenseRecord
source
  Input should be 'pexels', 'pixabay', 'wikimedia', 'archive_org', 'youtube_cc' or 'owned' [type=literal_error, input_value='rehydration', input_type=str]
    For further information visit https://errors.pydantic.dev/2.13/v/literal_error
verified_by
  Input should be 'api' or 'manual' [type=literal_error, input_value='manual-rehydration-2026-08-06', input_type=str]
    For further information visit https://errors.pydantic.dev/2.13/v/literal_error
09:04:08 WARNING studio.ingest: rejeitado (licença): pexels_10192230.mp4 — registo de licença inválido: 2 validation errors for LicenseRecord
source
  Input should be 'pexels', 'pixabay', 'wikimedia', 'archive_org', 'youtube_cc' or 'owned' [type=literal_error, input_value='rehydration', input_type=str]
    For further information visit https://errors.pydantic.dev/2.13/v/literal_error
verified_by
  Input should be 'api' or 'manual' [type=literal_error, input_value='manual-rehydration-2026-08-06', input_type=str]
    For further information visit https://errors.pydantic.dev/2.13/v/literal_error
09:04:08 WARNING studio.ingest: rejeitado (licença): pexels_10302754.mp4 — registo de licença inválido: 2 validation errors for LicenseRecord
source
  Input should be 'pexels', 'pixabay', 'wikimedia', 'archive_org', 'youtube_cc' or 'owned' [type=literal_error, input_value='rehydration', input_type=str]
    For further information visit https://errors.pydantic.dev/2.13/v/literal_error
verified_by
  Input should be 'api' or 'manual' [type=literal_error, input_value='manual-rehydration-2026-08-06', input_type=str]
    For further information visit https://errors.pydantic.dev/2.13/v/literal_error
09:04:08 WARNING studio.ingest: rejeitado (licença): pexels_10302758.mp4 — registo de licença inválido: 2 validation errors for LicenseRecord
source
  Input should be 'pexels', 'pixabay', 'wikimedia', 'archive_org', 'youtube_cc' or 'owned' [type=literal_error, input_value='rehydration', input_type=str]
    For further information visit https://errors.pydantic.dev/2.13/v/literal_error
verified_by
  Input should be 'api' or 'manual' [type=literal_error, input_value='manual-rehydration-2026-08-06', input_type=str]
    For further information visit https://errors.pydantic.dev/2.13/v/literal_error
09:04:08 WARNING studio.ingest: rejeitado (licença): pexels_10329454.mp4 — registo de licença inválido: 2 validation errors for LicenseRecord
source
  Input should be 'pexels', 'pixabay', 'wikimedia', 'archive_org', 'youtube_cc' or 'owned' [type=literal_error, input_value='rehydration', input_type=str]
    For further information visit https://errors.pydantic.dev/2.13/v/literal_error
verified_by
  Input should be 'api' or 'manual' [type=literal_error, input_value='manual-rehydration-2026-08-06', input_type=str]
    For further information visit https://errors.pydantic.dev/2.13/v/literal_error
09:04:08 WARNING studio.ingest: rejeitado (licença): pexels_10329455.mp4 — registo de licença inválido: 2 validation errors for LicenseRecord
source
  Input should be 'pexels', 'pixabay', 'wikimedia', 'archive_org', 'youtube_cc' or 'owned' [type=literal_error, input_value='rehydration', input_type=str]
    For further information visit https://errors.pydantic.dev/2.13/v/literal_error
verified_by
  Input should be 'api' or 'manual' [type=literal_error, input_value='manual-rehydration-2026-08-06', input_type=str]
    For further information visit https://errors.pydantic.dev/2.13/v/literal_error
[  10/1075] [rej]   0.0s  shots:+0  pexels_10329455.mp4 (ETA ~0min)
09:04:08 WARNING studio.ingest: rejeitado (licença): pexels_10391112.mp4 — registo de licença inválido: 2 validation errors for LicenseRecord
source
  Input should be 'pexels', 'pixabay', 'wikimedia', 'archive_org', 'youtube_cc' or 'owned' [type=literal_error, input_value='rehydration', input_type=str]
    For further information visit https://errors.pydantic.dev/2.13/v/literal_error
verified_by
  Input should be 'api' or 'manual' [type=literal_error, input_value='manual-rehydration-2026-08-06', input_type=str]
    For further information visit https://errors.pydantic.dev/2.13/v/literal_error
09:04:08 WARNING studio.ingest: rejeitado (licença): pexels_10413790.mp4 — registo de licença inválido: 2 validation errors for LicenseRecord
source
  Input should be 'pexels', 'pixabay', 'wikimedia', 'archive_org', 'youtube_cc' or 'owned' [type=literal_error, input_value='rehydration', input_type=str]
    For further information visit https://errors.pydantic.dev/2.13/v/literal_error
verified_by
  Input should be 'api' or 'manual' [type=literal_error, input_value='manual-rehydration-2026-08-06', input_type=str]
    For further information visit https://errors.pydantic.dev/2.13/v/literal_error
09:04:08 WARNING studio.ingest: rejeitado (licença): pexels_10431986.mp4 — registo de licença inválido: 2 validation errors for LicenseRecord
source
  Input should be 'pexels', 'pixabay', 'wikimedia', 'archive_org', 'youtube_cc' or 'owned' [type=literal_error, input_value='rehydration', input_type=str]
    For further information visit https://errors.pydantic.dev/2.13/v/literal_error
verified_by
  Input should be 'api' or 'manual' [type=literal_error, input_value='manual-rehydration-2026-08-06', input_type=str]
    For further information visit https://errors.pydantic.dev/2.13/v/literal_error
09:04:08 WARNING studio.ingest: rejeitado (licença): pexels_10603712.mp4 — registo de licença inválido: 2 validation errors for LicenseRecord
source
  Input should be 'pexels', 'pixabay', 'wikimedia', 'archive_org', 'youtube_cc' or 'owned' [type=literal_error, input_value='rehydration', input_type=str]
    For further information visit https://errors.pydantic.dev/2.13/v/literal_error
verified_by
  Input should be 'api' or 'manual' [type=literal_error, input_value='manual-rehydration-2026-08-06', input_type=str]
    For further information visit https://errors.pydantic.dev/2.13/v/literal_error
09:04:08 WARNING studio.ingest: rejeitado (licença): pexels_10636104.mp4 — registo de licença inválido: 2 validation errors for LicenseRecord
source
  Input should be 'pexels', 'pixabay', 'wikimedia', 'archive_org', 'youtube_cc' or 'owned' [type=literal_error, input_value='rehydration', input_type=str]
    For further information visit https://errors.pydantic.dev/2.13/v/literal_error
verified_by
  Input should be 'api' or 'manual' [type=literal_error, input_value='manual-rehydration-2026-08-06', input_type=str]
    For further information visit https://errors.pydantic.dev/2.13/v/literal_error
09:04:08 WARNING studio.ingest: rejeitado (licença): pexels_10636153.mp4 — registo de licença inválido: 2 validation errors for LicenseRecord
source
  Input should be 'pexels', 'pixabay', 'wikimedia', 'archive_org', 'youtube_cc' or 'owned' [type=literal_error, input_value='rehydration', input_type=str]
    For further information visit https://errors.pydantic.dev/2.13/v/literal_error
verified_by
  Input should be 'api' or 'manual' [type=literal_error, input_value='manual-rehydration-2026-08-06', input_type=str]
    For further information visit https://errors.pydantic.dev/2.13/v/literal_error
09:04:08 WARNING studio.ingest: rejeitado (licença): pexels_10691579.mp4 — registo de licença inválido: 2 validation errors for LicenseRecord
source
  Input should be 'pexels', 'pixabay', 'wikimedia', 'archive_org', 'youtube_cc' or 'owned' [type=literal_error, input_value='rehydration', input_type=str]
    For further information visit https://errors.pydantic.dev/2.13/v/literal_error
verified_by
  Input should be 'api' or 'manual' [type=literal_error, input_value='manual-rehydration-2026-08-06', input_type=str]
    For further information visit https://errors.pydantic.dev/2.13/v/literal_error
09:04:08 WARNING studio.ingest: rejeitado (licença): pexels_10802656.mp4 — registo de licença inválido: 2 validation errors for LicenseRecord
source
  Input should be 'pexels', 'pixabay', 'wikimedia', 'archive_org', 'youtube_cc' or 'owned' [type=literal_error, input_value='rehydration', input_type=str]
    For further information visit https://errors.pydantic.dev/2.13/v/literal_error
verified_by
  Input should be 'api' or 'manual' [type=literal_error, input_value='manual-rehydration-2026-08-06', input_type=str]
    For further information visit https://errors.pydantic.dev/2.13/v/literal_error
09:04:08 WARNING studio.ingest: rejeitado (licença): pexels_10825878.mp4 — registo de licença inválido: 2 validation errors for LicenseRecord
source
  Input should be 'pexels', 'pixabay', 'wikimedia', 'archive_org', 'youtube_cc' or 'owned' [type=literal_error, input_value='rehydration', input_type=str]
    For further information visit https://errors.pydantic.dev/2.13/v/literal_error
verified_by
  Input should be 'api' or 'manual' [type=literal_error, input_value='manual-rehydration-2026-08-06', input_type=str]
    For further information visit https://errors.pydantic.dev/2.13/v/literal_error
09:04:08 WARNING studio.ingest: rejeitado (licença): pexels_11279751.mp4 — registo de licença inválido: 2 validation errors for LicenseRecord
source
  Input should be 'pexels', 'pixabay', 'wikimedia', 'archive_org', 'youtube_cc' or 'owned' [type=literal_error, input_value='rehydration', input_type=str]
    For further information visit https://errors.pydantic.dev/2.13/v/literal_error
verified_by
  Input should be 'api' or 'manual' [type=literal_error, input_value='manual-rehydration-2026-08-06', input_type=str]
    For further information visit https://errors.pydantic.dev/2.13/v/literal_error
[  20/1075] [rej]   0.0s  shots:+0  pexels_11279751.mp4 (ETA ~0min)
09:04:08 WARNING studio.ingest: rejeitado (licença): pexels_11367262.mp4 — registo de licença inválido: 2 validation errors for LicenseRecord
source
  Input should be 'pexels', 'pixabay', 'wikimedia', 'archive_org', 'youtube_cc' or 'owned' [type=literal_error, input_value='rehydration', input_type=str]
    For further information visit https://errors.pydantic.dev/2.13/v/literal_error
verified_by
  Input should be 'api' or 'manual' [type=literal_error, input_value='manual-rehydration-2026-08-06', input_type=str]
    For further information visit https://errors.pydantic.dev/2.13/v/literal_error
09:04:08 WARNING studio.ingest: rejeitado (licença): pexels_11506738.mp4 — registo de licença inválido: 2 validation errors for LicenseRecord
source
  Input should be 'pexels', 'pixabay', 'wikimedia', 'archive_org', 'youtube_cc' or 'owned' [type=literal_error, input_value='rehydration', input_type=str]
    For further information visit https://errors.pydantic.dev/2.13/v/literal_error
verified_by
  Input should be 'api' or 'manual' [type=literal_error, input_value='manual-rehydration-2026-08-06', input_type=str]
    For further information visit https://errors.pydantic.dev/2.13/v/literal_error
09:04:08 WARNING studio.ingest: rejeitado (licença): pexels_11619724.mp4 — registo de licença inválido: 2 validation errors for LicenseRecord
source
  Input should be 'pexels', 'pixabay', 'wikimedia', 'archive_org', 'youtube_cc' or 'owned' [type=literal_error, input_value='rehydration', input_type=str]
    For further information visit https://errors.pydantic.dev/2.13/v/literal_error
verified_by
  Input should be 'api' or 'manual' [type=literal_error, input_value='manual-rehydration-2026-08-06', input_type=str]
    For further information visit https://errors.pydantic.dev/2.13/v/literal_error
09:04:08 WARNING studio.ingest: rejeitado (licença): pexels_11652280.mp4 — registo de licença inválido: 2 validation errors for LicenseRecord
source
  Input should be 'pexels', 'pixabay', 'wikimedia', 'archive_org', 'youtube_cc' or 'owned' [type=literal_error, input_value='rehydration', input_type=str]
    For further information visit https://errors.pydantic.dev/2.13/v/literal_error
verified_by
  Input should be 'api' or 'manual' [type=literal_error, input_value='manual-rehydration-2026-08-06', input_type=str]
    For further information visit https://errors.pydantic.dev/2.13/v/literal_error
09:04:08 WARNING studio.ingest: rejeitado (licença): pexels_11654897.mp4 — registo de licença inválido: 2 validation errors for LicenseRecord
source
  Input should be 'pexels', 'pixabay', 'wikimedia', 'archive_org', 'youtube_cc' or 'owned' [type=literal_error, input_value='rehydration', input_type=str]
    For further information visit https://errors.pydantic.dev/2.13/v/literal_error
verified_by
  Input should be 'api' or 'manual' [type=literal_error, input_value='manual-rehydration-2026-08-06', input_type=str]
    For further information visit https://errors.pydantic.dev/2.13/v/literal_error
09:04:08 WARNING studio.ingest: rejeitado (licença): pexels_11713471.mp4 — registo de licença inválido: 2 validation errors for LicenseRecord
source
  Input should be 'pexels', 'pixabay', 'wikimedia', 'archive_org', 'youtube_cc' or 'owned' [type=literal_error, input_value='rehydration', input_type=str]
    For further information visit https://errors.pydantic.dev/2.13/v/literal_error
verified_by
  Input should be 'api' or 'manual' [type=literal_error, input_value='manual-rehydration-2026-08-06', input_type=str]
    For further information visit https://errors.pydantic.dev/2.13/v/literal_error
09:04:08 WARNING studio.ingest: rejeitado (licença): pexels_11801343.mp4 — registo de licença inválido: 2 validation errors for LicenseRecord
source
  Input should be 'pexels', 'pixabay', 'wikimedia', 'archive_org', 'youtube_cc' or 'owned' [type=literal_error, input_value='rehydration', input_type=str]
    For further information visit https://errors.pydantic.dev/2.13/v/literal_error
verified_by
  Input should be 'api' or 'manual' [type=literal_error, input_value='manual-rehydration-2026-08-06', input_type=str]
    For further information visit https://errors.pydantic.dev/2.13/v/literal_error
09:04:08 WARNING studio.ingest: rejeitado (licença): pexels_11913279.mp4 — registo de licença inválido: 2 validation errors for LicenseRecord
source
  Input should be 'pexels', 'pixabay', 'wikimedia', 'archive_org', 'youtube_cc' or 'owned' [type=literal_error, input_value='rehydration', input_type=str]
    For further information visit https://errors.pydantic.dev/2.13/v/literal_error
verified_by
  Input should be 'api' or 'manual' [type=literal_error, input_value='manual-rehydration-2026-08-06', input_type=str]
    For further information visit https://errors.pydantic.dev/2.13/v/literal_error
09:04:08 WARNING studio.ingest: rejeitado (licença): pexels_1191537.mp4 — registo de licença inválido: 2 validation errors for LicenseRecord
source
  Input should be 'pexels', 'pixabay', 'wikimedia', 'archive_org', 'youtube_cc' or 'owned' [type=literal_error, input_value='rehydration', input_type=str]
    For further information visit https://errors.pydantic.dev/2.13/v/literal_error
verified_by
  Input should be 'api' or 'manual' [type=literal_error, input_value='manual-rehydration-2026-08-06', input_type=str]
    For further information visit https://errors.pydantic.dev/2.13/v/literal_error
09:04:08 WARNING studio.ingest: rejeitado (licença): pexels_1191547.mp4 — registo de licença inválido: 2 validation errors for LicenseRecord
source
  Input should be 'pexels', 'pixabay', 'wikimedia', 'archive_org', 'youtube_cc' or 'owned' [type=literal_error, input_value='rehydration', input_type=str]
    For further information visit https://errors.pydantic.dev/2.13/v/literal_error
verified_by
  Input should be 'api' or 'manual' [type=literal_error, input_value='manual-rehydration-2026-08-06', input_type=str]
    For further information visit https://errors.pydantic.dev/2.13/v/literal_error
[  30/1075] [rej]   0.0s  shots:+0  pexels_1191547.mp4 (ETA ~0min)
09:04:08 WARNING studio.ingest: rejeitado (licença): pexels_1191560.mp4 — registo de licença inválido: 2 validation errors for LicenseRecord
source
  Input should be 'pexels', 'pixabay', 'wikimedia', 'archive_org', 'youtube_cc' or 'owned' [type=literal_error, input_value='rehydration', input_type=str]
    For further information visit https://errors.pydantic.dev/2.13/v/literal_error
verified_by
  Input should be 'api' or 'manual' [type=literal_error, input_value='manual-rehydration-2026-08-06', input_type=str]
    For further information visit https://errors.pydantic.dev/2.13/v/literal_error
09:04:08 WARNING studio.ingest: rejeitado (licença): pexels_12089490.mp4 — registo de licença inválido: 2 validation errors for LicenseRecord
source
  Input should be 'pexels', 'pixabay', 'wikimedia', 'archive_org', 'youtube_cc' or 'owned' [type=literal_error, input_value='rehydration', input_type=str]
    For further information visit https://errors.pydantic.dev/2.13/v/literal_error
verified_by
  Input should be 'api' or 'manual' [type=literal_error, input_value='manual-rehydration-2026-08-06', input_type=str]
    For further information visit https://errors.pydantic.dev/2.13/v/literal_error
09:04:08 WARNING studio.ingest: rejeitado (licença): pexels_12102022.mp4 — registo de licença inválido: 2 validation errors for LicenseRecord
source
  Input should be 'pexels', 'pixabay', 'wikimedia', 'archive_org', 'youtube_cc' or 'owned' [type=literal_error, input_value='rehydration', input_type=str]
    For further information visit https://errors.pydantic.dev/2.13/v/literal_error
verified_by
  Input should be 'api' or 'manual' [type=literal_error, input_value='manual-rehydration-2026-08-06', input_type=str]
    For further information visit https://errors.pydantic.dev/2.13/v/literal_error
09:04:08 WARNING studio.ingest: rejeitado (licença): pexels_12327828.mp4 — registo de licença inválido: 2 validation errors for LicenseRecord
source
  Input should be 'pexels', 'pixabay', 'wikimedia', 'archive_org', 'youtube_cc' or 'owned' [type=literal_error, input_value='rehydration', input_type=str]
    For further information visit https://errors.pydantic.dev/2.13/v/literal_error
verified_by
  Input should be 'api' or 'manual' [type=literal_error, input_value='manual-rehydration-2026-08-06', input_type=str]
    For further information visit https://errors.pydantic.dev/2.13/v/literal_error
09:04:08 WARNING studio.ingest: rejeitado (licença): pexels_12596050.mp4 — registo de licença inválido: 2 validation errors for LicenseRecord
source
  Input should be 'pexels', 'pixabay', 'wikimedia', 'archive_org', 'youtube_cc' or 'owned' [type=literal_error, input_value='rehydration', input_type=str]
    For further information visit https://errors.pydantic.dev/2.13/v/literal_error
verified_by
  Input should be 'api' or 'manual' [type=literal_error, input_value='manual-rehydration-2026-08-06', input_type=str]
    For further information visit https://errors.pydantic.dev/2.13/v/literal_error
09:04:08 WARNING studio.ingest: rejeitado (licença): pexels_12886092.mp4 — registo de licença inválido: 2 validation errors for LicenseRecord
source
  Input should be 'pexels', 'pixabay', 'wikimedia', 'archive_org', 'youtube_cc' or 'owned' [type=literal_error, input_value='rehydration', input_type=str]
    For further information visit https://errors.pydantic.dev/2.13/v/literal_error
verified_by
  Input should be 'api' or 'manual' [type=literal_error, input_value='manual-rehydration-2026-08-06', input_type=str]
    For further information visit https://errors.pydantic.dev/2.13/v/literal_error
09:04:08 WARNING studio.ingest: rejeitado (licença): pexels_12890902.mp4 — registo de licença inválido: 2 validation errors for LicenseRecord
source
  Input should be 'pexels', 'pixabay', 'wikimedia', 'archive_org', 'youtube_cc' or 'owned' [type=literal_error, input_value='rehydration', input_type=str]
    For further information visit https://errors.pydantic.dev/2.13/v/literal_error
verified_by
  Input should be 'api' or 'manual' [type=literal_error, input_value='manual-rehydration-2026-08-06', input_type=str]
    For further information visit https://errors.pydantic.dev/2.13/v/literal_error
09:04:08 WARNING studio.ingest: rejeitado (licença): pexels_12936381.mp4 — registo de licença inválido: 2 validation errors for LicenseRecord
source
  Input should be 'pexels', 'pixabay', 'wikimedia', 'archive_org', 'youtube_cc' or 'owned' [type=literal_error, input_value='rehydration', input_type=str]
    For further information visit https://errors.pydantic.dev/2.13/v/literal_error
verified_by
  Input should be 'api' or 'manual' [type=literal_error, input_value='manual-rehydration-2026-08-06', input_type=str]
    For further information visit https://errors.pydantic.dev/2.13/v/literal_error
09:04:08 WARNING studio.ingest: rejeitado (licença): pexels_12936383.mp4 — registo de licença inválido: 2 validation errors for LicenseRecord
source
  Input should be 'pexels', 'pixabay', 'wikimedia', 'archive_org', 'youtube_cc' or 'owned' [type=literal_error, input_value='rehydration', input_type=str]
    For further information visit https://errors.pydantic.dev/2.13/v/literal_error
verified_by
  Input should be 'api' or 'manual' [type=literal_error, input_value='manual-rehydration-2026-08-06', input_type=str]
    For further information visit https://errors.pydantic.dev/2.13/v/literal_error
09:04:08 WARNING studio.ingest: rejeitado (licença): pexels_12936385.mp4 — registo de licença inválido: 2 validation errors for LicenseRecord
source
  Input should be 'pexels', 'pixabay', 'wikimedia', 'archive_org', 'youtube_cc' or 'owned' [type=literal_error, input_value='rehydration', input_type=str]
    For further information visit https://errors.pydantic.dev/2.13/v/literal_error
verified_by
  Input should be 'api' or 'manual' [type=literal_error, input_value='manual-rehydration-2026-08-06', input_type=str]
    For further information visit https://errors.pydantic.dev/2.13/v/literal_error
[  40/1075] [rej]   0.0s  shots:+0  pexels_12936385.mp4 (ETA ~0min)
09:04:08 WARNING studio.ingest: rejeitado (licença): pexels_12936394.mp4 — registo de licença inválido: 2 validation errors for LicenseRecord
source
  Input should be 'pexels', 'pixabay', 'wikimedia', 'archive_org', 'youtube_cc' or 'owned' [type=literal_error, input_value='rehydration', input_type=str]
    For further information visit https://errors.pydantic.dev/2.13/v/literal_error
verified_by
  Input should be 'api' or 'manual' [type=literal_error, input_value='manual-rehydration-2026-08-06', input_type=str]
    For further information visit https://errors.pydantic.dev/2.13/v/literal_error
09:04:08 WARNING studio.ingest: rejeitado (licença): pexels_12990030.mp4 — registo de licença inválido: 2 validation errors for LicenseRecord
source
  Input should be 'pexels', 'pixabay', 'wikimedia', 'archive_org', 'youtube_cc' or 'owned' [type=literal_error, input_value='rehydration', input_type=str]
    For further information visit https://errors.pydantic.dev/2.13/v/literal_error
verified_by
  Input should be 'api' or 'manual' [type=literal_error, input_value='manual-rehydration-2026-08-06', input_type=str]
    For further information visit https://errors.pydantic.dev/2.13/v/literal_error
09:04:08 WARNING studio.ingest: rejeitado (licença): pexels_13061609.mp4 — registo de licença inválido: 2 validation errors for LicenseRecord
source
  Input should be 'pexels', 'pixabay', 'wikimedia', 'archive_org', 'youtube_cc' or 'owned' [type=literal_error, input_value='rehydration', input_type=str]
    For further information visit https://errors.pydantic.dev/2.13/v/literal_error
verified_by
  Input should be 'api' or 'manual' [type=literal_error, input_value='manual-rehydration-2026-08-06', input_type=str]
    For further information visit https://errors.pydantic.dev/2.13/v/literal_error
09:04:08 WARNING studio.ingest: rejeitado (licença): pexels_13164376.mp4 — registo de licença inválido: 2 validation errors for LicenseRecord
source
  Input should be 'pexels', 'pixabay', 'wikimedia', 'archive_org', 'youtube_cc' or 'owned' [type=literal_error, input_value='rehydration', input_type=str]
    For further information visit https://errors.pydantic.dev/2.13/v/literal_error
verified_by
  Input should be 'api' or 'manual' [type=literal_error, input_value='manual-rehydration-2026-08-06', input_type=str]
    For further information visit https://errors.pydantic.dev/2.13/v/literal_error
09:04:08 WARNING studio.ingest: rejeitado (licença): pexels_13180799.mp4 — registo de licença inválido: 2 validation errors for LicenseRecord
source
  Input should be 'pexels', 'pixabay', 'wikimedia', 'archive_org', 'youtube_cc' or 'owned' [type=literal_error, input_value='rehydration', input_type=str]
    For further information visit https://errors.pydantic.dev/2.13/v/literal_error
verified_by
  Input should be 'api' or 'manual' [type=literal_error, input_value='manual-rehydration-2026-08-06', input_type=str]
    For further information visit https://errors.pydantic.dev/2.13/v/literal_error
09:04:08 WARNING studio.ingest: rejeitado (licença): pexels_13180800.mp4 — registo de licença inválido: 2 validation errors for LicenseRecord
source
  Input should be 'pexels', 'pixabay', 'wikimedia', 'archive_org', 'youtube_cc' or 'owned' [type=literal_error, input_value='rehydration', input_type=str]
    For further information visit https://errors.pydantic.dev/2.13/v/literal_error
verified_by
  Input should be 'api' or 'manual' [type=literal_error, input_value='manual-rehydration-2026-08-06', input_type=str]
    For further information visit https://errors.pydantic.dev/2.13/v/literal_error
09:04:08 WARNING studio.ingest: rejeitado (licença): pexels_13180801.mp4 — registo de licença inválido: 2 validation errors for LicenseRecord
source
  Input should be 'pexels', 'pixabay', 'wikimedia', 'archive_org', 'youtube_cc' or 'owned' [type=literal_error, input_value='rehydration', input_type=str]
    For further information visit https://errors.pydantic.dev/2.13/v/literal_error
verified_by
  Input should be 'api' or 'manual' [type=literal_error, input_value='manual-rehydration-2026-08-06', input_type=str]
    For further information visit https://errors.pydantic.dev/2.13/v/literal_error
09:04:08 WARNING studio.ingest: rejeitado (licença): pexels_13244547.mp4 — registo de licença inválido: 2 validation errors for LicenseRecord
source
  Input should be 'pexels', 'pixabay', 'wikimedia', 'archive_org', 'youtube_cc' or 'owned' [type=literal_error, input_value='rehydration', input_type=str]
    For further information visit https://errors.pydantic.dev/2.13/v/literal_error
verified_by
  Input should be 'api' or 'manual' [type=literal_error, input_value='manual-rehydration-2026-08-06', input_type=str]
    For further information visit https://errors.pydantic.dev/2.13/v/literal_error
09:04:08 WARNING studio.ingest: rejeitado (licença): pexels_13291841.mp4 — registo de licença inválido: 2 validation errors for LicenseRecord
source
  Input should be 'pexels', 'pixabay', 'wikimedia', 'archive_org', 'youtube_cc' or 'owned' [type=literal_error, input_value='rehydration', input_type=str]
    For further information visit https://errors.pydantic.dev/2.13/v/literal_error
verified_by
  Input should be 'api' or 'manual' [type=literal_error, input_value='manual-rehydration-2026-08-06', input_type=str]
    For further information visit https://errors.pydantic.dev/2.13/v/literal_error
09:04:08 WARNING studio.ingest: rejeitado (licença): pexels_13326452.mp4 — registo de licença inválido: 2 validation errors for LicenseRecord
source
  Input should be 'pexels', 'pixabay', 'wikimedia', 'archive_org', 'youtube_cc' or 'owned' [type=literal_error, input_value='rehydration', input_type=str]
    For further information visit https://errors.pydantic.dev/2.13/v/literal_error
verified_by
  Input should be 'api' or 'manual' [type=literal_error, input_value='manual-rehydration-2026-08-06', input_type=str]
    For further information visit https://errors.pydantic.dev/2.13/v/literal_error
[  50/1075] [rej]   0.0s  shots:+0  pexels_13326452.mp4 (ETA ~0min)
09:04:08 WARNING studio.ingest: rejeitado (licença): pexels_13326453.mp4 — registo de licença inválido: 2 validation errors for LicenseRecord
source
  Input should be 'pexels', 'pixabay', 'wikimedia', 'archive_org', 'youtube_cc' or 'owned' [type=literal_error, input_value='rehydration', input_type=str]
    For further information visit https://errors.pydantic.dev/2.13/v/literal_error
verified_by
  Input should be 'api' or 'manual' [type=literal_error, input_value='manual-rehydration-2026-08-06', input_type=str]
    For further information visit https://errors.pydantic.dev/2.13/v/literal_error
09:04:08 WARNING studio.ingest: rejeitado (licença): pexels_13366657.mp4 — registo de licença inválido: 2 validation errors for LicenseRecord
source
  Input should be 'pexels', 'pixabay', 'wikimedia', 'archive_org', 'youtube_cc' or 'owned' [type=literal_error, input_value='rehydration', input_type=str]
    For further information visit https://errors.pydantic.dev/2.13/v/literal_error
verified_by
  Input should be 'api' or 'manual' [type=literal_error, input_value='manual-rehydration-2026-08-06', input_type=str]
    For further information visit https://errors.pydantic.dev/2.13/v/literal_error
09:04:08 WARNING studio.ingest: rejeitado (licença): pexels_13367529.mp4 — registo de licença inválido: 2 validation errors for LicenseRecord
source
  Input should be 'pexels', 'pixabay', 'wikimedia', 'archive_org', 'youtube_cc' or 'owned' [type=literal_error, input_value='rehydration', input_type=str]
    For further information visit https://errors.pydantic.dev/2.13/v/literal_error
verified_by
  Input should be 'api' or 'manual' [type=literal_error, input_value='manual-rehydration-2026-08-06', input_type=str]
    For further information visit https://errors.pydantic.dev/2.13/v/literal_error
09:04:08 WARNING studio.ingest: rejeitado (licença): pexels_13799170.mp4 — registo de licença inválido: 2 validation errors for LicenseRecord
source
  Input should be 'pexels', 'pixabay', 'wikimedia', 'archive_org', 'youtube_cc' or 'owned' [type=literal_error, input_value='rehydration', input_type=str]
    For further information visit https://errors.pydantic.dev/2.13/v/literal_error
verified_by
  Input should be 'api' or 'manual' [type=literal_error, input_value='manual-rehydration-2026-08-06', input_type=str]
    For further information visit https://errors.pydantic.dev/2.13/v/literal_error
09:04:08 WARNING studio.ingest: rejeitado (licença): pexels_13939576.mp4 — registo de licença inválido: 2 validation errors for LicenseRecord
source
  Input should be 'pexels', 'pixabay', 'wikimedia', 'archive_org', 'youtube_cc' or 'owned' [type=literal_error, input_value='rehydration', input_type=str]
    For further information visit https://errors.pydantic.dev/2.13/v/literal_error
verified_by
  Input should be 'api' or 'manual' [type=literal_error, input_value='manual-rehydration-2026-08-06', input_type=str]
    For further information visit https://errors.pydantic.dev/2.13/v/literal_error
09:04:08 WARNING studio.ingest: rejeitado (licença): pexels_14058821.mp4 — registo de licença inválido: 2 validation errors for LicenseRecord
source
  Input should be 'pexels', 'pixabay', 'wikimedia', 'archive_org', 'youtube_cc' or 'owned' [type=literal_error, input_value='rehydration', input_type=str]
    For further information visit https://errors.pydantic.dev/2.13/v/literal_error
verified_by
  Input should be 'api' or 'manual' [type=literal_error, input_value='manual-rehydration-2026-08-06', input_type=str]
    For further information visit https://errors.pydantic.dev/2.13/v/literal_error
09:04:08 WARNING studio.ingest: rejeitado (licença): pexels_14058827.mp4 — registo de licença inválido: 2 validation errors for LicenseRecord
source
  Input should be 'pexels', 'pixabay', 'wikimedia', 'archive_org', 'youtube_cc' or 'owned' [type=literal_error, input_value='rehydration', input_type=str]
    For further information visit https://errors.pydantic.dev/2.13/v/literal_error
verified_by
  Input should be 'api' or 'manual' [type=literal_error, input_value='manual-rehydration-2026-08-06', input_type=str]
    For further information visit https://errors.pydantic.dev/2.13/v/literal_error
09:04:08 WARNING studio.ingest: rejeitado (licença): pexels_14059867.mp4 — registo de licença inválido: 2 validation errors for LicenseRecord
source
  Input should be 'pexels', 'pixabay', 'wikimedia', 'archive_org', 'youtube_cc' or 'owned' [type=literal_error, input_value='rehydration', input_type=str]
    For further information visit https://errors.pydantic.dev/2.13/v/literal_error
verified_by
  Input should be 'api' or 'manual' [type=literal_error, input_value='manual-rehydration-2026-08-06', input_type=str]
    For further information visit https://errors.pydantic.dev/2.13/v/literal_error
09:04:08 WARNING studio.ingest: rejeitado (licença): pexels_14212406.mp4 — registo de licença inválido: 2 validation errors for LicenseRecord
source
  Input should be 'pexels', 'pixabay', 'wikimedia', 'archive_org', 'youtube_cc' or 'owned' [type=literal_error, input_value='rehydration', input_type=str]
    For further information visit https://errors.pydantic.dev/2.13/v/literal_error
verified_by
  Input should be 'api' or 'manual' [type=literal_error, input_value='manual-rehydration-2026-08-06', input_type=str]
    For further information visit https://errors.pydantic.dev/2.13/v/literal_error
09:04:08 WARNING studio.ingest: rejeitado (licença): pexels_14260653.mp4 — registo de licença inválido: 2 validation errors for LicenseRecord
source
  Input should be 'pexels', 'pixabay', 'wikimedia', 'archive_org', 'youtube_cc' or 'owned' [type=literal_error, input_value='rehydration', input_type=str]
    For further information visit https://errors.pydantic.dev/2.13/v/literal_error
verified_by
  Input should be 'api' or 'manual' [type=literal_error, input_value='manual-rehydration-2026-08-06', input_type=str]
    For further information visit https://errors.pydantic.dev/2.13/v/literal_error
[  60/1075] [rej]   0.0s  shots:+0  pexels_14260653.mp4 (ETA ~0min)
09:04:08 WARNING studio.ingest: rejeitado (licença): pexels_14513264.mp4 — registo de licença inválido: 2 validation errors for LicenseRecord
source
  Input should be 'pexels', 'pixabay', 'wikimedia', 'archive_org', 'youtube_cc' or 'owned' [type=literal_error, input_value='rehydration', input_type=str]
    For further information visit https://errors.pydantic.dev/2.13/v/literal_error
verified_by
  Input should be 'api' or 'manual' [type=literal_error, input_value='manual-rehydration-2026-08-06', input_type=str]
    For further information visit https://errors.pydantic.dev/2.13/v/literal_error
09:04:08 WARNING studio.ingest: rejeitado (licença): pexels_14534442.mp4 — registo de licença inválido: 2 validation errors for LicenseRecord
source
  Input should be 'pexels', 'pixabay', 'wikimedia', 'archive_org', 'youtube_cc' or 'owned' [type=literal_error, input_value='rehydration', input_type=str]
    For further information visit https://errors.pydantic.dev/2.13/v/literal_error
verified_by
  Input should be 'api' or 'manual' [type=literal_error, input_value='manual-rehydration-2026-08-06', input_type=str]
    For further information visit https://errors.pydantic.dev/2.13/v/literal_error
09:04:08 WARNING studio.ingest: rejeitado (licença): pexels_14549980.mp4 — registo de licença inválido: 2 validation errors for LicenseRecord
source
  Input should be 'pexels', 'pixabay', 'wikimedia', 'archive_org', 'youtube_cc' or 'owned' [type=literal_error, input_value='rehydration', input_type=str]
    For further information visit https://errors.pydantic.dev/2.13/v/literal_error
verified_by
  Input should be 'api' or 'manual' [type=literal_error, input_value='manual-rehydration-2026-08-06', input_type=str]
    For further information visit https://errors.pydantic.dev/2.13/v/literal_error
09:04:08 WARNING studio.ingest: rejeitado (licença): pexels_15059952.mp4 — registo de licença inválido: 2 validation errors for LicenseRecord
source
  Input should be 'pexels', 'pixabay', 'wikimedia', 'archive_org', 'youtube_cc' or 'owned' [type=literal_error, input_value='rehydration', input_type=str]
    For further information visit https://errors.pydantic.dev/2.13/v/literal_error
verified_by
  Input should be 'api' or 'manual' [type=literal_error, input_value='manual-rehydration-2026-08-06', input_type=str]
    For further information visit https://errors.pydantic.dev/2.13/v/literal_error
09:04:08 WARNING studio.ingest: rejeitado (licença): pexels_15217967.mp4 — registo de licença inválido: 2 validation errors for LicenseRecord
source
  Input should be 'pexels', 'pixabay', 'wikimedia', 'archive_org', 'youtube_cc' or 'owned' [type=literal_error, input_value='rehydration', input_type=str]
    For further information visit https://errors.pydantic.dev/2.13/v/literal_error
verified_by
  Input should be 'api' or 'manual' [type=literal_error, input_value='manual-rehydration-2026-08-06', input_type=str]
    For further information visit https://errors.pydantic.dev/2.13/v/literal_error
09:04:08 WARNING studio.ingest: rejeitado (licença): pexels_15325960.mp4 — registo de licença inválido: 2 validation errors for LicenseRecord
source
  Input should be 'pexels', 'pixabay', 'wikimedia', 'archive_org', 'youtube_cc' or 'owned' [type=literal_error, input_value='rehydration', input_type=str]
    For further information visit https://errors.pydantic.dev/2.13/v/literal_error
verified_by
  Input should be 'api' or 'manual' [type=literal_error, input_value='manual-rehydration-2026-08-06', input_type=str]
    For further information visit https://errors.pydantic.dev/2.13/v/literal_error
09:04:08 WARNING studio.ingest: rejeitado (licença): pexels_15473671.mp4 — registo de licença inválido: 2 validation errors for LicenseRecord
source
  Input should be 'pexels', 'pixabay', 'wikimedia', 'archive_org', 'youtube_cc' or 'owned' [type=literal_error, input_value='rehydration', input_type=str]
    For further information visit https://errors.pydantic.dev/2.13/v/literal_error
verified_by
  Input should be 'api' or 'manual' [type=literal_error, input_value='manual-rehydration-2026-08-06', input_type=str]
    For further information visit https://errors.pydantic.dev/2.13/v/literal_error
09:04:08 WARNING studio.ingest: rejeitado (licença): pexels_15628492.mp4 — registo de licença inválido: 2 validation errors for LicenseRecord
source
  Input should be 'pexels', 'pixabay', 'wikimedia', 'archive_org', 'youtube_cc' or 'owned' [type=literal_error, input_value='rehydration', input_type=str]
    For further information visit https://errors.pydantic.dev/2.13/v/literal_error
verified_by
  Input should be 'api' or 'manual' [type=literal_error, input_value='manual-rehydration-2026-08-06', input_type=str]
    For further information visit https://errors.pydantic.dev/2.13/v/literal_error
09:04:08 WARNING studio.ingest: rejeitado (licença): pexels_15685923.mp4 — registo de licença inválido: 2 validation errors for LicenseRecord
source
  Input should be 'pexels', 'pixabay', 'wikimedia', 'archive_org', 'youtube_cc' or 'owned' [type=literal_error, input_value='rehydration', input_type=str]
    For further information visit https://errors.pydantic.dev/2.13/v/literal_error
verified_by
  Input should be 'api' or 'manual' [type=literal_error, input_value='manual-rehydration-2026-08-06', input_type=str]
    For further information visit https://errors.pydantic.dev/2.13/v/literal_error
09:04:08 WARNING studio.ingest: rejeitado (licença): pexels_15775322.mp4 — registo de licença inválido: 2 validation errors for LicenseRecord
source
  Input should be 'pexels', 'pixabay', 'wikimedia', 'archive_org', 'youtube_cc' or 'owned' [type=literal_error, input_value='rehydration', input_type=str]
    For further information visit https://errors.pydantic.dev/2.13/v/literal_error
verified_by
  Input should be 'api' or 'manual' [type=literal_error, input_value='manual-rehydration-2026-08-06', input_type=str]
    For further information visit https://errors.pydantic.dev/2.13/v/literal_error
[  70/1075] [rej]   0.0s  shots:+0  pexels_15775322.mp4 (ETA ~0min)
09:04:08 WARNING studio.ingest: rejeitado (licença): pexels_15817861.mp4 — registo de licença inválido: 2 validation errors for LicenseRecord
source
  Input should be 'pexels', 'pixabay', 'wikimedia', 'archive_org', 'youtube_cc' or 'owned' [type=literal_error, input_value='rehydration', input_type=str]
    For further information visit https://errors.pydantic.dev/2.13/v/literal_error
verified_by
  Input should be 'api' or 'manual' [type=literal_error, input_value='manual-rehydration-2026-08-06', input_type=str]
    For further information visit https://errors.pydantic.dev/2.13/v/literal_error
09:04:08 WARNING studio.ingest: rejeitado (licença): pexels_15818376.mp4 — registo de licença inválido: 2 validation errors for LicenseRecord
source
  Input should be 'pexels', 'pixabay', 'wikimedia', 'archive_org', 'youtube_cc' or 'owned' [type=literal_error, input_value='rehydration', input_type=str]
    For further information visit https://errors.pydantic.dev/2.13/v/literal_error
verified_by
  Input should be 'api' or 'manual' [type=literal_error, input_value='manual-rehydration-2026-08-06', input_type=str]
    For further information visit https://errors.pydantic.dev/2.13/v/literal_error
09:04:08 WARNING studio.ingest: rejeitado (licença): pexels_16379851.mp4 — registo de licença inválido: 2 validation errors for LicenseRecord
source
  Input should be 'pexels', 'pixabay', 'wikimedia', 'archive_org', 'youtube_cc' or 'owned' [type=literal_error, input_value='rehydration', input_type=str]
    For further information visit https://errors.pydantic.dev/2.13/v/literal_error
verified_by
  Input should be 'api' or 'manual' [type=literal_error, input_value='manual-rehydration-2026-08-06', input_type=str]
    For further information visit https://errors.pydantic.dev/2.13/v/literal_error
09:04:08 WARNING studio.ingest: rejeitado (licença): pexels_16544580.mp4 — registo de licença inválido: 2 validation errors for LicenseRecord
source
  Input should be 'pexels', 'pixabay', 'wikimedia', 'archive_org', 'youtube_cc' or 'owned' [type=literal_error, input_value='rehydration', input_type=str]
    For further information visit https://errors.pydantic.dev/2.13/v/literal_error
verified_by
  Input should be 'api' or 'manual' [type=literal_error, input_value='manual-rehydration-2026-08-06', input_type=str]
    For further information visit https://errors.pydantic.dev/2.13/v/literal_error
09:04:08 WARNING studio.ingest: rejeitado (licença): pexels_16546304.mp4 — registo de licença inválido: 2 validation errors for LicenseRecord
source
  Input should be 'pexels', 'pixabay', 'wikimedia', 'archive_org', 'youtube_cc' or 'owned' [type=literal_error, input_value='rehydration', input_type=str]
    For further information visit https://errors.pydantic.dev/2.13/v/literal_error
verified_by
  Input should be 'api' or 'manual' [type=literal_error, input_value='manual-rehydration-2026-08-06', input_type=str]
    For further information visit https://errors.pydantic.dev/2.13/v/literal_error
09:04:08 WARNING studio.ingest: rejeitado (licença): pexels_16549909.mp4 — registo de licença inválido: 2 validation errors for LicenseRecord
source
  Input should be 'pexels', 'pixabay', 'wikimedia', 'archive_org', 'youtube_cc' or 'owned' [type=literal_error, input_value='rehydration', input_type=str]
    For further information visit https://errors.pydantic.dev/2.13/v/literal_error
verified_by
  Input should be 'api' or 'manual' [type=literal_error, input_value='manual-rehydration-2026-08-06', input_type=str]
    For further information visit https://errors.pydantic.dev/2.13/v/literal_error
09:04:08 WARNING studio.ingest: rejeitado (licença): pexels_16549912.mp4 — registo de licença inválido: 2 validation errors for LicenseRecord
source
  Input should be 'pexels', 'pixabay', 'wikimedia', 'archive_org', 'youtube_cc' or 'owned' [type=literal_error, input_value='rehydration', input_type=str]
    For further information visit https://errors.pydantic.dev/2.13/v/literal_error
verified_by
  Input should be 'api' or 'manual' [type=literal_error, input_value='manual-rehydration-2026-08-06', input_type=str]
    For further information visit https://errors.pydantic.dev/2.13/v/literal_error
09:04:08 WARNING studio.ingest: rejeitado (licença): pexels_16549914.mp4 — registo de licença inválido: 2 validation errors for LicenseRecord
source
  Input should be 'pexels', 'pixabay', 'wikimedia', 'archive_org', 'youtube_cc' or 'owned' [type=literal_error, input_value='rehydration', input_type=str]
    For further information visit https://errors.pydantic.dev/2.13/v/literal_error
verified_by
  Input should be 'api' or 'manual' [type=literal_error, input_value='manual-rehydration-2026-08-06', input_type=str]
    For further information visit https://errors.pydantic.dev/2.13/v/literal_error
09:04:08 WARNING studio.ingest: rejeitado (licença): pexels_16750639.mp4 — registo de licença inválido: 2 validation errors for LicenseRecord
source
  Input should be 'pexels', 'pixabay', 'wikimedia', 'archive_org', 'youtube_cc' or 'owned' [type=literal_error, input_value='rehydration', input_type=str]
    For further information visit https://errors.pydantic.dev/2.13/v/literal_error
verified_by
  Input should be 'api' or 'manual' [type=literal_error, input_value='manual-rehydration-2026-08-06', input_type=str]
    For further information visit https://errors.pydantic.dev/2.13/v/literal_error
09:04:08 WARNING studio.ingest: rejeitado (licença): pexels_16750640.mp4 — registo de licença inválido: 2 validation errors for LicenseRecord
source
  Input should be 'pexels', 'pixabay', 'wikimedia', 'archive_org', 'youtube_cc' or 'owned' [type=literal_error, input_value='rehydration', input_type=str]
    For further information visit https://errors.pydantic.dev/2.13/v/literal_error
verified_by
  Input should be 'api' or 'manual' [type=literal_error, input_value='manual-rehydration-2026-08-06', input_type=str]
    For further information visit https://errors.pydantic.dev/2.13/v/literal_error
[  80/1075] [rej]   0.0s  shots:+0  pexels_16750640.mp4 (ETA ~0min)
09:04:08 WARNING studio.ingest: rejeitado (licença): pexels_16839362.mp4 — registo de licença inválido: 2 validation errors for LicenseRecord
source
  Input should be 'pexels', 'pixabay', 'wikimedia', 'archive_org', 'youtube_cc' or 'owned' [type=literal_error, input_value='rehydration', input_type=str]
    For further information visit https://errors.pydantic.dev/2.13/v/literal_error
verified_by
  Input should be 'api' or 'manual' [type=literal_error, input_value='manual-rehydration-2026-08-06', input_type=str]
    For further information visit https://errors.pydantic.dev/2.13/v/literal_error
09:04:08 WARNING studio.ingest: rejeitado (licença): pexels_16942684.mp4 — registo de licença inválido: 2 validation errors for LicenseRecord
source
  Input should be 'pexels', 'pixabay', 'wikimedia', 'archive_org', 'youtube_cc' or 'owned' [type=literal_error, input_value='rehydration', input_type=str]
    For further information visit https://errors.pydantic.dev/2.13/v/literal_error
verified_by
  Input should be 'api' or 'manual' [type=literal_error, input_value='manual-rehydration-2026-08-06', input_type=str]
    For further information visit https://errors.pydantic.dev/2.13/v/literal_error
09:04:08 WARNING studio.ingest: rejeitado (licença): pexels_17008645.mp4 — registo de licença inválido: 2 validation errors for LicenseRecord
source
  Input should be 'pexels', 'pixabay', 'wikimedia', 'archive_org', 'youtube_cc' or 'owned' [type=literal_error, input_value='rehydration', input_type=str]
    For further information visit https://errors.pydantic.dev/2.13/v/literal_error
verified_by
  Input should be 'api' or 'manual' [type=literal_error, input_value='manual-rehydration-2026-08-06', input_type=str]
    For further information visit https://errors.pydantic.dev/2.13/v/literal_error
09:04:08 WARNING studio.ingest: rejeitado (licença): pexels_17037805.mp4 — registo de licença inválido: 2 validation errors for LicenseRecord
source
  Input should be 'pexels', 'pixabay', 'wikimedia', 'archive_org', 'youtube_cc' or 'owned' [type=literal_error, input_value='rehydration', input_type=str]
    For further information visit https://errors.pydantic.dev/2.13/v/literal_error
verified_by
  Input should be 'api' or 'manual' [type=literal_error, input_value='manual-rehydration-2026-08-06', input_type=str]
    For further information visit https://errors.pydantic.dev/2.13/v/literal_error
09:04:08 WARNING studio.ingest: rejeitado (licença): pexels_17127582.mp4 — registo de licença inválido: 2 validation errors for LicenseRecord
source
  Input should be 'pexels', 'pixabay', 'wikimedia', 'archive_org', 'youtube_cc' or 'owned' [type=literal_error, input_value='rehydration', input_type=str]
    For further information visit https://errors.pydantic.dev/2.13/v/literal_error
verified_by
  Input should be 'api' or 'manual' [type=literal_error, input_value='manual-rehydration-2026-08-06', input_type=str]
    For further information visit https://errors.pydantic.dev/2.13/v/literal_error
09:04:08 WARNING studio.ingest: rejeitado (licença): pexels_17161937.mp4 — registo de licença inválido: 2 validation errors for LicenseRecord
source
  Input should be 'pexels', 'pixabay', 'wikimedia', 'archive_org', 'youtube_cc' or 'owned' [type=literal_error, input_value='rehydration', input_type=str]
    For further information visit https://errors.pydantic.dev/2.13/v/literal_error
verified_by
  Input should be 'api' or 'manual' [type=literal_error, input_value='manual-rehydration-2026-08-06', input_type=str]
    For further information visit https://errors.pydantic.dev/2.13/v/literal_error
09:04:08 WARNING studio.ingest: rejeitado (licença): pexels_17238464.mp4 — registo de licença inválido: 2 validation errors for LicenseRecord
source
  Input should be 'pexels', 'pixabay', 'wikimedia', 'archive_org', 'youtube_cc' or 'owned' [type=literal_error, input_value='rehydration', input_type=str]
    For further information visit https://errors.pydantic.dev/2.13/v/literal_error
verified_by
  Input should be 'api' or 'manual' [type=literal_error, input_value='manual-rehydration-2026-08-06', input_type=str]
    For further information visit https://errors.pydantic.dev/2.13/v/literal_error
09:04:08 WARNING studio.ingest: rejeitado (licença): pexels_17483919.mp4 — registo de licença inválido: 2 validation errors for LicenseRecord
source
  Input should be 'pexels', 'pixabay', 'wikimedia', 'archive_org', 'youtube_cc' or 'owned' [type=literal_error, input_value='rehydration', input_type=str]
    For further information visit https://errors.pydantic.dev/2.13/v/literal_error
verified_by
  Input should be 'api' or 'manual' [type=literal_error, input_value='manual-rehydration-2026-08-06', input_type=str]
    For further information visit https://errors.pydantic.dev/2.13/v/literal_error
09:04:08 WARNING studio.ingest: rejeitado (licença): pexels_17489505.mp4 — registo de licença inválido: 2 validation errors for LicenseRecord
source
  Input should be 'pexels', 'pixabay', 'wikimedia', 'archive_org', 'youtube_cc' or 'owned' [type=literal_error, input_value='rehydration', input_type=str]
    For further information visit https://errors.pydantic.dev/2.13/v/literal_error
verified_by
  Input should be 'api' or 'manual' [type=literal_error, input_value='manual-rehydration-2026-08-06', input_type=str]
    For further information visit https://errors.pydantic.dev/2.13/v/literal_error
09:04:08 WARNING studio.ingest: rejeitado (licença): pexels_17696122.mp4 — registo de licença inválido: 2 validation errors for LicenseRecord
source
  Input should be 'pexels', 'pixabay', 'wikimedia', 'archive_org', 'youtube_cc' or 'owned' [type=literal_error, input_value='rehydration', input_type=str]
    For further information visit https://errors.pydantic.dev/2.13/v/literal_error
verified_by
  Input should be 'api' or 'manual' [type=literal_error, input_value='manual-rehydration-2026-08-06', input_type=str]
    For further information visit https://errors.pydantic.dev/2.13/v/literal_error
[  90/1075] [rej]   0.0s  shots:+0  pexels_17696122.mp4 (ETA ~0min)
09:04:08 WARNING studio.ingest: rejeitado (licença): pexels_17801495.mp4 — registo de licença inválido: 2 validation errors for LicenseRecord
source
  Input should be 'pexels', 'pixabay', 'wikimedia', 'archive_org', 'youtube_cc' or 'owned' [type=literal_error, input_value='rehydration', input_type=str]
    For further information visit https://errors.pydantic.dev/2.13/v/literal_error
verified_by
  Input should be 'api' or 'manual' [type=literal_error, input_value='manual-rehydration-2026-08-06', input_type=str]
    For further information visit https://errors.pydantic.dev/2.13/v/literal_error
09:04:08 WARNING studio.ingest: rejeitado (licença): pexels_17807865.mp4 — registo de licença inválido: 2 validation errors for LicenseRecord
source
  Input should be 'pexels', 'pixabay', 'wikimedia', 'archive_org', 'youtube_cc' or 'owned' [type=literal_error, input_value='rehydration', input_type=str]
    For further information visit https://errors.pydantic.dev/2.13/v/literal_error
verified_by
  Input should be 'api' or 'manual' [type=literal_error, input_value='manual-rehydration-2026-08-06', input_type=str]
    For further information visit https://errors.pydantic.dev/2.13/v/literal_error
09:04:08 WARNING studio.ingest: rejeitado (licença): pexels_1806151.mp4 — registo de licença inválido: 2 validation errors for LicenseRecord
source
  Input should be 'pexels', 'pixabay', 'wikimedia', 'archive_org', 'youtube_cc' or 'owned' [type=literal_error, input_value='rehydration', input_type=str]
    For further information visit https://errors.pydantic.dev/2.13/v/literal_error
verified_by
  Input should be 'api' or 'manual' [type=literal_error, input_value='manual-rehydration-2026-08-06', input_type=str]
    For further information visit https://errors.pydantic.dev/2.13/v/literal_error
09:04:08 WARNING studio.ingest: rejeitado (licença): pexels_18153408.mp4 — registo de licença inválido: 2 validation errors for LicenseRecord
source
  Input should be 'pexels', 'pixabay', 'wikimedia', 'archive_org', 'youtube_cc' or 'owned' [type=literal_error, input_value='rehydration', input_type=str]
    For further information visit https://errors.pydantic.dev/2.13/v/literal_error
verified_by
  Input should be 'api' or 'manual' [type=literal_error, input_value='manual-rehydration-2026-08-06', input_type=str]
    For further information visit https://errors.pydantic.dev/2.13/v/literal_error
09:04:08 WARNING studio.ingest: rejeitado (licença): pexels_18222742.mp4 — registo de licença inválido: 2 validation errors for LicenseRecord
source
  Input should be 'pexels', 'pixabay', 'wikimedia', 'archive_org', 'youtube_cc' or 'owned' [type=literal_error, input_value='rehydration', input_type=str]
    For further information visit https://errors.pydantic.dev/2.13/v/literal_error
verified_by
  Input should be 'api' or 'manual' [type=literal_error, input_value='manual-rehydration-2026-08-06', input_type=str]
    For further information visit https://errors.pydantic.dev/2.13/v/literal_error
09:04:08 WARNING studio.ingest: rejeitado (licença): pexels_18269298.mp4 — registo de licença inválido: 2 validation errors for LicenseRecord
source
  Input should be 'pexels', 'pixabay', 'wikimedia', 'archive_org', 'youtube_cc' or 'owned' [type=literal_error, input_value='rehydration', input_type=str]
    For further information visit https://errors.pydantic.dev/2.13/v/literal_error
verified_by
  Input should be 'api' or 'manual' [type=literal_error, input_value='manual-rehydration-2026-08-06', input_type=str]
    For further information visit https://errors.pydantic.dev/2.13/v/literal_error
09:04:08 WARNING studio.ingest: rejeitado (licença): pexels_18296891.mp4 — registo de licença inválido: 2 validation errors for LicenseRecord
source
  Input should be 'pexels', 'pixabay', 'wikimedia', 'archive_org', 'youtube_cc' or 'owned' [type=literal_error, input_value='rehydration', input_type=str]
    For further information visit https://errors.pydantic.dev/2.13/v/literal_error
verified_by
  Input should be 'api' or 'manual' [type=literal_error, input_value='manual-rehydration-2026-08-06', input_type=str]
    For further information visit https://errors.pydantic.dev/2.13/v/literal_error
09:04:08 WARNING studio.ingest: rejeitado (licença): pexels_18360941.mp4 — registo de licença inválido: 2 validation errors for LicenseRecord
source
  Input should be 'pexels', 'pixabay', 'wikimedia', 'archive_org', 'youtube_cc' or 'owned' [type=literal_error, input_value='rehydration', input_type=str]
    For further information visit https://errors.pydantic.dev/2.13/v/literal_error
verified_by
  Input should be 'api' or 'manual' [type=literal_error, input_value='manual-rehydration-2026-08-06', input_type=str]
    For further information visit https://errors.pydantic.dev/2.13/v/literal_error
09:04:08 WARNING studio.ingest: rejeitado (licença): pexels_18360942.mp4 — registo de licença inválido: 2 validation errors for LicenseRecord
source
  Input should be 'pexels', 'pixabay', 'wikimedia', 'archive_org', 'youtube_cc' or 'owned' [type=literal_error, input_value='rehydration', input_type=str]
    For further information visit https://errors.pydantic.dev/2.13/v/literal_error
verified_by
  Input should be 'api' or 'manual' [type=literal_error, input_value='manual-rehydration-2026-08-06', input_type=str]
    For further information visit https://errors.pydantic.dev/2.13/v/literal_error
09:04:08 WARNING studio.ingest: rejeitado (licença): pexels_18361041.mp4 — registo de licença inválido: 2 validation errors for LicenseRecord
source
  Input should be 'pexels', 'pixabay', 'wikimedia', 'archive_org', 'youtube_cc' or 'owned' [type=literal_error, input_value='rehydration', input_type=str]
    For further information visit https://errors.pydantic.dev/2.13/v/literal_error
verified_by
  Input should be 'api' or 'manual' [type=literal_error, input_value='manual-rehydration-2026-08-06', input_type=str]
    For further information visit https://errors.pydantic.dev/2.13/v/literal_error
[ 100/1075] [rej]   0.0s  shots:+0  pexels_18361041.mp4 (ETA ~0min)
09:04:08 WARNING studio.ingest: rejeitado (licença): pexels_18420377.mp4 — registo de licença inválido: 2 validation errors for LicenseRecord
source
  Input should be 'pexels', 'pixabay', 'wikimedia', 'archive_org', 'youtube_cc' or 'owned' [type=literal_error, input_value='rehydration', input_type=str]
    For further information visit https://errors.pydantic.dev/2.13/v/literal_error
verified_by
  Input should be 'api' or 'manual' [type=literal_error, input_value='manual-rehydration-2026-08-06', input_type=str]
    For further information visit https://errors.pydantic.dev/2.13/v/literal_error
09:04:08 WARNING studio.ingest: rejeitado (licença): pexels_18572494.mp4 — registo de licença inválido: 2 validation errors for LicenseRecord
source
  Input should be 'pexels', 'pixabay', 'wikimedia', 'archive_org', 'youtube_cc' or 'owned' [type=literal_error, input_value='rehydration', input_type=str]
    For further information visit https://errors.pydantic.dev/2.13/v/literal_error
verified_by
  Input should be 'api' or 'manual' [type=literal_error, input_value='manual-rehydration-2026-08-06', input_type=str]
    For further information visit https://errors.pydantic.dev/2.13/v/literal_error
09:04:08 WARNING studio.ingest: rejeitado (licença): pexels_19016795.mp4 — registo de licença inválido: 2 validation errors for LicenseRecord
source
  Input should be 'pexels', 'pixabay', 'wikimedia', 'archive_org', 'youtube_cc' or 'owned' [type=literal_error, input_value='rehydration', input_type=str]
    For further information visit https://errors.pydantic.dev/2.13/v/literal_error
verified_by
  Input should be 'api' or 'manual' [type=literal_error, input_value='manual-rehydration-2026-08-06', input_type=str]
    For further information visit https://errors.pydantic.dev/2.13/v/literal_error
09:04:08 WARNING studio.ingest: rejeitado (licença): pexels_19016799.mp4 — registo de licença inválido: 2 validation errors for LicenseRecord
source
  Input should be 'pexels', 'pixabay', 'wikimedia', 'archive_org', 'youtube_cc' or 'owned' [type=literal_error, input_value='rehydration', input_type=str]
    For further information visit https://errors.pydantic.dev/2.13/v/literal_error
verified_by
  Input should be 'api' or 'manual' [type=literal_error, input_value='manual-rehydration-2026-08-06', input_type=str]
    For further information visit https://errors.pydantic.dev/2.13/v/literal_error
09:04:08 WARNING studio.ingest: rejeitado (licença): pexels_19229595.mp4 — registo de licença inválido: 2 validation errors for LicenseRecord
source
  Input should be 'pexels', 'pixabay', 'wikimedia', 'archive_org', 'youtube_cc' or 'owned' [type=literal_error, input_value='rehydration', input_type=str]
    For further information visit https://errors.pydantic.dev/2.13/v/literal_error
verified_by
  Input should be 'api' or 'manual' [type=literal_error, input_value='manual-rehydration-2026-08-06', input_type=str]
    For further information visit https://errors.pydantic.dev/2.13/v/literal_error
09:04:08 WARNING studio.ingest: rejeitado (licença): pexels_19286010.mp4 — registo de licença inválido: 2 validation errors for LicenseRecord
source
  Input should be 'pexels', 'pixabay', 'wikimedia', 'archive_org', 'youtube_cc' or 'owned' [type=literal_error, input_value='rehydration', input_type=str]
    For further information visit https://errors.pydantic.dev/2.13/v/literal_error
verified_by
  Input should be 'api' or 'manual' [type=literal_error, input_value='manual-rehydration-2026-08-06', input_type=str]
    For further information visit https://errors.pydantic.dev/2.13/v/literal_error
09:04:08 WARNING studio.ingest: rejeitado (licença): pexels_19331951.mp4 — registo de licença inválido: 2 validation errors for LicenseRecord
source
  Input should be 'pexels', 'pixabay', 'wikimedia', 'archive_org', 'youtube_cc' or 'owned' [type=literal_error, input_value='rehydration', input_type=str]
    For further information visit https://errors.pydantic.dev/2.13/v/literal_error
verified_by
  Input should be 'api' or 'manual' [type=literal_error, input_value='manual-rehydration-2026-08-06', input_type=str]
    For further information visit https://errors.pydantic.dev/2.13/v/literal_error
09:04:08 WARNING studio.ingest: rejeitado (licença): pexels_19558263.mp4 — registo de licença inválido: 2 validation errors for LicenseRecord
source
  Input should be 'pexels', 'pixabay', 'wikimedia', 'archive_org', 'youtube_cc' or 'owned' [type=literal_error, input_value='rehydration', input_type=str]
    For further information visit https://errors.pydantic.dev/2.13/v/literal_error
verified_by
  Input should be 'api' or 'manual' [type=literal_error, input_value='manual-rehydration-2026-08-06', input_type=str]
    For further information visit https://errors.pydantic.dev/2.13/v/literal_error
09:04:08 WARNING studio.ingest: rejeitado (licença): pexels_19685487.mp4 — registo de licença inválido: 2 validation errors for LicenseRecord
source
  Input should be 'pexels', 'pixabay', 'wikimedia', 'archive_org', 'youtube_cc' or 'owned' [type=literal_error, input_value='rehydration', input_type=str]
    For further information visit https://errors.pydantic.dev/2.13/v/literal_error
verified_by
  Input should be 'api' or 'manual' [type=literal_error, input_value='manual-rehydration-2026-08-06', input_type=str]
    For further information visit https://errors.pydantic.dev/2.13/v/literal_error
09:04:08 WARNING studio.ingest: rejeitado (licença): pexels_19685541.mp4 — registo de licença inválido: 2 validation errors for LicenseRecord
source
  Input should be 'pexels', 'pixabay', 'wikimedia', 'archive_org', 'youtube_cc' or 'owned' [type=literal_error, input_value='rehydration', input_type=str]
    For further information visit https://errors.pydantic.dev/2.13/v/literal_error
verified_by
  Input should be 'api' or 'manual' [type=literal_error, input_value='manual-rehydration-2026-08-06', input_type=str]
    For further information visit https://errors.pydantic.dev/2.13/v/literal_error
[ 110/1075] [rej]   0.0s  shots:+0  pexels_19685541.mp4 (ETA ~0min)
09:04:08 WARNING studio.ingest: rejeitado (licença): pexels_19826636.mp4 — registo de licença inválido: 2 validation errors for LicenseRecord
source
  Input should be 'pexels', 'pixabay', 'wikimedia', 'archive_org', 'youtube_cc' or 'owned' [type=literal_error, input_value='rehydration', input_type=str]
    For further information visit https://errors.pydantic.dev/2.13/v/literal_error
verified_by
  Input should be 'api' or 'manual' [type=literal_error, input_value='manual-rehydration-2026-08-06', input_type=str]
    For further information visit https://errors.pydantic.dev/2.13/v/literal_error
09:04:08 WARNING studio.ingest: rejeitado (licença): pexels_19909850.mp4 — registo de licença inválido: 2 validation errors for LicenseRecord
source
  Input should be 'pexels', 'pixabay', 'wikimedia', 'archive_org', 'youtube_cc' or 'owned' [type=literal_error, input_value='rehydration', input_type=str]
    For further information visit https://errors.pydantic.dev/2.13/v/literal_error
verified_by
  Input should be 'api' or 'manual' [type=literal_error, input_value='manual-rehydration-2026-08-06', input_type=str]
    For further information visit https://errors.pydantic.dev/2.13/v/literal_error
09:04:08 WARNING studio.ingest: rejeitado (licença): pexels_19909855.mp4 — registo de licença inválido: 2 validation errors for LicenseRecord
source
  Input should be 'pexels', 'pixabay', 'wikimedia', 'archive_org', 'youtube_cc' or 'owned' [type=literal_error, input_value='rehydration', input_type=str]
    For further information visit https://errors.pydantic.dev/2.13/v/literal_error
verified_by
  Input should be 'api' or 'manual' [type=literal_error, input_value='manual-rehydration-2026-08-06', input_type=str]
    For further information visit https://errors.pydantic.dev/2.13/v/literal_error
09:04:08 WARNING studio.ingest: rejeitado (licença): pexels_19909894.mp4 — registo de licença inválido: 2 validation errors for LicenseRecord
source
  Input should be 'pexels', 'pixabay', 'wikimedia', 'archive_org', 'youtube_cc' or 'owned' [type=literal_error, input_value='rehydration', input_type=str]
    For further information visit https://errors.pydantic.dev/2.13/v/literal_error
verified_by
  Input should be 'api' or 'manual' [type=literal_error, input_value='manual-rehydration-2026-08-06', input_type=str]
    For further information visit https://errors.pydantic.dev/2.13/v/literal_error
09:04:08 WARNING studio.ingest: rejeitado (licença): pexels_20032821.mp4 — registo de licença inválido: 2 validation errors for LicenseRecord
source
  Input should be 'pexels', 'pixabay', 'wikimedia', 'archive_org', 'youtube_cc' or 'owned' [type=literal_error, input_value='rehydration', input_type=str]
    For further information visit https://errors.pydantic.dev/2.13/v/literal_error
verified_by
  Input should be 'api' or 'manual' [type=literal_error, input_value='manual-rehydration-2026-08-06', input_type=str]
    For further information visit https://errors.pydantic.dev/2.13/v/literal_error
09:04:08 WARNING studio.ingest: rejeitado (licença): pexels_20117989.mp4 — registo de licença inválido: 2 validation errors for LicenseRecord
source
  Input should be 'pexels', 'pixabay', 'wikimedia', 'archive_org', 'youtube_cc' or 'owned' [type=literal_error, input_value='rehydration', input_type=str]
    For further information visit https://errors.pydantic.dev/2.13/v/literal_error
verified_by
  Input should be 'api' or 'manual' [type=literal_error, input_value='manual-rehydration-2026-08-06', input_type=str]
    For further information visit https://errors.pydantic.dev/2.13/v/literal_error
09:04:08 WARNING studio.ingest: rejeitado (licença): pexels_20118001.mp4 — registo de licença inválido: 2 validation errors for LicenseRecord
source
  Input should be 'pexels', 'pixabay', 'wikimedia', 'archive_org', 'youtube_cc' or 'owned' [type=literal_error, input_value='rehydration', input_type=str]
    For further information visit https://errors.pydantic.dev/2.13/v/literal_error
verified_by
  Input should be 'api' or 'manual' [type=literal_error, input_value='manual-rehydration-2026-08-06', input_type=str]
    For further information visit https://errors.pydantic.dev/2.13/v/literal_error
09:04:08 WARNING studio.ingest: rejeitado (licença): pexels_20243314.mp4 — registo de licença inválido: 2 validation errors for LicenseRecord
source
  Input should be 'pexels', 'pixabay', 'wikimedia', 'archive_org', 'youtube_cc' or 'owned' [type=literal_error, input_value='rehydration', input_type=str]
    For further information visit https://errors.pydantic.dev/2.13/v/literal_error
verified_by
  Input should be 'api' or 'manual' [type=literal_error, input_value='manual-rehydration-2026-08-06', input_type=str]
    For further information visit https://errors.pydantic.dev/2.13/v/literal_error
09:04:08 WARNING studio.ingest: rejeitado (licença): pexels_20281451.mp4 — registo de licença inválido: 2 validation errors for LicenseRecord
source
  Input should be 'pexels', 'pixabay', 'wikimedia', 'archive_org', 'youtube_cc' or 'owned' [type=literal_error, input_value='rehydration', input_type=str]
    For further information visit https://errors.pydantic.dev/2.13/v/literal_error
verified_by
  Input should be 'api' or 'manual' [type=literal_error, input_value='manual-rehydration-2026-08-06', input_type=str]
    For further information visit https://errors.pydantic.dev/2.13/v/literal_error
09:04:08 WARNING studio.ingest: rejeitado (licença): pexels_20315764.mp4 — registo de licença inválido: 2 validation errors for LicenseRecord
source
  Input should be 'pexels', 'pixabay', 'wikimedia', 'archive_org', 'youtube_cc' or 'owned' [type=literal_error, input_value='rehydration', input_type=str]
    For further information visit https://errors.pydantic.dev/2.13/v/literal_error
verified_by
  Input should be 'api' or 'manual' [type=literal_error, input_value='manual-rehydration-2026-08-06', input_type=str]
    For further information visit https://errors.pydantic.dev/2.13/v/literal_error
[ 120/1075] [rej]   0.0s  shots:+0  pexels_20315764.mp4 (ETA ~0min)
09:04:08 WARNING studio.ingest: rejeitado (licença): pexels_20416784.mp4 — registo de licença inválido: 2 validation errors for LicenseRecord
source
  Input should be 'pexels', 'pixabay', 'wikimedia', 'archive_org', 'youtube_cc' or 'owned' [type=literal_error, input_value='rehydration', input_type=str]
    For further information visit https://errors.pydantic.dev/2.13/v/literal_error
verified_by
  Input should be 'api' or 'manual' [type=literal_error, input_value='manual-rehydration-2026-08-06', input_type=str]
    For further information visit https://errors.pydantic.dev/2.13/v/literal_error
09:04:08 WARNING studio.ingest: rejeitado (licença): pexels_20445096.mp4 — registo de licença inválido: 2 validation errors for LicenseRecord
source
  Input should be 'pexels', 'pixabay', 'wikimedia', 'archive_org', 'youtube_cc' or 'owned' [type=literal_error, input_value='rehydration', input_type=str]
    For further information visit https://errors.pydantic.dev/2.13/v/literal_error
verified_by
  Input should be 'api' or 'manual' [type=literal_error, input_value='manual-rehydration-2026-08-06', input_type=str]
    For further information visit https://errors.pydantic.dev/2.13/v/literal_error
09:04:08 WARNING studio.ingest: rejeitado (licença): pexels_20589891.mp4 — registo de licença inválido: 2 validation errors for LicenseRecord
source
  Input should be 'pexels', 'pixabay', 'wikimedia', 'archive_org', 'youtube_cc' or 'owned' [type=literal_error, input_value='rehydration', input_type=str]
    For further information visit https://errors.pydantic.dev/2.13/v/literal_error
verified_by
  Input should be 'api' or 'manual' [type=literal_error, input_value='manual-rehydration-2026-08-06', input_type=str]
    For further information visit https://errors.pydantic.dev/2.13/v/literal_error
09:04:08 WARNING studio.ingest: rejeitado (licença): pexels_20630971.mp4 — registo de licença inválido: 2 validation errors for LicenseRecord
source
  Input should be 'pexels', 'pixabay', 'wikimedia', 'archive_org', 'youtube_cc' or 'owned' [type=literal_error, input_value='rehydration', input_type=str]
    For further information visit https://errors.pydantic.dev/2.13/v/literal_error
verified_by
  Input should be 'api' or 'manual' [type=literal_error, input_value='manual-rehydration-2026-08-06', input_type=str]
    For further information visit https://errors.pydantic.dev/2.13/v/literal_error
09:04:08 WARNING studio.ingest: rejeitado (licença): pexels_20765683.mp4 — registo de licença inválido: 2 validation errors for LicenseRecord
source
  Input should be 'pexels', 'pixabay', 'wikimedia', 'archive_org', 'youtube_cc' or 'owned' [type=literal_error, input_value='rehydration', input_type=str]
    For further information visit https://errors.pydantic.dev/2.13/v/literal_error
verified_by
  Input should be 'api' or 'manual' [type=literal_error, input_value='manual-rehydration-2026-08-06', input_type=str]
    For further information visit https://errors.pydantic.dev/2.13/v/literal_error
09:04:08 WARNING studio.ingest: rejeitado (licença): pexels_20772454.mp4 — registo de licença inválido: 2 validation errors for LicenseRecord
source
  Input should be 'pexels', 'pixabay', 'wikimedia', 'archive_org', 'youtube_cc' or 'owned' [type=literal_error, input_value='rehydration', input_type=str]
    For further information visit https://errors.pydantic.dev/2.13/v/literal_error
verified_by
  Input should be 'api' or 'manual' [type=literal_error, input_value='manual-rehydration-2026-08-06', input_type=str]
    For further information visit https://errors.pydantic.dev/2.13/v/literal_error
09:04:08 WARNING studio.ingest: rejeitado (licença): pexels_26570791.mp4 — registo de licença inválido: 2 validation errors for LicenseRecord
source
  Input should be 'pexels', 'pixabay', 'wikimedia', 'archive_org', 'youtube_cc' or 'owned' [type=literal_error, input_value='rehydration', input_type=str]
    For further information visit https://errors.pydantic.dev/2.13/v/literal_error
verified_by
  Input should be 'api' or 'manual' [type=literal_error, input_value='manual-rehydration-2026-08-06', input_type=str]
    For further information visit https://errors.pydantic.dev/2.13/v/literal_error
09:04:08 WARNING studio.ingest: rejeitado (licença): pexels_27230342.mp4 — registo de licença inválido: 2 validation errors for LicenseRecord
source
  Input should be 'pexels', 'pixabay', 'wikimedia', 'archive_org', 'youtube_cc' or 'owned' [type=literal_error, input_value='rehydration', input_type=str]
    For further information visit https://errors.pydantic.dev/2.13/v/literal_error
verified_by
  Input should be 'api' or 'manual' [type=literal_error, input_value='manual-rehydration-2026-08-06', input_type=str]
    For further information visit https://errors.pydantic.dev/2.13/v/literal_error
09:04:08 WARNING studio.ingest: rejeitado (licença): pexels_27255641.mp4 — registo de licença inválido: 2 validation errors for LicenseRecord
source
  Input should be 'pexels', 'pixabay', 'wikimedia', 'archive_org', 'youtube_cc' or 'owned' [type=literal_error, input_value='rehydration', input_type=str]
    For further information visit https://errors.pydantic.dev/2.13/v/literal_error
verified_by
  Input should be 'api' or 'manual' [type=literal_error, input_value='manual-rehydration-2026-08-06', input_type=str]
    For further information visit https://errors.pydantic.dev/2.13/v/literal_error
09:04:08 WARNING studio.ingest: rejeitado (licença): pexels_27359930.mp4 — registo de licença inválido: 2 validation errors for LicenseRecord
source
  Input should be 'pexels', 'pixabay', 'wikimedia', 'archive_org', 'youtube_cc' or 'owned' [type=literal_error, input_value='rehydration', input_type=str]
    For further information visit https://errors.pydantic.dev/2.13/v/literal_error
verified_by
  Input should be 'api' or 'manual' [type=literal_error, input_value='manual-rehydration-2026-08-06', input_type=str]
    For further information visit https://errors.pydantic.dev/2.13/v/literal_error
[ 130/1075] [rej]   0.0s  shots:+0  pexels_27359930.mp4 (ETA ~0min)
09:04:08 WARNING studio.ingest: rejeitado (licença): pexels_27404865.mp4 — registo de licença inválido: 2 validation errors for LicenseRecord
source
  Input should be 'pexels', 'pixabay', 'wikimedia', 'archive_org', 'youtube_cc' or 'owned' [type=literal_error, input_value='rehydration', input_type=str]
    For further information visit https://errors.pydantic.dev/2.13/v/literal_error
verified_by
  Input should be 'api' or 'manual' [type=literal_error, input_value='manual-rehydration-2026-08-06', input_type=str]
    For further information visit https://errors.pydantic.dev/2.13/v/literal_error
09:04:08 WARNING studio.ingest: rejeitado (licença): pexels_27404866.mp4 — registo de licença inválido: 2 validation errors for LicenseRecord
source
  Input should be 'pexels', 'pixabay', 'wikimedia', 'archive_org', 'youtube_cc' or 'owned' [type=literal_error, input_value='rehydration', input_type=str]
    For further information visit https://errors.pydantic.dev/2.13/v/literal_error
verified_by
  Input should be 'api' or 'manual' [type=literal_error, input_value='manual-rehydration-2026-08-06', input_type=str]
    For further information visit https://errors.pydantic.dev/2.13/v/literal_error
09:04:08 WARNING studio.ingest: rejeitado (licença): pexels_27404868.mp4 — registo de licença inválido: 2 validation errors for LicenseRecord
source
  Input should be 'pexels', 'pixabay', 'wikimedia', 'archive_org', 'youtube_cc' or 'owned' [type=literal_error, input_value='rehydration', input_type=str]
    For further information visit https://errors.pydantic.dev/2.13/v/literal_error
verified_by
  Input should be 'api' or 'manual' [type=literal_error, input_value='manual-rehydration-2026-08-06', input_type=str]
    For further information visit https://errors.pydantic.dev/2.13/v/literal_error
09:04:08 WARNING studio.ingest: rejeitado (licença): pexels_27404870.mp4 — registo de licença inválido: 2 validation errors for LicenseRecord
source
  Input should be 'pexels', 'pixabay', 'wikimedia', 'archive_org', 'youtube_cc' or 'owned' [type=literal_error, input_value='rehydration', input_type=str]
    For further information visit https://errors.pydantic.dev/2.13/v/literal_error
verified_by
  Input should be 'api' or 'manual' [type=literal_error, input_value='manual-rehydration-2026-08-06', input_type=str]
    For further information visit https://errors.pydantic.dev/2.13/v/literal_error
09:04:08 WARNING studio.ingest: rejeitado (licença): pexels_27404881.mp4 — registo de licença inválido: 2 validation errors for LicenseRecord
source
  Input should be 'pexels', 'pixabay', 'wikimedia', 'archive_org', 'youtube_cc' or 'owned' [type=literal_error, input_value='rehydration', input_type=str]
    For further information visit https://errors.pydantic.dev/2.13/v/literal_error
verified_by
  Input should be 'api' or 'manual' [type=literal_error, input_value='manual-rehydration-2026-08-06', input_type=str]
    For further information visit https://errors.pydantic.dev/2.13/v/literal_error
09:04:08 WARNING studio.ingest: rejeitado (licença): pexels_27404883.mp4 — registo de licença inválido: 2 validation errors for LicenseRecord
source
  Input should be 'pexels', 'pixabay', 'wikimedia', 'archive_org', 'youtube_cc' or 'owned' [type=literal_error, input_value='rehydration', input_type=str]
    For further information visit https://errors.pydantic.dev/2.13/v/literal_error
verified_by
  Input should be 'api' or 'manual' [type=literal_error, input_value='manual-rehydration-2026-08-06', input_type=str]
    For further information visit https://errors.pydantic.dev/2.13/v/literal_error
09:04:08 WARNING studio.ingest: rejeitado (licença): pexels_27404890.mp4 — registo de licença inválido: 2 validation errors for LicenseRecord
source
  Input should be 'pexels', 'pixabay', 'wikimedia', 'archive_org', 'youtube_cc' or 'owned' [type=literal_error, input_value='rehydration', input_type=str]
    For further information visit https://errors.pydantic.dev/2.13/v/literal_error
verified_by
  Input should be 'api' or 'manual' [type=literal_error, input_value='manual-rehydration-2026-08-06', input_type=str]
    For further information visit https://errors.pydantic.dev/2.13/v/literal_error
09:04:08 WARNING studio.ingest: rejeitado (licença): pexels_27404923.mp4 — registo de licença inválido: 2 validation errors for LicenseRecord
source
  Input should be 'pexels', 'pixabay', 'wikimedia', 'archive_org', 'youtube_cc' or 'owned' [type=literal_error, input_value='rehydration', input_type=str]
    For further information visit https://errors.pydantic.dev/2.13/v/literal_error
verified_by
  Input should be 'api' or 'manual' [type=literal_error, input_value='manual-rehydration-2026-08-06', input_type=str]
    For further information visit https://errors.pydantic.dev/2.13/v/literal_error
09:04:08 WARNING studio.ingest: rejeitado (licença): pexels_27405023.mp4 — registo de licença inválido: 2 validation errors for LicenseRecord
source
  Input should be 'pexels', 'pixabay', 'wikimedia', 'archive_org', 'youtube_cc' or 'owned' [type=literal_error, input_value='rehydration', input_type=str]
    For further information visit https://errors.pydantic.dev/2.13/v/literal_error
verified_by
  Input should be 'api' or 'manual' [type=literal_error, input_value='manual-rehydration-2026-08-06', input_type=str]
    For further information visit https://errors.pydantic.dev/2.13/v/literal_error
09:04:08 WARNING studio.ingest: rejeitado (licença): pexels_27405024.mp4 — registo de licença inválido: 2 validation errors for LicenseRecord
source
  Input should be 'pexels', 'pixabay', 'wikimedia', 'archive_org', 'youtube_cc' or 'owned' [type=literal_error, input_value='rehydration', input_type=str]
    For further information visit https://errors.pydantic.dev/2.13/v/literal_error
verified_by
  Input should be 'api' or 'manual' [type=literal_error, input_value='manual-rehydration-2026-08-06', input_type=str]
    For further information visit https://errors.pydantic.dev/2.13/v/literal_error
[ 140/1075] [rej]   0.0s  shots:+0  pexels_27405024.mp4 (ETA ~0min)
09:04:08 WARNING studio.ingest: rejeitado (licença): pexels_27405091.mp4 — registo de licença inválido: 2 validation errors for LicenseRecord
source
  Input should be 'pexels', 'pixabay', 'wikimedia', 'archive_org', 'youtube_cc' or 'owned' [type=literal_error, input_value='rehydration', input_type=str]
    For further information visit https://errors.pydantic.dev/2.13/v/literal_error
verified_by
  Input should be 'api' or 'manual' [type=literal_error, input_value='manual-rehydration-2026-08-06', input_type=str]
    For further information visit https://errors.pydantic.dev/2.13/v/literal_error
09:04:08 WARNING studio.ingest: rejeitado (licença): pexels_27405093.mp4 — registo de licença inválido: 2 validation errors for LicenseRecord
source
  Input should be 'pexels', 'pixabay', 'wikimedia', 'archive_org', 'youtube_cc' or 'owned' [type=literal_error, input_value='rehydration', input_type=str]
    For further information visit https://errors.pydantic.dev/2.13/v/literal_error
verified_by
  Input should be 'api' or 'manual' [type=literal_error, input_value='manual-rehydration-2026-08-06', input_type=str]
    For further information visit https://errors.pydantic.dev/2.13/v/literal_error
09:04:08 WARNING studio.ingest: rejeitado (licença): pexels_27405176.mp4 — registo de licença inválido: 2 validation errors for LicenseRecord
source
  Input should be 'pexels', 'pixabay', 'wikimedia', 'archive_org', 'youtube_cc' or 'owned' [type=literal_error, input_value='rehydration', input_type=str]
    For further information visit https://errors.pydantic.dev/2.13/v/literal_error
verified_by
  Input should be 'api' or 'manual' [type=literal_error, input_value='manual-rehydration-2026-08-06', input_type=str]
    For further information visit https://errors.pydantic.dev/2.13/v/literal_error
09:04:08 WARNING studio.ingest: rejeitado (licença): pexels_27405200.mp4 — registo de licença inválido: 2 validation errors for LicenseRecord
source
  Input should be 'pexels', 'pixabay', 'wikimedia', 'archive_org', 'youtube_cc' or 'owned' [type=literal_error, input_value='rehydration', input_type=str]
    For further information visit https://errors.pydantic.dev/2.13/v/literal_error
verified_by
  Input should be 'api' or 'manual' [type=literal_error, input_value='manual-rehydration-2026-08-06', input_type=str]
    For further information visit https://errors.pydantic.dev/2.13/v/literal_error
09:04:08 WARNING studio.ingest: rejeitado (licença): pexels_27405201.mp4 — registo de licença inválido: 2 validation errors for LicenseRecord
source
  Input should be 'pexels', 'pixabay', 'wikimedia', 'archive_org', 'youtube_cc' or 'owned' [type=literal_error, input_value='rehydration', input_type=str]
    For further information visit https://errors.pydantic.dev/2.13/v/literal_error
verified_by
  Input should be 'api' or 'manual' [type=literal_error, input_value='manual-rehydration-2026-08-06', input_type=str]
    For further information visit https://errors.pydantic.dev/2.13/v/literal_error
09:04:08 WARNING studio.ingest: rejeitado (licença): pexels_27405214.mp4 — registo de licença inválido: 2 validation errors for LicenseRecord
source
  Input should be 'pexels', 'pixabay', 'wikimedia', 'archive_org', 'youtube_cc' or 'owned' [type=literal_error, input_value='rehydration', input_type=str]
    For further information visit https://errors.pydantic.dev/2.13/v/literal_error
verified_by
  Input should be 'api' or 'manual' [type=literal_error, input_value='manual-rehydration-2026-08-06', input_type=str]
    For further information visit https://errors.pydantic.dev/2.13/v/literal_error
09:04:08 WARNING studio.ingest: rejeitado (licença): pexels_27405278.mp4 — registo de licença inválido: 2 validation errors for LicenseRecord
source
  Input should be 'pexels', 'pixabay', 'wikimedia', 'archive_org', 'youtube_cc' or 'owned' [type=literal_error, input_value='rehydration', input_type=str]
    For further information visit https://errors.pydantic.dev/2.13/v/literal_error
verified_by
  Input should be 'api' or 'manual' [type=literal_error, input_value='manual-rehydration-2026-08-06', input_type=str]
    For further information visit https://errors.pydantic.dev/2.13/v/literal_error
09:04:08 WARNING studio.ingest: rejeitado (licença): pexels_27405291.mp4 — registo de licença inválido: 2 validation errors for LicenseRecord
source
  Input should be 'pexels', 'pixabay', 'wikimedia', 'archive_org', 'youtube_cc' or 'owned' [type=literal_error, input_value='rehydration', input_type=str]
    For further information visit https://errors.pydantic.dev/2.13/v/literal_error
verified_by
  Input should be 'api' or 'manual' [type=literal_error, input_value='manual-rehydration-2026-08-06', input_type=str]
    For further information visit https://errors.pydantic.dev/2.13/v/literal_error
09:04:08 WARNING studio.ingest: rejeitado (licença): pexels_27535839.mp4 — registo de licença inválido: 2 validation errors for LicenseRecord
source
  Input should be 'pexels', 'pixabay', 'wikimedia', 'archive_org', 'youtube_cc' or 'owned' [type=literal_error, input_value='rehydration', input_type=str]
    For further information visit https://errors.pydantic.dev/2.13/v/literal_error
verified_by
  Input should be 'api' or 'manual' [type=literal_error, input_value='manual-rehydration-2026-08-06', input_type=str]
    For further information visit https://errors.pydantic.dev/2.13/v/literal_error
09:04:08 WARNING studio.ingest: rejeitado (licença): pexels_27535847.mp4 — registo de licença inválido: 2 validation errors for LicenseRecord
source
  Input should be 'pexels', 'pixabay', 'wikimedia', 'archive_org', 'youtube_cc' or 'owned' [type=literal_error, input_value='rehydration', input_type=str]
    For further information visit https://errors.pydantic.dev/2.13/v/literal_error
verified_by
  Input should be 'api' or 'manual' [type=literal_error, input_value='manual-rehydration-2026-08-06', input_type=str]
    For further information visit https://errors.pydantic.dev/2.13/v/literal_error
[ 150/1075] [rej]   0.0s  shots:+0  pexels_27535847.mp4 (ETA ~0min)
09:04:08 WARNING studio.ingest: rejeitado (licença): pexels_27590038.mp4 — registo de licença inválido: 2 validation errors for LicenseRecord
source
  Input should be 'pexels', 'pixabay', 'wikimedia', 'archive_org', 'youtube_cc' or 'owned' [type=literal_error, input_value='rehydration', input_type=str]
    For further information visit https://errors.pydantic.dev/2.13/v/literal_error
verified_by
  Input should be 'api' or 'manual' [type=literal_error, input_value='manual-rehydration-2026-08-06', input_type=str]
    For further information visit https://errors.pydantic.dev/2.13/v/literal_error
09:04:08 WARNING studio.ingest: rejeitado (licença): pexels_27609386.mp4 — registo de licença inválido: 2 validation errors for LicenseRecord
source
  Input should be 'pexels', 'pixabay', 'wikimedia', 'archive_org', 'youtube_cc' or 'owned' [type=literal_error, input_value='rehydration', input_type=str]
    For further information visit https://errors.pydantic.dev/2.13/v/literal_error
verified_by
  Input should be 'api' or 'manual' [type=literal_error, input_value='manual-rehydration-2026-08-06', input_type=str]
    For further information visit https://errors.pydantic.dev/2.13/v/literal_error
09:04:08 WARNING studio.ingest: rejeitado (licença): pexels_27609400.mp4 — registo de licença inválido: 2 validation errors for LicenseRecord
source
  Input should be 'pexels', 'pixabay', 'wikimedia', 'archive_org', 'youtube_cc' or 'owned' [type=literal_error, input_value='rehydration', input_type=str]
    For further information visit https://errors.pydantic.dev/2.13/v/literal_error
verified_by
  Input should be 'api' or 'manual' [type=literal_error, input_value='manual-rehydration-2026-08-06', input_type=str]
    For further information visit https://errors.pydantic.dev/2.13/v/literal_error
09:04:08 WARNING studio.ingest: rejeitado (licença): pexels_27675568.mp4 — registo de licença inválido: 2 validation errors for LicenseRecord
source
  Input should be 'pexels', 'pixabay', 'wikimedia', 'archive_org', 'youtube_cc' or 'owned' [type=literal_error, input_value='rehydration', input_type=str]
    For further information visit https://errors.pydantic.dev/2.13/v/literal_error
verified_by
  Input should be 'api' or 'manual' [type=literal_error, input_value='manual-rehydration-2026-08-06', input_type=str]
    For further information visit https://errors.pydantic.dev/2.13/v/literal_error
09:04:08 WARNING studio.ingest: rejeitado (licença): pexels_27739611.mp4 — registo de licença inválido: 2 validation errors for LicenseRecord
source
  Input should be 'pexels', 'pixabay', 'wikimedia', 'archive_org', 'youtube_cc' or 'owned' [type=literal_error, input_value='rehydration', input_type=str]
    For further information visit https://errors.pydantic.dev/2.13/v/literal_error
verified_by
  Input should be 'api' or 'manual' [type=literal_error, input_value='manual-rehydration-2026-08-06', input_type=str]
    For further information visit https://errors.pydantic.dev/2.13/v/literal_error
09:04:08 WARNING studio.ingest: rejeitado (licença): pexels_27824156.mp4 — registo de licença inválido: 2 validation errors for LicenseRecord
source
  Input should be 'pexels', 'pixabay', 'wikimedia', 'archive_org', 'youtube_cc' or 'owned' [type=literal_error, input_value='rehydration', input_type=str]
    For further information visit https://errors.pydantic.dev/2.13/v/literal_error
verified_by
  Input should be 'api' or 'manual' [type=literal_error, input_value='manual-rehydration-2026-08-06', input_type=str]
    For further information visit https://errors.pydantic.dev/2.13/v/literal_error
09:04:08 WARNING studio.ingest: rejeitado (licença): pexels_27824166.mp4 — registo de licença inválido: 2 validation errors for LicenseRecord
source
  Input should be 'pexels', 'pixabay', 'wikimedia', 'archive_org', 'youtube_cc' or 'owned' [type=literal_error, input_value='rehydration', input_type=str]
    For further information visit https://errors.pydantic.dev/2.13/v/literal_error
verified_by
  Input should be 'api' or 'manual' [type=literal_error, input_value='manual-rehydration-2026-08-06', input_type=str]
    For further information visit https://errors.pydantic.dev/2.13/v/literal_error
09:04:08 WARNING studio.ingest: rejeitado (licença): pexels_27824806.mp4 — registo de licença inválido: 2 validation errors for LicenseRecord
source
  Input should be 'pexels', 'pixabay', 'wikimedia', 'archive_org', 'youtube_cc' or 'owned' [type=literal_error, input_value='rehydration', input_type=str]
    For further information visit https://errors.pydantic.dev/2.13/v/literal_error
verified_by
  Input should be 'api' or 'manual' [type=literal_error, input_value='manual-rehydration-2026-08-06', input_type=str]
    For further information visit https://errors.pydantic.dev/2.13/v/literal_error
09:04:08 WARNING studio.ingest: rejeitado (licença): pexels_27825364.mp4 — registo de licença inválido: 2 validation errors for LicenseRecord
source
  Input should be 'pexels', 'pixabay', 'wikimedia', 'archive_org', 'youtube_cc' or 'owned' [type=literal_error, input_value='rehydration', input_type=str]
    For further information visit https://errors.pydantic.dev/2.13/v/literal_error
verified_by
  Input should be 'api' or 'manual' [type=literal_error, input_value='manual-rehydration-2026-08-06', input_type=str]
    For further information visit https://errors.pydantic.dev/2.13/v/literal_error
09:04:08 WARNING studio.ingest: rejeitado (licença): pexels_27825845.mp4 — registo de licença inválido: 2 validation errors for LicenseRecord
source
  Input should be 'pexels', 'pixabay', 'wikimedia', 'archive_org', 'youtube_cc' or 'owned' [type=literal_error, input_value='rehydration', input_type=str]
    For further information visit https://errors.pydantic.dev/2.13/v/literal_error
verified_by
  Input should be 'api' or 'manual' [type=literal_error, input_value='manual-rehydration-2026-08-06', input_type=str]
    For further information visit https://errors.pydantic.dev/2.13/v/literal_error
[ 160/1075] [rej]   0.0s  shots:+0  pexels_27825845.mp4 (ETA ~0min)
09:04:08 WARNING studio.ingest: rejeitado (licença): pexels_27911059.mp4 — registo de licença inválido: 2 validation errors for LicenseRecord
source
  Input should be 'pexels', 'pixabay', 'wikimedia', 'archive_org', 'youtube_cc' or 'owned' [type=literal_error, input_value='rehydration', input_type=str]
    For further information visit https://errors.pydantic.dev/2.13/v/literal_error
verified_by
  Input should be 'api' or 'manual' [type=literal_error, input_value='manual-rehydration-2026-08-06', input_type=str]
    For further information visit https://errors.pydantic.dev/2.13/v/literal_error
09:04:08 WARNING studio.ingest: rejeitado (licença): pexels_27936605.mp4 — registo de licença inválido: 2 validation errors for LicenseRecord
source
  Input should be 'pexels', 'pixabay', 'wikimedia', 'archive_org', 'youtube_cc' or 'owned' [type=literal_error, input_value='rehydration', input_type=str]
    For further information visit https://errors.pydantic.dev/2.13/v/literal_error
verified_by
  Input should be 'api' or 'manual' [type=literal_error, input_value='manual-rehydration-2026-08-06', input_type=str]
    For further information visit https://errors.pydantic.dev/2.13/v/literal_error
09:04:08 WARNING studio.ingest: rejeitado (licença): pexels_27956814.mp4 — registo de licença inválido: 2 validation errors for LicenseRecord
source
  Input should be 'pexels', 'pixabay', 'wikimedia', 'archive_org', 'youtube_cc' or 'owned' [type=literal_error, input_value='rehydration', input_type=str]
    For further information visit https://errors.pydantic.dev/2.13/v/literal_error
verified_by
  Input should be 'api' or 'manual' [type=literal_error, input_value='manual-rehydration-2026-08-06', input_type=str]
    For further information visit https://errors.pydantic.dev/2.13/v/literal_error
09:04:08 WARNING studio.ingest: rejeitado (licença): pexels_2809106.mp4 — registo de licença inválido: 2 validation errors for LicenseRecord
source
  Input should be 'pexels', 'pixabay', 'wikimedia', 'archive_org', 'youtube_cc' or 'owned' [type=literal_error, input_value='rehydration', input_type=str]
    For further information visit https://errors.pydantic.dev/2.13/v/literal_error
verified_by
  Input should be 'api' or 'manual' [type=literal_error, input_value='manual-rehydration-2026-08-06', input_type=str]
    For further information visit https://errors.pydantic.dev/2.13/v/literal_error
09:04:08 WARNING studio.ingest: rejeitado (licença): pexels_28185245.mp4 — registo de licença inválido: 2 validation errors for LicenseRecord
source
  Input should be 'pexels', 'pixabay', 'wikimedia', 'archive_org', 'youtube_cc' or 'owned' [type=literal_error, input_value='rehydration', input_type=str]
    For further information visit https://errors.pydantic.dev/2.13/v/literal_error
verified_by
  Input should be 'api' or 'manual' [type=literal_error, input_value='manual-rehydration-2026-08-06', input_type=str]
    For further information visit https://errors.pydantic.dev/2.13/v/literal_error
09:04:08 WARNING studio.ingest: rejeitado (licença): pexels_28222957.mp4 — registo de licença inválido: 2 validation errors for LicenseRecord
source
  Input should be 'pexels', 'pixabay', 'wikimedia', 'archive_org', 'youtube_cc' or 'owned' [type=literal_error, input_value='rehydration', input_type=str]
    For further information visit https://errors.pydantic.dev/2.13/v/literal_error
verified_by
  Input should be 'api' or 'manual' [type=literal_error, input_value='manual-rehydration-2026-08-06', input_type=str]
    For further information visit https://errors.pydantic.dev/2.13/v/literal_error
09:04:08 WARNING studio.ingest: rejeitado (licença): pexels_28350374.mp4 — registo de licença inválido: 2 validation errors for LicenseRecord
source
  Input should be 'pexels', 'pixabay', 'wikimedia', 'archive_org', 'youtube_cc' or 'owned' [type=literal_error, input_value='rehydration', input_type=str]
    For further information visit https://errors.pydantic.dev/2.13/v/literal_error
verified_by
  Input should be 'api' or 'manual' [type=literal_error, input_value='manual-rehydration-2026-08-06', input_type=str]
    For further information visit https://errors.pydantic.dev/2.13/v/literal_error
09:04:08 WARNING studio.ingest: rejeitado (licença): pexels_28426412.mp4 — registo de licença inválido: 2 validation errors for LicenseRecord
source
  Input should be 'pexels', 'pixabay', 'wikimedia', 'archive_org', 'youtube_cc' or 'owned' [type=literal_error, input_value='rehydration', input_type=str]
    For further information visit https://errors.pydantic.dev/2.13/v/literal_error
verified_by
  Input should be 'api' or 'manual' [type=literal_error, input_value='manual-rehydration-2026-08-06', input_type=str]
    For further information visit https://errors.pydantic.dev/2.13/v/literal_error
09:04:08 WARNING studio.ingest: rejeitado (licença): pexels_28529397.mp4 — registo de licença inválido: 2 validation errors for LicenseRecord
source
  Input should be 'pexels', 'pixabay', 'wikimedia', 'archive_org', 'youtube_cc' or 'owned' [type=literal_error, input_value='rehydration', input_type=str]
    For further information visit https://errors.pydantic.dev/2.13/v/literal_error
verified_by
  Input should be 'api' or 'manual' [type=literal_error, input_value='manual-rehydration-2026-08-06', input_type=str]
    For further information visit https://errors.pydantic.dev/2.13/v/literal_error
09:04:08 WARNING studio.ingest: rejeitado (licença): pexels_28529422.mp4 — registo de licença inválido: 2 validation errors for LicenseRecord
source
  Input should be 'pexels', 'pixabay', 'wikimedia', 'archive_org', 'youtube_cc' or 'owned' [type=literal_error, input_value='rehydration', input_type=str]
    For further information visit https://errors.pydantic.dev/2.13/v/literal_error
verified_by
  Input should be 'api' or 'manual' [type=literal_error, input_value='manual-rehydration-2026-08-06', input_type=str]
    For further information visit https://errors.pydantic.dev/2.13/v/literal_error
[ 170/1075] [rej]   0.0s  shots:+0  pexels_28529422.mp4 (ETA ~0min)
09:04:08 WARNING studio.ingest: rejeitado (licença): pexels_28529423.mp4 — registo de licença inválido: 2 validation errors for LicenseRecord
source
  Input should be 'pexels', 'pixabay', 'wikimedia', 'archive_org', 'youtube_cc' or 'owned' [type=literal_error, input_value='rehydration', input_type=str]
    For further information visit https://errors.pydantic.dev/2.13/v/literal_error
verified_by
  Input should be 'api' or 'manual' [type=literal_error, input_value='manual-rehydration-2026-08-06', input_type=str]
    For further information visit https://errors.pydantic.dev/2.13/v/literal_error
09:04:08 WARNING studio.ingest: rejeitado (licença): pexels_28529424.mp4 — registo de licença inválido: 2 validation errors for LicenseRecord
source
  Input should be 'pexels', 'pixabay', 'wikimedia', 'archive_org', 'youtube_cc' or 'owned' [type=literal_error, input_value='rehydration', input_type=str]
    For further information visit https://errors.pydantic.dev/2.13/v/literal_error
verified_by
  Input should be 'api' or 'manual' [type=literal_error, input_value='manual-rehydration-2026-08-06', input_type=str]
    For further information visit https://errors.pydantic.dev/2.13/v/literal_error
09:04:08 WARNING studio.ingest: rejeitado (licença): pexels_28529425.mp4 — registo de licença inválido: 2 validation errors for LicenseRecord
source
  Input should be 'pexels', 'pixabay', 'wikimedia', 'archive_org', 'youtube_cc' or 'owned' [type=literal_error, input_value='rehydration', input_type=str]
    For further information visit https://errors.pydantic.dev/2.13/v/literal_error
verified_by
  Input should be 'api' or 'manual' [type=literal_error, input_value='manual-rehydration-2026-08-06', input_type=str]
    For further information visit https://errors.pydantic.dev/2.13/v/literal_error
09:04:08 WARNING studio.ingest: rejeitado (licença): pexels_28543809.mp4 — registo de licença inválido: 2 validation errors for LicenseRecord
source
  Input should be 'pexels', 'pixabay', 'wikimedia', 'archive_org', 'youtube_cc' or 'owned' [type=literal_error, input_value='rehydration', input_type=str]
    For further information visit https://errors.pydantic.dev/2.13/v/literal_error
verified_by
  Input should be 'api' or 'manual' [type=literal_error, input_value='manual-rehydration-2026-08-06', input_type=str]
    For further information visit https://errors.pydantic.dev/2.13/v/literal_error
09:04:08 WARNING studio.ingest: rejeitado (licença): pexels_28543810.mp4 — registo de licença inválido: 2 validation errors for LicenseRecord
source
  Input should be 'pexels', 'pixabay', 'wikimedia', 'archive_org', 'youtube_cc' or 'owned' [type=literal_error, input_value='rehydration', input_type=str]
    For further information visit https://errors.pydantic.dev/2.13/v/literal_error
verified_by
  Input should be 'api' or 'manual' [type=literal_error, input_value='manual-rehydration-2026-08-06', input_type=str]
    For further information visit https://errors.pydantic.dev/2.13/v/literal_error
09:04:08 WARNING studio.ingest: rejeitado (licença): pexels_28543822.mp4 — registo de licença inválido: 2 validation errors for LicenseRecord
source
  Input should be 'pexels', 'pixabay', 'wikimedia', 'archive_org', 'youtube_cc' or 'owned' [type=literal_error, input_value='rehydration', input_type=str]
    For further information visit https://errors.pydantic.dev/2.13/v/literal_error
verified_by
  Input should be 'api' or 'manual' [type=literal_error, input_value='manual-rehydration-2026-08-06', input_type=str]
    For further information visit https://errors.pydantic.dev/2.13/v/literal_error
09:04:08 WARNING studio.ingest: rejeitado (licença): pexels_28543826.mp4 — registo de licença inválido: 2 validation errors for LicenseRecord
source
  Input should be 'pexels', 'pixabay', 'wikimedia', 'archive_org', 'youtube_cc' or 'owned' [type=literal_error, input_value='rehydration', input_type=str]
    For further information visit https://errors.pydantic.dev/2.13/v/literal_error
verified_by
  Input should be 'api' or 'manual' [type=literal_error, input_value='manual-rehydration-2026-08-06', input_type=str]
    For further information visit https://errors.pydantic.dev/2.13/v/literal_error
09:04:08 WARNING studio.ingest: rejeitado (licença): pexels_28557958.mp4 — registo de licença inválido: 2 validation errors for LicenseRecord
source
  Input should be 'pexels', 'pixabay', 'wikimedia', 'archive_org', 'youtube_cc' or 'owned' [type=literal_error, input_value='rehydration', input_type=str]
    For further information visit https://errors.pydantic.dev/2.13/v/literal_error
verified_by
  Input should be 'api' or 'manual' [type=literal_error, input_value='manual-rehydration-2026-08-06', input_type=str]
    For further information visit https://errors.pydantic.dev/2.13/v/literal_error
09:04:08 WARNING studio.ingest: rejeitado (licença): pexels_28557967.mp4 — registo de licença inválido: 2 validation errors for LicenseRecord
source
  Input should be 'pexels', 'pixabay', 'wikimedia', 'archive_org', 'youtube_cc' or 'owned' [type=literal_error, input_value='rehydration', input_type=str]
    For further information visit https://errors.pydantic.dev/2.13/v/literal_error
verified_by
  Input should be 'api' or 'manual' [type=literal_error, input_value='manual-rehydration-2026-08-06', input_type=str]
    For further information visit https://errors.pydantic.dev/2.13/v/literal_error
09:04:08 WARNING studio.ingest: rejeitado (licença): pexels_28672916.mp4 — registo de licença inválido: 2 validation errors for LicenseRecord
source
  Input should be 'pexels', 'pixabay', 'wikimedia', 'archive_org', 'youtube_cc' or 'owned' [type=literal_error, input_value='rehydration', input_type=str]
    For further information visit https://errors.pydantic.dev/2.13/v/literal_error
verified_by
  Input should be 'api' or 'manual' [type=literal_error, input_value='manual-rehydration-2026-08-06', input_type=str]
    For further information visit https://errors.pydantic.dev/2.13/v/literal_error
[ 180/1075] [rej]   0.0s  shots:+0  pexels_28672916.mp4 (ETA ~0min)
09:04:08 WARNING studio.ingest: rejeitado (licença): pexels_28672924.mp4 — registo de licença inválido: 2 validation errors for LicenseRecord
source
  Input should be 'pexels', 'pixabay', 'wikimedia', 'archive_org', 'youtube_cc' or 'owned' [type=literal_error, input_value='rehydration', input_type=str]
    For further information visit https://errors.pydantic.dev/2.13/v/literal_error
verified_by
  Input should be 'api' or 'manual' [type=literal_error, input_value='manual-rehydration-2026-08-06', input_type=str]
    For further information visit https://errors.pydantic.dev/2.13/v/literal_error
09:04:08 WARNING studio.ingest: rejeitado (licença): pexels_28731916.mp4 — registo de licença inválido: 2 validation errors for LicenseRecord
source
  Input should be 'pexels', 'pixabay', 'wikimedia', 'archive_org', 'youtube_cc' or 'owned' [type=literal_error, input_value='rehydration', input_type=str]
    For further information visit https://errors.pydantic.dev/2.13/v/literal_error
verified_by
  Input should be 'api' or 'manual' [type=literal_error, input_value='manual-rehydration-2026-08-06', input_type=str]
    For further information visit https://errors.pydantic.dev/2.13/v/literal_error
09:04:08 WARNING studio.ingest: rejeitado (licença): pexels_2882088.mp4 — registo de licença inválido: 2 validation errors for LicenseRecord
source
  Input should be 'pexels', 'pixabay', 'wikimedia', 'archive_org', 'youtube_cc' or 'owned' [type=literal_error, input_value='rehydration', input_type=str]
    For further information visit https://errors.pydantic.dev/2.13/v/literal_error
verified_by
  Input should be 'api' or 'manual' [type=literal_error, input_value='manual-rehydration-2026-08-06', input_type=str]
    For further information visit https://errors.pydantic.dev/2.13/v/literal_error
09:04:08 WARNING studio.ingest: rejeitado (licença): pexels_2882090.mp4 — registo de licença inválido: 2 validation errors for LicenseRecord
source
  Input should be 'pexels', 'pixabay', 'wikimedia', 'archive_org', 'youtube_cc' or 'owned' [type=literal_error, input_value='rehydration', input_type=str]
    For further information visit https://errors.pydantic.dev/2.13/v/literal_error
verified_by
  Input should be 'api' or 'manual' [type=literal_error, input_value='manual-rehydration-2026-08-06', input_type=str]
    For further information visit https://errors.pydantic.dev/2.13/v/literal_error
09:04:08 WARNING studio.ingest: rejeitado (licença): pexels_28925811.mp4 — registo de licença inválido: 2 validation errors for LicenseRecord
source
  Input should be 'pexels', 'pixabay', 'wikimedia', 'archive_org', 'youtube_cc' or 'owned' [type=literal_error, input_value='rehydration', input_type=str]
    For further information visit https://errors.pydantic.dev/2.13/v/literal_error
verified_by
  Input should be 'api' or 'manual' [type=literal_error, input_value='manual-rehydration-2026-08-06', input_type=str]
    For further information visit https://errors.pydantic.dev/2.13/v/literal_error
09:04:08 WARNING studio.ingest: rejeitado (licença): pexels_2894882.mp4 — registo de licença inválido: 2 validation errors for LicenseRecord
source
  Input should be 'pexels', 'pixabay', 'wikimedia', 'archive_org', 'youtube_cc' or 'owned' [type=literal_error, input_value='rehydration', input_type=str]
    For further information visit https://errors.pydantic.dev/2.13/v/literal_error
verified_by
  Input should be 'api' or 'manual' [type=literal_error, input_value='manual-rehydration-2026-08-06', input_type=str]
    For further information visit https://errors.pydantic.dev/2.13/v/literal_error
09:04:08 WARNING studio.ingest: rejeitado (licença): pexels_29055574.mp4 — registo de licença inválido: 2 validation errors for LicenseRecord
source
  Input should be 'pexels', 'pixabay', 'wikimedia', 'archive_org', 'youtube_cc' or 'owned' [type=literal_error, input_value='rehydration', input_type=str]
    For further information visit https://errors.pydantic.dev/2.13/v/literal_error
verified_by
  Input should be 'api' or 'manual' [type=literal_error, input_value='manual-rehydration-2026-08-06', input_type=str]
    For further information visit https://errors.pydantic.dev/2.13/v/literal_error
09:04:08 WARNING studio.ingest: rejeitado (licença): pexels_29083757.mp4 — registo de licença inválido: 2 validation errors for LicenseRecord
source
  Input should be 'pexels', 'pixabay', 'wikimedia', 'archive_org', 'youtube_cc' or 'owned' [type=literal_error, input_value='rehydration', input_type=str]
    For further information visit https://errors.pydantic.dev/2.13/v/literal_error
verified_by
  Input should be 'api' or 'manual' [type=literal_error, input_value='manual-rehydration-2026-08-06', input_type=str]
    For further information visit https://errors.pydantic.dev/2.13/v/literal_error
09:04:08 WARNING studio.ingest: rejeitado (licença): pexels_29135772.mp4 — registo de licença inválido: 2 validation errors for LicenseRecord
source
  Input should be 'pexels', 'pixabay', 'wikimedia', 'archive_org', 'youtube_cc' or 'owned' [type=literal_error, input_value='rehydration', input_type=str]
    For further information visit https://errors.pydantic.dev/2.13/v/literal_error
verified_by
  Input should be 'api' or 'manual' [type=literal_error, input_value='manual-rehydration-2026-08-06', input_type=str]
    For further information visit https://errors.pydantic.dev/2.13/v/literal_error
09:04:08 WARNING studio.ingest: rejeitado (licença): pexels_29241899.mp4 — registo de licença inválido: 2 validation errors for LicenseRecord
source
  Input should be 'pexels', 'pixabay', 'wikimedia', 'archive_org', 'youtube_cc' or 'owned' [type=literal_error, input_value='rehydration', input_type=str]
    For further information visit https://errors.pydantic.dev/2.13/v/literal_error
verified_by
  Input should be 'api' or 'manual' [type=literal_error, input_value='manual-rehydration-2026-08-06', input_type=str]
    For further information visit https://errors.pydantic.dev/2.13/v/literal_error
[ 190/1075] [rej]   0.0s  shots:+0  pexels_29241899.mp4 (ETA ~0min)
09:04:08 WARNING studio.ingest: rejeitado (licença): pexels_29258032.mp4 — registo de licença inválido: 2 validation errors for LicenseRecord
source
  Input should be 'pexels', 'pixabay', 'wikimedia', 'archive_org', 'youtube_cc' or 'owned' [type=literal_error, input_value='rehydration', input_type=str]
    For further information visit https://errors.pydantic.dev/2.13/v/literal_error
verified_by
  Input should be 'api' or 'manual' [type=literal_error, input_value='manual-rehydration-2026-08-06', input_type=str]
    For further information visit https://errors.pydantic.dev/2.13/v/literal_error
09:04:08 WARNING studio.ingest: rejeitado (licença): pexels_2932297.mp4 — registo de licença inválido: 2 validation errors for LicenseRecord
source
  Input should be 'pexels', 'pixabay', 'wikimedia', 'archive_org', 'youtube_cc' or 'owned' [type=literal_error, input_value='rehydration', input_type=str]
    For further information visit https://errors.pydantic.dev/2.13/v/literal_error
verified_by
  Input should be 'api' or 'manual' [type=literal_error, input_value='manual-rehydration-2026-08-06', input_type=str]
    For further information visit https://errors.pydantic.dev/2.13/v/literal_error
09:04:08 WARNING studio.ingest: rejeitado (licença): pexels_29449111.mp4 — registo de licença inválido: 2 validation errors for LicenseRecord
source
  Input should be 'pexels', 'pixabay', 'wikimedia', 'archive_org', 'youtube_cc' or 'owned' [type=literal_error, input_value='rehydration', input_type=str]
    For further information visit https://errors.pydantic.dev/2.13/v/literal_error
verified_by
  Input should be 'api' or 'manual' [type=literal_error, input_value='manual-rehydration-2026-08-06', input_type=str]
    For further information visit https://errors.pydantic.dev/2.13/v/literal_error
09:04:08 WARNING studio.ingest: rejeitado (licença): pexels_29449985.mp4 — registo de licença inválido: 2 validation errors for LicenseRecord
source
  Input should be 'pexels', 'pixabay', 'wikimedia', 'archive_org', 'youtube_cc' or 'owned' [type=literal_error, input_value='rehydration', input_type=str]
    For further information visit https://errors.pydantic.dev/2.13/v/literal_error
verified_by
  Input should be 'api' or 'manual' [type=literal_error, input_value='manual-rehydration-2026-08-06', input_type=str]
    For further information visit https://errors.pydantic.dev/2.13/v/literal_error
09:04:08 WARNING studio.ingest: rejeitado (licença): pexels_29450151.mp4 — registo de licença inválido: 2 validation errors for LicenseRecord
source
  Input should be 'pexels', 'pixabay', 'wikimedia', 'archive_org', 'youtube_cc' or 'owned' [type=literal_error, input_value='rehydration', input_type=str]
    For further information visit https://errors.pydantic.dev/2.13/v/literal_error
verified_by
  Input should be 'api' or 'manual' [type=literal_error, input_value='manual-rehydration-2026-08-06', input_type=str]
    For further information visit https://errors.pydantic.dev/2.13/v/literal_error
09:04:08 WARNING studio.ingest: rejeitado (licença): pexels_2948582.mp4 — registo de licença inválido: 2 validation errors for LicenseRecord
source
  Input should be 'pexels', 'pixabay', 'wikimedia', 'archive_org', 'youtube_cc' or 'owned' [type=literal_error, input_value='rehydration', input_type=str]
    For further information visit https://errors.pydantic.dev/2.13/v/literal_error
verified_by
  Input should be 'api' or 'manual' [type=literal_error, input_value='manual-rehydration-2026-08-06', input_type=str]
    For further information visit https://errors.pydantic.dev/2.13/v/literal_error
09:04:08 WARNING studio.ingest: rejeitado (licença): pexels_29539555.mp4 — registo de licença inválido: 2 validation errors for LicenseRecord
source
  Input should be 'pexels', 'pixabay', 'wikimedia', 'archive_org', 'youtube_cc' or 'owned' [type=literal_error, input_value='rehydration', input_type=str]
    For further information visit https://errors.pydantic.dev/2.13/v/literal_error
verified_by
  Input should be 'api' or 'manual' [type=literal_error, input_value='manual-rehydration-2026-08-06', input_type=str]
    For further information visit https://errors.pydantic.dev/2.13/v/literal_error
09:04:08 WARNING studio.ingest: rejeitado (licença): pexels_29559256.mp4 — registo de licença inválido: 2 validation errors for LicenseRecord
source
  Input should be 'pexels', 'pixabay', 'wikimedia', 'archive_org', 'youtube_cc' or 'owned' [type=literal_error, input_value='rehydration', input_type=str]
    For further information visit https://errors.pydantic.dev/2.13/v/literal_error
verified_by
  Input should be 'api' or 'manual' [type=literal_error, input_value='manual-rehydration-2026-08-06', input_type=str]
    For further information visit https://errors.pydantic.dev/2.13/v/literal_error
09:04:08 WARNING studio.ingest: rejeitado (licença): pexels_29604283.mp4 — registo de licença inválido: 2 validation errors for LicenseRecord
source
  Input should be 'pexels', 'pixabay', 'wikimedia', 'archive_org', 'youtube_cc' or 'owned' [type=literal_error, input_value='rehydration', input_type=str]
    For further information visit https://errors.pydantic.dev/2.13/v/literal_error
verified_by
  Input should be 'api' or 'manual' [type=literal_error, input_value='manual-rehydration-2026-08-06', input_type=str]
    For further information visit https://errors.pydantic.dev/2.13/v/literal_error
09:04:08 WARNING studio.ingest: rejeitado (licença): pexels_29604316.mp4 — registo de licença inválido: 2 validation errors for LicenseRecord
source
  Input should be 'pexels', 'pixabay', 'wikimedia', 'archive_org', 'youtube_cc' or 'owned' [type=literal_error, input_value='rehydration', input_type=str]
    For further information visit https://errors.pydantic.dev/2.13/v/literal_error
verified_by
  Input should be 'api' or 'manual' [type=literal_error, input_value='manual-rehydration-2026-08-06', input_type=str]
    For further information visit https://errors.pydantic.dev/2.13/v/literal_error
[ 200/1075] [rej]   0.0s  shots:+0  pexels_29604316.mp4 (ETA ~0min)
09:04:08 WARNING studio.ingest: rejeitado (licença): pexels_29651378.mp4 — registo de licença inválido: 2 validation errors for LicenseRecord
source
  Input should be 'pexels', 'pixabay', 'wikimedia', 'archive_org', 'youtube_cc' or 'owned' [type=literal_error, input_value='rehydration', input_type=str]
    For further information visit https://errors.pydantic.dev/2.13/v/literal_error
verified_by
  Input should be 'api' or 'manual' [type=literal_error, input_value='manual-rehydration-2026-08-06', input_type=str]
    For further information visit https://errors.pydantic.dev/2.13/v/literal_error
09:04:08 WARNING studio.ingest: rejeitado (licença): pexels_29687469.mp4 — registo de licença inválido: 2 validation errors for LicenseRecord
source
  Input should be 'pexels', 'pixabay', 'wikimedia', 'archive_org', 'youtube_cc' or 'owned' [type=literal_error, input_value='rehydration', input_type=str]
    For further information visit https://errors.pydantic.dev/2.13/v/literal_error
verified_by
  Input should be 'api' or 'manual' [type=literal_error, input_value='manual-rehydration-2026-08-06', input_type=str]
    For further information visit https://errors.pydantic.dev/2.13/v/literal_error
09:04:08 WARNING studio.ingest: rejeitado (licença): pexels_29838065.mp4 — registo de licença inválido: 2 validation errors for LicenseRecord
source
  Input should be 'pexels', 'pixabay', 'wikimedia', 'archive_org', 'youtube_cc' or 'owned' [type=literal_error, input_value='rehydration', input_type=str]
    For further information visit https://errors.pydantic.dev/2.13/v/literal_error
verified_by
  Input should be 'api' or 'manual' [type=literal_error, input_value='manual-rehydration-2026-08-06', input_type=str]
    For further information visit https://errors.pydantic.dev/2.13/v/literal_error
09:04:08 WARNING studio.ingest: rejeitado (licença): pexels_29844413.mp4 — registo de licença inválido: 2 validation errors for LicenseRecord
source
  Input should be 'pexels', 'pixabay', 'wikimedia', 'archive_org', 'youtube_cc' or 'owned' [type=literal_error, input_value='rehydration', input_type=str]
    For further information visit https://errors.pydantic.dev/2.13/v/literal_error
verified_by
  Input should be 'api' or 'manual' [type=literal_error, input_value='manual-rehydration-2026-08-06', input_type=str]
    For further information visit https://errors.pydantic.dev/2.13/v/literal_error
09:04:08 WARNING studio.ingest: rejeitado (licença): pexels_29906026.mp4 — registo de licença inválido: 2 validation errors for LicenseRecord
source
  Input should be 'pexels', 'pixabay', 'wikimedia', 'archive_org', 'youtube_cc' or 'owned' [type=literal_error, input_value='rehydration', input_type=str]
    For further information visit https://errors.pydantic.dev/2.13/v/literal_error
verified_by
  Input should be 'api' or 'manual' [type=literal_error, input_value='manual-rehydration-2026-08-06', input_type=str]
    For further information visit https://errors.pydantic.dev/2.13/v/literal_error
09:04:08 WARNING studio.ingest: rejeitado (licença): pexels_30002323.mp4 — registo de licença inválido: 2 validation errors for LicenseRecord
source
  Input should be 'pexels', 'pixabay', 'wikimedia', 'archive_org', 'youtube_cc' or 'owned' [type=literal_error, input_value='rehydration', input_type=str]
    For further information visit https://errors.pydantic.dev/2.13/v/literal_error
verified_by
  Input should be 'api' or 'manual' [type=literal_error, input_value='manual-rehydration-2026-08-06', input_type=str]
    For further information visit https://errors.pydantic.dev/2.13/v/literal_error
09:04:08 WARNING studio.ingest: rejeitado (licença): pexels_30226954.mp4 — registo de licença inválido: 2 validation errors for LicenseRecord
source
  Input should be 'pexels', 'pixabay', 'wikimedia', 'archive_org', 'youtube_cc' or 'owned' [type=literal_error, input_value='rehydration', input_type=str]
    For further information visit https://errors.pydantic.dev/2.13/v/literal_error
verified_by
  Input should be 'api' or 'manual' [type=literal_error, input_value='manual-rehydration-2026-08-06', input_type=str]
    For further information visit https://errors.pydantic.dev/2.13/v/literal_error
09:04:08 WARNING studio.ingest: rejeitado (licença): pexels_30226960.mp4 — registo de licença inválido: 2 validation errors for LicenseRecord
source
  Input should be 'pexels', 'pixabay', 'wikimedia', 'archive_org', 'youtube_cc' or 'owned' [type=literal_error, input_value='rehydration', input_type=str]
    For further information visit https://errors.pydantic.dev/2.13/v/literal_error
verified_by
  Input should be 'api' or 'manual' [type=literal_error, input_value='manual-rehydration-2026-08-06', input_type=str]
    For further information visit https://errors.pydantic.dev/2.13/v/literal_error
09:04:08 WARNING studio.ingest: rejeitado (licença): pexels_30292023.mp4 — registo de licença inválido: 2 validation errors for LicenseRecord
source
  Input should be 'pexels', 'pixabay', 'wikimedia', 'archive_org', 'youtube_cc' or 'owned' [type=literal_error, input_value='rehydration', input_type=str]
    For further information visit https://errors.pydantic.dev/2.13/v/literal_error
verified_by
  Input should be 'api' or 'manual' [type=literal_error, input_value='manual-rehydration-2026-08-06', input_type=str]
    For further information visit https://errors.pydantic.dev/2.13/v/literal_error
09:04:08 WARNING studio.ingest: rejeitado (licença): pexels_30322206.mp4 — registo de licença inválido: 2 validation errors for LicenseRecord
source
  Input should be 'pexels', 'pixabay', 'wikimedia', 'archive_org', 'youtube_cc' or 'owned' [type=literal_error, input_value='rehydration', input_type=str]
    For further information visit https://errors.pydantic.dev/2.13/v/literal_error
verified_by
  Input should be 'api' or 'manual' [type=literal_error, input_value='manual-rehydration-2026-08-06', input_type=str]
    For further information visit https://errors.pydantic.dev/2.13/v/literal_error
[ 210/1075] [rej]   0.0s  shots:+0  pexels_30322206.mp4 (ETA ~0min)
09:04:08 WARNING studio.ingest: rejeitado (licença): pexels_30329515.mp4 — registo de licença inválido: 2 validation errors for LicenseRecord
source
  Input should be 'pexels', 'pixabay', 'wikimedia', 'archive_org', 'youtube_cc' or 'owned' [type=literal_error, input_value='rehydration', input_type=str]
    For further information visit https://errors.pydantic.dev/2.13/v/literal_error
verified_by
  Input should be 'api' or 'manual' [type=literal_error, input_value='manual-rehydration-2026-08-06', input_type=str]
    For further information visit https://errors.pydantic.dev/2.13/v/literal_error
09:04:08 WARNING studio.ingest: rejeitado (licença): pexels_30375224.mp4 — registo de licença inválido: 2 validation errors for LicenseRecord
source
  Input should be 'pexels', 'pixabay', 'wikimedia', 'archive_org', 'youtube_cc' or 'owned' [type=literal_error, input_value='rehydration', input_type=str]
    For further information visit https://errors.pydantic.dev/2.13/v/literal_error
verified_by
  Input should be 'api' or 'manual' [type=literal_error, input_value='manual-rehydration-2026-08-06', input_type=str]
    For further information visit https://errors.pydantic.dev/2.13/v/literal_error
09:04:08 WARNING studio.ingest: rejeitado (licença): pexels_3037910.mp4 — registo de licença inválido: 2 validation errors for LicenseRecord
source
  Input should be 'pexels', 'pixabay', 'wikimedia', 'archive_org', 'youtube_cc' or 'owned' [type=literal_error, input_value='rehydration', input_type=str]
    For further information visit https://errors.pydantic.dev/2.13/v/literal_error
verified_by
  Input should be 'api' or 'manual' [type=literal_error, input_value='manual-rehydration-2026-08-06', input_type=str]
    For further information visit https://errors.pydantic.dev/2.13/v/literal_error
09:04:08 WARNING studio.ingest: rejeitado (licença): pexels_3037911.mp4 — registo de licença inválido: 2 validation errors for LicenseRecord
source
  Input should be 'pexels', 'pixabay', 'wikimedia', 'archive_org', 'youtube_cc' or 'owned' [type=literal_error, input_value='rehydration', input_type=str]
    For further information visit https://errors.pydantic.dev/2.13/v/literal_error
verified_by
  Input should be 'api' or 'manual' [type=literal_error, input_value='manual-rehydration-2026-08-06', input_type=str]
    For further information visit https://errors.pydantic.dev/2.13/v/literal_error
09:04:08 WARNING studio.ingest: rejeitado (licença): pexels_3037918.mp4 — registo de licença inválido: 2 validation errors for LicenseRecord
source
  Input should be 'pexels', 'pixabay', 'wikimedia', 'archive_org', 'youtube_cc' or 'owned' [type=literal_error, input_value='rehydration', input_type=str]
    For further information visit https://errors.pydantic.dev/2.13/v/literal_error
verified_by
  Input should be 'api' or 'manual' [type=literal_error, input_value='manual-rehydration-2026-08-06', input_type=str]
    For further information visit https://errors.pydantic.dev/2.13/v/literal_error
09:04:08 WARNING studio.ingest: rejeitado (licença): pexels_3037927.mp4 — registo de licença inválido: 2 validation errors for LicenseRecord
source
  Input should be 'pexels', 'pixabay', 'wikimedia', 'archive_org', 'youtube_cc' or 'owned' [type=literal_error, input_value='rehydration', input_type=str]
    For further information visit https://errors.pydantic.dev/2.13/v/literal_error
verified_by
  Input should be 'api' or 'manual' [type=literal_error, input_value='manual-rehydration-2026-08-06', input_type=str]
    For further information visit https://errors.pydantic.dev/2.13/v/literal_error
09:04:08 WARNING studio.ingest: rejeitado (licença): pexels_30518131.mp4 — registo de licença inválido: 2 validation errors for LicenseRecord
source
  Input should be 'pexels', 'pixabay', 'wikimedia', 'archive_org', 'youtube_cc' or 'owned' [type=literal_error, input_value='rehydration', input_type=str]
    For further information visit https://errors.pydantic.dev/2.13/v/literal_error
verified_by
  Input should be 'api' or 'manual' [type=literal_error, input_value='manual-rehydration-2026-08-06', input_type=str]
    For further information visit https://errors.pydantic.dev/2.13/v/literal_error
09:04:08 WARNING studio.ingest: rejeitado (licença): pexels_30557963.mp4 — registo de licença inválido: 2 validation errors for LicenseRecord
source
  Input should be 'pexels', 'pixabay', 'wikimedia', 'archive_org', 'youtube_cc' or 'owned' [type=literal_error, input_value='rehydration', input_type=str]
    For further information visit https://errors.pydantic.dev/2.13/v/literal_error
verified_by
  Input should be 'api' or 'manual' [type=literal_error, input_value='manual-rehydration-2026-08-06', input_type=str]
    For further information visit https://errors.pydantic.dev/2.13/v/literal_error
09:04:08 WARNING studio.ingest: rejeitado (licença): pexels_30578054.mp4 — registo de licença inválido: 2 validation errors for LicenseRecord
source
  Input should be 'pexels', 'pixabay', 'wikimedia', 'archive_org', 'youtube_cc' or 'owned' [type=literal_error, input_value='rehydration', input_type=str]
    For further information visit https://errors.pydantic.dev/2.13/v/literal_error
verified_by
  Input should be 'api' or 'manual' [type=literal_error, input_value='manual-rehydration-2026-08-06', input_type=str]
    For further information visit https://errors.pydantic.dev/2.13/v/literal_error
09:04:08 WARNING studio.ingest: rejeitado (licença): pexels_30593055.mp4 — registo de licença inválido: 2 validation errors for LicenseRecord
source
  Input should be 'pexels', 'pixabay', 'wikimedia', 'archive_org', 'youtube_cc' or 'owned' [type=literal_error, input_value='rehydration', input_type=str]
    For further information visit https://errors.pydantic.dev/2.13/v/literal_error
verified_by
  Input should be 'api' or 'manual' [type=literal_error, input_value='manual-rehydration-2026-08-06', input_type=str]
    For further information visit https://errors.pydantic.dev/2.13/v/literal_error
[ 220/1075] [rej]   0.0s  shots:+0  pexels_30593055.mp4 (ETA ~0min)
09:04:08 WARNING studio.ingest: rejeitado (licença): pexels_30768986.mp4 — registo de licença inválido: 2 validation errors for LicenseRecord
source
  Input should be 'pexels', 'pixabay', 'wikimedia', 'archive_org', 'youtube_cc' or 'owned' [type=literal_error, input_value='rehydration', input_type=str]
    For further information visit https://errors.pydantic.dev/2.13/v/literal_error
verified_by
  Input should be 'api' or 'manual' [type=literal_error, input_value='manual-rehydration-2026-08-06', input_type=str]
    For further information visit https://errors.pydantic.dev/2.13/v/literal_error
09:04:08 WARNING studio.ingest: rejeitado (licença): pexels_31074261.mp4 — registo de licença inválido: 2 validation errors for LicenseRecord
source
  Input should be 'pexels', 'pixabay', 'wikimedia', 'archive_org', 'youtube_cc' or 'owned' [type=literal_error, input_value='rehydration', input_type=str]
    For further information visit https://errors.pydantic.dev/2.13/v/literal_error
verified_by
  Input should be 'api' or 'manual' [type=literal_error, input_value='manual-rehydration-2026-08-06', input_type=str]
    For further information visit https://errors.pydantic.dev/2.13/v/literal_error
09:04:08 WARNING studio.ingest: rejeitado (licença): pexels_3109535.mp4 — registo de licença inválido: 2 validation errors for LicenseRecord
source
  Input should be 'pexels', 'pixabay', 'wikimedia', 'archive_org', 'youtube_cc' or 'owned' [type=literal_error, input_value='rehydration', input_type=str]
    For further information visit https://errors.pydantic.dev/2.13/v/literal_error
verified_by
  Input should be 'api' or 'manual' [type=literal_error, input_value='manual-rehydration-2026-08-06', input_type=str]
    For further information visit https://errors.pydantic.dev/2.13/v/literal_error
09:04:08 WARNING studio.ingest: rejeitado (licença): pexels_3109538.mp4 — registo de licença inválido: 2 validation errors for LicenseRecord
source
  Input should be 'pexels', 'pixabay', 'wikimedia', 'archive_org', 'youtube_cc' or 'owned' [type=literal_error, input_value='rehydration', input_type=str]
    For further information visit https://errors.pydantic.dev/2.13/v/literal_error
verified_by
  Input should be 'api' or 'manual' [type=literal_error, input_value='manual-rehydration-2026-08-06', input_type=str]
    For further information visit https://errors.pydantic.dev/2.13/v/literal_error
09:04:08 WARNING studio.ingest: rejeitado (licença): pexels_3119255.mp4 — registo de licença inválido: 2 validation errors for LicenseRecord
source
  Input should be 'pexels', 'pixabay', 'wikimedia', 'archive_org', 'youtube_cc' or 'owned' [type=literal_error, input_value='rehydration', input_type=str]
    For further information visit https://errors.pydantic.dev/2.13/v/literal_error
verified_by
  Input should be 'api' or 'manual' [type=literal_error, input_value='manual-rehydration-2026-08-06', input_type=str]
    For further information visit https://errors.pydantic.dev/2.13/v/literal_error
09:04:08 WARNING studio.ingest: rejeitado (licença): pexels_31245009.mp4 — registo de licença inválido: 2 validation errors for LicenseRecord
source
  Input should be 'pexels', 'pixabay', 'wikimedia', 'archive_org', 'youtube_cc' or 'owned' [type=literal_error, input_value='rehydration', input_type=str]
    For further information visit https://errors.pydantic.dev/2.13/v/literal_error
verified_by
  Input should be 'api' or 'manual' [type=literal_error, input_value='manual-rehydration-2026-08-06', input_type=str]
    For further information visit https://errors.pydantic.dev/2.13/v/literal_error
09:04:08 WARNING studio.ingest: rejeitado (licença): pexels_3127125.mp4 — registo de licença inválido: 2 validation errors for LicenseRecord
source
  Input should be 'pexels', 'pixabay', 'wikimedia', 'archive_org', 'youtube_cc' or 'owned' [type=literal_error, input_value='rehydration', input_type=str]
    For further information visit https://errors.pydantic.dev/2.13/v/literal_error
verified_by
  Input should be 'api' or 'manual' [type=literal_error, input_value='manual-rehydration-2026-08-06', input_type=str]
    For further information visit https://errors.pydantic.dev/2.13/v/literal_error
09:04:08 WARNING studio.ingest: rejeitado (licença): pexels_31290779.mp4 — registo de licença inválido: 2 validation errors for LicenseRecord
source
  Input should be 'pexels', 'pixabay', 'wikimedia', 'archive_org', 'youtube_cc' or 'owned' [type=literal_error, input_value='rehydration', input_type=str]
    For further information visit https://errors.pydantic.dev/2.13/v/literal_error
verified_by
  Input should be 'api' or 'manual' [type=literal_error, input_value='manual-rehydration-2026-08-06', input_type=str]
    For further information visit https://errors.pydantic.dev/2.13/v/literal_error
09:04:08 WARNING studio.ingest: rejeitado (licença): pexels_31312518.mp4 — registo de licença inválido: 2 validation errors for LicenseRecord
source
  Input should be 'pexels', 'pixabay', 'wikimedia', 'archive_org', 'youtube_cc' or 'owned' [type=literal_error, input_value='rehydration', input_type=str]
    For further information visit https://errors.pydantic.dev/2.13/v/literal_error
verified_by
  Input should be 'api' or 'manual' [type=literal_error, input_value='manual-rehydration-2026-08-06', input_type=str]
    For further information visit https://errors.pydantic.dev/2.13/v/literal_error
09:04:08 WARNING studio.ingest: rejeitado (licença): pexels_31312522.mp4 — registo de licença inválido: 2 validation errors for LicenseRecord
source
  Input should be 'pexels', 'pixabay', 'wikimedia', 'archive_org', 'youtube_cc' or 'owned' [type=literal_error, input_value='rehydration', input_type=str]
    For further information visit https://errors.pydantic.dev/2.13/v/literal_error
verified_by
  Input should be 'api' or 'manual' [type=literal_error, input_value='manual-rehydration-2026-08-06', input_type=str]
    For further information visit https://errors.pydantic.dev/2.13/v/literal_error
[ 230/1075] [rej]   0.0s  shots:+0  pexels_31312522.mp4 (ETA ~0min)
09:04:08 WARNING studio.ingest: rejeitado (licença): pexels_3135907.mp4 — registo de licença inválido: 2 validation errors for LicenseRecord
source
  Input should be 'pexels', 'pixabay', 'wikimedia', 'archive_org', 'youtube_cc' or 'owned' [type=literal_error, input_value='rehydration', input_type=str]
    For further information visit https://errors.pydantic.dev/2.13/v/literal_error
verified_by
  Input should be 'api' or 'manual' [type=literal_error, input_value='manual-rehydration-2026-08-06', input_type=str]
    For further information visit https://errors.pydantic.dev/2.13/v/literal_error
09:04:08 WARNING studio.ingest: rejeitado (licença): pexels_31366732.mp4 — registo de licença inválido: 2 validation errors for LicenseRecord
source
  Input should be 'pexels', 'pixabay', 'wikimedia', 'archive_org', 'youtube_cc' or 'owned' [type=literal_error, input_value='rehydration', input_type=str]
    For further information visit https://errors.pydantic.dev/2.13/v/literal_error
verified_by
  Input should be 'api' or 'manual' [type=literal_error, input_value='manual-rehydration-2026-08-06', input_type=str]
    For further information visit https://errors.pydantic.dev/2.13/v/literal_error
09:04:08 WARNING studio.ingest: rejeitado (licença): pexels_31366733.mp4 — registo de licença inválido: 2 validation errors for LicenseRecord
source
  Input should be 'pexels', 'pixabay', 'wikimedia', 'archive_org', 'youtube_cc' or 'owned' [type=literal_error, input_value='rehydration', input_type=str]
    For further information visit https://errors.pydantic.dev/2.13/v/literal_error
verified_by
  Input should be 'api' or 'manual' [type=literal_error, input_value='manual-rehydration-2026-08-06', input_type=str]
    For further information visit https://errors.pydantic.dev/2.13/v/literal_error
09:04:08 WARNING studio.ingest: rejeitado (licença): pexels_31366739.mp4 — registo de licença inválido: 2 validation errors for LicenseRecord
source
  Input should be 'pexels', 'pixabay', 'wikimedia', 'archive_org', 'youtube_cc' or 'owned' [type=literal_error, input_value='rehydration', input_type=str]
    For further information visit https://errors.pydantic.dev/2.13/v/literal_error
verified_by
  Input should be 'api' or 'manual' [type=literal_error, input_value='manual-rehydration-2026-08-06', input_type=str]
    For further information visit https://errors.pydantic.dev/2.13/v/literal_error
09:04:08 WARNING studio.ingest: rejeitado (licença): pexels_31366742.mp4 — registo de licença inválido: 2 validation errors for LicenseRecord
source
  Input should be 'pexels', 'pixabay', 'wikimedia', 'archive_org', 'youtube_cc' or 'owned' [type=literal_error, input_value='rehydration', input_type=str]
    For further information visit https://errors.pydantic.dev/2.13/v/literal_error
verified_by
  Input should be 'api' or 'manual' [type=literal_error, input_value='manual-rehydration-2026-08-06', input_type=str]
    For further information visit https://errors.pydantic.dev/2.13/v/literal_error
09:04:08 WARNING studio.ingest: rejeitado (licença): pexels_31366743.mp4 — registo de licença inválido: 2 validation errors for LicenseRecord
source
  Input should be 'pexels', 'pixabay', 'wikimedia', 'archive_org', 'youtube_cc' or 'owned' [type=literal_error, input_value='rehydration', input_type=str]
    For further information visit https://errors.pydantic.dev/2.13/v/literal_error
verified_by
  Input should be 'api' or 'manual' [type=literal_error, input_value='manual-rehydration-2026-08-06', input_type=str]
    For further information visit https://errors.pydantic.dev/2.13/v/literal_error
09:04:08 WARNING studio.ingest: rejeitado (licença): pexels_31366744.mp4 — registo de licença inválido: 2 validation errors for LicenseRecord
source
  Input should be 'pexels', 'pixabay', 'wikimedia', 'archive_org', 'youtube_cc' or 'owned' [type=literal_error, input_value='rehydration', input_type=str]
    For further information visit https://errors.pydantic.dev/2.13/v/literal_error
verified_by
  Input should be 'api' or 'manual' [type=literal_error, input_value='manual-rehydration-2026-08-06', input_type=str]
    For further information visit https://errors.pydantic.dev/2.13/v/literal_error
09:04:08 WARNING studio.ingest: rejeitado (licença): pexels_31366745.mp4 — registo de licença inválido: 2 validation errors for LicenseRecord
source
  Input should be 'pexels', 'pixabay', 'wikimedia', 'archive_org', 'youtube_cc' or 'owned' [type=literal_error, input_value='rehydration', input_type=str]
    For further information visit https://errors.pydantic.dev/2.13/v/literal_error
verified_by
  Input should be 'api' or 'manual' [type=literal_error, input_value='manual-rehydration-2026-08-06', input_type=str]
    For further information visit https://errors.pydantic.dev/2.13/v/literal_error
09:04:08 WARNING studio.ingest: rejeitado (licença): pexels_31366750.mp4 — registo de licença inválido: 2 validation errors for LicenseRecord
source
  Input should be 'pexels', 'pixabay', 'wikimedia', 'archive_org', 'youtube_cc' or 'owned' [type=literal_error, input_value='rehydration', input_type=str]
    For further information visit https://errors.pydantic.dev/2.13/v/literal_error
verified_by
  Input should be 'api' or 'manual' [type=literal_error, input_value='manual-rehydration-2026-08-06', input_type=str]
    For further information visit https://errors.pydantic.dev/2.13/v/literal_error
09:04:08 WARNING studio.ingest: rejeitado (licença): pexels_31366801.mp4 — registo de licença inválido: 2 validation errors for LicenseRecord
source
  Input should be 'pexels', 'pixabay', 'wikimedia', 'archive_org', 'youtube_cc' or 'owned' [type=literal_error, input_value='rehydration', input_type=str]
    For further information visit https://errors.pydantic.dev/2.13/v/literal_error
verified_by
  Input should be 'api' or 'manual' [type=literal_error, input_value='manual-rehydration-2026-08-06', input_type=str]
    For further information visit https://errors.pydantic.dev/2.13/v/literal_error
[ 240/1075] [rej]   0.0s  shots:+0  pexels_31366801.mp4 (ETA ~0min)
09:04:08 WARNING studio.ingest: rejeitado (licença): pexels_31366903.mp4 — registo de licença inválido: 2 validation errors for LicenseRecord
source
  Input should be 'pexels', 'pixabay', 'wikimedia', 'archive_org', 'youtube_cc' or 'owned' [type=literal_error, input_value='rehydration', input_type=str]
    For further information visit https://errors.pydantic.dev/2.13/v/literal_error
verified_by
  Input should be 'api' or 'manual' [type=literal_error, input_value='manual-rehydration-2026-08-06', input_type=str]
    For further information visit https://errors.pydantic.dev/2.13/v/literal_error
09:04:08 WARNING studio.ingest: rejeitado (licença): pexels_31366911.mp4 — registo de licença inválido: 2 validation errors for LicenseRecord
source
  Input should be 'pexels', 'pixabay', 'wikimedia', 'archive_org', 'youtube_cc' or 'owned' [type=literal_error, input_value='rehydration', input_type=str]
    For further information visit https://errors.pydantic.dev/2.13/v/literal_error
verified_by
  Input should be 'api' or 'manual' [type=literal_error, input_value='manual-rehydration-2026-08-06', input_type=str]
    For further information visit https://errors.pydantic.dev/2.13/v/literal_error
09:04:08 WARNING studio.ingest: rejeitado (licença): pexels_31366912.mp4 — registo de licença inválido: 2 validation errors for LicenseRecord
source
  Input should be 'pexels', 'pixabay', 'wikimedia', 'archive_org', 'youtube_cc' or 'owned' [type=literal_error, input_value='rehydration', input_type=str]
    For further information visit https://errors.pydantic.dev/2.13/v/literal_error
verified_by
  Input should be 'api' or 'manual' [type=literal_error, input_value='manual-rehydration-2026-08-06', input_type=str]
    For further information visit https://errors.pydantic.dev/2.13/v/literal_error
09:04:08 WARNING studio.ingest: rejeitado (licença): pexels_31366989.mp4 — registo de licença inválido: 2 validation errors for LicenseRecord
source
  Input should be 'pexels', 'pixabay', 'wikimedia', 'archive_org', 'youtube_cc' or 'owned' [type=literal_error, input_value='rehydration', input_type=str]
    For further information visit https://errors.pydantic.dev/2.13/v/literal_error
verified_by
  Input should be 'api' or 'manual' [type=literal_error, input_value='manual-rehydration-2026-08-06', input_type=str]
    For further information visit https://errors.pydantic.dev/2.13/v/literal_error
09:04:08 WARNING studio.ingest: rejeitado (licença): pexels_31392124.mp4 — registo de licença inválido: 2 validation errors for LicenseRecord
source
  Input should be 'pexels', 'pixabay', 'wikimedia', 'archive_org', 'youtube_cc' or 'owned' [type=literal_error, input_value='rehydration', input_type=str]
    For further information visit https://errors.pydantic.dev/2.13/v/literal_error
verified_by
  Input should be 'api' or 'manual' [type=literal_error, input_value='manual-rehydration-2026-08-06', input_type=str]
    For further information visit https://errors.pydantic.dev/2.13/v/literal_error
09:04:08 WARNING studio.ingest: rejeitado (licença): pexels_31573453.mp4 — registo de licença inválido: 2 validation errors for LicenseRecord
source
  Input should be 'pexels', 'pixabay', 'wikimedia', 'archive_org', 'youtube_cc' or 'owned' [type=literal_error, input_value='rehydration', input_type=str]
    For further information visit https://errors.pydantic.dev/2.13/v/literal_error
verified_by
  Input should be 'api' or 'manual' [type=literal_error, input_value='manual-rehydration-2026-08-06', input_type=str]
    For further information visit https://errors.pydantic.dev/2.13/v/literal_error
09:04:08 WARNING studio.ingest: rejeitado (licença): pexels_31673218.mp4 — registo de licença inválido: 2 validation errors for LicenseRecord
source
  Input should be 'pexels', 'pixabay', 'wikimedia', 'archive_org', 'youtube_cc' or 'owned' [type=literal_error, input_value='rehydration', input_type=str]
    For further information visit https://errors.pydantic.dev/2.13/v/literal_error
verified_by
  Input should be 'api' or 'manual' [type=literal_error, input_value='manual-rehydration-2026-08-06', input_type=str]
    For further information visit https://errors.pydantic.dev/2.13/v/literal_error
09:04:08 WARNING studio.ingest: rejeitado (licença): pexels_31837060.mp4 — registo de licença inválido: 2 validation errors for LicenseRecord
source
  Input should be 'pexels', 'pixabay', 'wikimedia', 'archive_org', 'youtube_cc' or 'owned' [type=literal_error, input_value='rehydration', input_type=str]
    For further information visit https://errors.pydantic.dev/2.13/v/literal_error
verified_by
  Input should be 'api' or 'manual' [type=literal_error, input_value='manual-rehydration-2026-08-06', input_type=str]
    For further information visit https://errors.pydantic.dev/2.13/v/literal_error
09:04:08 WARNING studio.ingest: rejeitado (licença): pexels_3184672.mp4 — registo de licença inválido: 2 validation errors for LicenseRecord
source
  Input should be 'pexels', 'pixabay', 'wikimedia', 'archive_org', 'youtube_cc' or 'owned' [type=literal_error, input_value='rehydration', input_type=str]
    For further information visit https://errors.pydantic.dev/2.13/v/literal_error
verified_by
  Input should be 'api' or 'manual' [type=literal_error, input_value='manual-rehydration-2026-08-06', input_type=str]
    For further information visit https://errors.pydantic.dev/2.13/v/literal_error
09:04:08 WARNING studio.ingest: rejeitado (licença): pexels_3191862.mp4 — registo de licença inválido: 2 validation errors for LicenseRecord
source
  Input should be 'pexels', 'pixabay', 'wikimedia', 'archive_org', 'youtube_cc' or 'owned' [type=literal_error, input_value='rehydration', input_type=str]
    For further information visit https://errors.pydantic.dev/2.13/v/literal_error
verified_by
  Input should be 'api' or 'manual' [type=literal_error, input_value='manual-rehydration-2026-08-06', input_type=str]
    For further information visit https://errors.pydantic.dev/2.13/v/literal_error
[ 250/1075] [rej]   0.0s  shots:+0  pexels_3191862.mp4 (ETA ~0min)
09:04:08 WARNING studio.ingest: rejeitado (licença): pexels_3195215.mp4 — registo de licença inválido: 2 validation errors for LicenseRecord
source
  Input should be 'pexels', 'pixabay', 'wikimedia', 'archive_org', 'youtube_cc' or 'owned' [type=literal_error, input_value='rehydration', input_type=str]
    For further information visit https://errors.pydantic.dev/2.13/v/literal_error
verified_by
  Input should be 'api' or 'manual' [type=literal_error, input_value='manual-rehydration-2026-08-06', input_type=str]
    For further information visit https://errors.pydantic.dev/2.13/v/literal_error
09:04:08 WARNING studio.ingest: rejeitado (licença): pexels_31966414.mp4 — registo de licença inválido: 2 validation errors for LicenseRecord
source
  Input should be 'pexels', 'pixabay', 'wikimedia', 'archive_org', 'youtube_cc' or 'owned' [type=literal_error, input_value='rehydration', input_type=str]
    For further information visit https://errors.pydantic.dev/2.13/v/literal_error
verified_by
  Input should be 'api' or 'manual' [type=literal_error, input_value='manual-rehydration-2026-08-06', input_type=str]
    For further information visit https://errors.pydantic.dev/2.13/v/literal_error
09:04:08 WARNING studio.ingest: rejeitado (licença): pexels_31983687.mp4 — registo de licença inválido: 2 validation errors for LicenseRecord
source
  Input should be 'pexels', 'pixabay', 'wikimedia', 'archive_org', 'youtube_cc' or 'owned' [type=literal_error, input_value='rehydration', input_type=str]
    For further information visit https://errors.pydantic.dev/2.13/v/literal_error
verified_by
  Input should be 'api' or 'manual' [type=literal_error, input_value='manual-rehydration-2026-08-06', input_type=str]
    For further information visit https://errors.pydantic.dev/2.13/v/literal_error
09:04:08 WARNING studio.ingest: rejeitado (licença): pexels_31984324.mp4 — registo de licença inválido: 2 validation errors for LicenseRecord
source
  Input should be 'pexels', 'pixabay', 'wikimedia', 'archive_org', 'youtube_cc' or 'owned' [type=literal_error, input_value='rehydration', input_type=str]
    For further information visit https://errors.pydantic.dev/2.13/v/literal_error
verified_by
  Input should be 'api' or 'manual' [type=literal_error, input_value='manual-rehydration-2026-08-06', input_type=str]
    For further information visit https://errors.pydantic.dev/2.13/v/literal_error
09:04:08 WARNING studio.ingest: rejeitado (licença): pexels_32018389.mp4 — registo de licença inválido: 2 validation errors for LicenseRecord
source
  Input should be 'pexels', 'pixabay', 'wikimedia', 'archive_org', 'youtube_cc' or 'owned' [type=literal_error, input_value='rehydration', input_type=str]
    For further information visit https://errors.pydantic.dev/2.13/v/literal_error
verified_by
  Input should be 'api' or 'manual' [type=literal_error, input_value='manual-rehydration-2026-08-06', input_type=str]
    For further information visit https://errors.pydantic.dev/2.13/v/literal_error
09:04:08 WARNING studio.ingest: rejeitado (licença): pexels_32018391.mp4 — registo de licença inválido: 2 validation errors for LicenseRecord
source
  Input should be 'pexels', 'pixabay', 'wikimedia', 'archive_org', 'youtube_cc' or 'owned' [type=literal_error, input_value='rehydration', input_type=str]
    For further information visit https://errors.pydantic.dev/2.13/v/literal_error
verified_by
  Input should be 'api' or 'manual' [type=literal_error, input_value='manual-rehydration-2026-08-06', input_type=str]
    For further information visit https://errors.pydantic.dev/2.13/v/literal_error
09:04:08 WARNING studio.ingest: rejeitado (licença): pexels_32018396.mp4 — registo de licença inválido: 2 validation errors for LicenseRecord
source
  Input should be 'pexels', 'pixabay', 'wikimedia', 'archive_org', 'youtube_cc' or 'owned' [type=literal_error, input_value='rehydration', input_type=str]
    For further information visit https://errors.pydantic.dev/2.13/v/literal_error
verified_by
  Input should be 'api' or 'manual' [type=literal_error, input_value='manual-rehydration-2026-08-06', input_type=str]
    For further information visit https://errors.pydantic.dev/2.13/v/literal_error
09:04:08 WARNING studio.ingest: rejeitado (licença): pexels_3209243.mp4 — registo de licença inválido: 2 validation errors for LicenseRecord
source
  Input should be 'pexels', 'pixabay', 'wikimedia', 'archive_org', 'youtube_cc' or 'owned' [type=literal_error, input_value='rehydration', input_type=str]
    For further information visit https://errors.pydantic.dev/2.13/v/literal_error
verified_by
  Input should be 'api' or 'manual' [type=literal_error, input_value='manual-rehydration-2026-08-06', input_type=str]
    For further information visit https://errors.pydantic.dev/2.13/v/literal_error
09:04:08 WARNING studio.ingest: rejeitado (licença): pexels_32238054.mp4 — registo de licença inválido: 2 validation errors for LicenseRecord
source
  Input should be 'pexels', 'pixabay', 'wikimedia', 'archive_org', 'youtube_cc' or 'owned' [type=literal_error, input_value='rehydration', input_type=str]
    For further information visit https://errors.pydantic.dev/2.13/v/literal_error
verified_by
  Input should be 'api' or 'manual' [type=literal_error, input_value='manual-rehydration-2026-08-06', input_type=str]
    For further information visit https://errors.pydantic.dev/2.13/v/literal_error
09:04:08 WARNING studio.ingest: rejeitado (licença): pexels_32267115.mp4 — registo de licença inválido: 2 validation errors for LicenseRecord
source
  Input should be 'pexels', 'pixabay', 'wikimedia', 'archive_org', 'youtube_cc' or 'owned' [type=literal_error, input_value='rehydration', input_type=str]
    For further information visit https://errors.pydantic.dev/2.13/v/literal_error
verified_by
  Input should be 'api' or 'manual' [type=literal_error, input_value='manual-rehydration-2026-08-06', input_type=str]
    For further information visit https://errors.pydantic.dev/2.13/v/literal_error
[ 260/1075] [rej]   0.0s  shots:+0  pexels_32267115.mp4 (ETA ~0min)
09:04:08 WARNING studio.ingest: rejeitado (licença): pexels_32281933.mp4 — registo de licença inválido: 2 validation errors for LicenseRecord
source
  Input should be 'pexels', 'pixabay', 'wikimedia', 'archive_org', 'youtube_cc' or 'owned' [type=literal_error, input_value='rehydration', input_type=str]
    For further information visit https://errors.pydantic.dev/2.13/v/literal_error
verified_by
  Input should be 'api' or 'manual' [type=literal_error, input_value='manual-rehydration-2026-08-06', input_type=str]
    For further information visit https://errors.pydantic.dev/2.13/v/literal_error
09:04:08 WARNING studio.ingest: rejeitado (licença): pexels_32435582.mp4 — registo de licença inválido: 2 validation errors for LicenseRecord
source
  Input should be 'pexels', 'pixabay', 'wikimedia', 'archive_org', 'youtube_cc' or 'owned' [type=literal_error, input_value='rehydration', input_type=str]
    For further information visit https://errors.pydantic.dev/2.13/v/literal_error
verified_by
  Input should be 'api' or 'manual' [type=literal_error, input_value='manual-rehydration-2026-08-06', input_type=str]
    For further information visit https://errors.pydantic.dev/2.13/v/literal_error
09:04:08 WARNING studio.ingest: rejeitado (licença): pexels_3258640.mp4 — registo de licença inválido: 2 validation errors for LicenseRecord
source
  Input should be 'pexels', 'pixabay', 'wikimedia', 'archive_org', 'youtube_cc' or 'owned' [type=literal_error, input_value='rehydration', input_type=str]
    For further information visit https://errors.pydantic.dev/2.13/v/literal_error
verified_by
  Input should be 'api' or 'manual' [type=literal_error, input_value='manual-rehydration-2026-08-06', input_type=str]
    For further information visit https://errors.pydantic.dev/2.13/v/literal_error
09:04:08 WARNING studio.ingest: rejeitado (licença): pexels_32710175.mp4 — registo de licença inválido: 2 validation errors for LicenseRecord
source
  Input should be 'pexels', 'pixabay', 'wikimedia', 'archive_org', 'youtube_cc' or 'owned' [type=literal_error, input_value='rehydration', input_type=str]
    For further information visit https://errors.pydantic.dev/2.13/v/literal_error
verified_by
  Input should be 'api' or 'manual' [type=literal_error, input_value='manual-rehydration-2026-08-06', input_type=str]
    For further information visit https://errors.pydantic.dev/2.13/v/literal_error
09:04:08 WARNING studio.ingest: rejeitado (licença): pexels_32710202.mp4 — registo de licença inválido: 2 validation errors for LicenseRecord
source
  Input should be 'pexels', 'pixabay', 'wikimedia', 'archive_org', 'youtube_cc' or 'owned' [type=literal_error, input_value='rehydration', input_type=str]
    For further information visit https://errors.pydantic.dev/2.13/v/literal_error
verified_by
  Input should be 'api' or 'manual' [type=literal_error, input_value='manual-rehydration-2026-08-06', input_type=str]
    For further information visit https://errors.pydantic.dev/2.13/v/literal_error
09:04:08 WARNING studio.ingest: rejeitado (licença): pexels_32710206.mp4 — registo de licença inválido: 2 validation errors for LicenseRecord
source
  Input should be 'pexels', 'pixabay', 'wikimedia', 'archive_org', 'youtube_cc' or 'owned' [type=literal_error, input_value='rehydration', input_type=str]
    For further information visit https://errors.pydantic.dev/2.13/v/literal_error
verified_by
  Input should be 'api' or 'manual' [type=literal_error, input_value='manual-rehydration-2026-08-06', input_type=str]
    For further information visit https://errors.pydantic.dev/2.13/v/literal_error
09:04:08 WARNING studio.ingest: rejeitado (licença): pexels_32710209.mp4 — registo de licença inválido: 2 validation errors for LicenseRecord
source
  Input should be 'pexels', 'pixabay', 'wikimedia', 'archive_org', 'youtube_cc' or 'owned' [type=literal_error, input_value='rehydration', input_type=str]
    For further information visit https://errors.pydantic.dev/2.13/v/literal_error
verified_by
  Input should be 'api' or 'manual' [type=literal_error, input_value='manual-rehydration-2026-08-06', input_type=str]
    For further information visit https://errors.pydantic.dev/2.13/v/literal_error
09:04:08 WARNING studio.ingest: rejeitado (licença): pexels_32978365.mp4 — registo de licença inválido: 2 validation errors for LicenseRecord
source
  Input should be 'pexels', 'pixabay', 'wikimedia', 'archive_org', 'youtube_cc' or 'owned' [type=literal_error, input_value='rehydration', input_type=str]
    For further information visit https://errors.pydantic.dev/2.13/v/literal_error
verified_by
  Input should be 'api' or 'manual' [type=literal_error, input_value='manual-rehydration-2026-08-06', input_type=str]
    For further information visit https://errors.pydantic.dev/2.13/v/literal_error
09:04:08 WARNING studio.ingest: rejeitado (licença): pexels_33053868.mp4 — registo de licença inválido: 2 validation errors for LicenseRecord
source
  Input should be 'pexels', 'pixabay', 'wikimedia', 'archive_org', 'youtube_cc' or 'owned' [type=literal_error, input_value='rehydration', input_type=str]
    For further information visit https://errors.pydantic.dev/2.13/v/literal_error
verified_by
  Input should be 'api' or 'manual' [type=literal_error, input_value='manual-rehydration-2026-08-06', input_type=str]
    For further information visit https://errors.pydantic.dev/2.13/v/literal_error
09:04:08 WARNING studio.ingest: rejeitado (licença): pexels_33053869.mp4 — registo de licença inválido: 2 validation errors for LicenseRecord
source
  Input should be 'pexels', 'pixabay', 'wikimedia', 'archive_org', 'youtube_cc' or 'owned' [type=literal_error, input_value='rehydration', input_type=str]
    For further information visit https://errors.pydantic.dev/2.13/v/literal_error
verified_by
  Input should be 'api' or 'manual' [type=literal_error, input_value='manual-rehydration-2026-08-06', input_type=str]
    For further information visit https://errors.pydantic.dev/2.13/v/literal_error
[ 270/1075] [rej]   0.0s  shots:+0  pexels_33053869.mp4 (ETA ~0min)
09:04:08 WARNING studio.ingest: rejeitado (licença): pexels_33053871.mp4 — registo de licença inválido: 2 validation errors for LicenseRecord
source
  Input should be 'pexels', 'pixabay', 'wikimedia', 'archive_org', 'youtube_cc' or 'owned' [type=literal_error, input_value='rehydration', input_type=str]
    For further information visit https://errors.pydantic.dev/2.13/v/literal_error
verified_by
  Input should be 'api' or 'manual' [type=literal_error, input_value='manual-rehydration-2026-08-06', input_type=str]
    For further information visit https://errors.pydantic.dev/2.13/v/literal_error
09:04:08 WARNING studio.ingest: rejeitado (licença): pexels_33053998.mp4 — registo de licença inválido: 2 validation errors for LicenseRecord
source
  Input should be 'pexels', 'pixabay', 'wikimedia', 'archive_org', 'youtube_cc' or 'owned' [type=literal_error, input_value='rehydration', input_type=str]
    For further information visit https://errors.pydantic.dev/2.13/v/literal_error
verified_by
  Input should be 'api' or 'manual' [type=literal_error, input_value='manual-rehydration-2026-08-06', input_type=str]
    For further information visit https://errors.pydantic.dev/2.13/v/literal_error
09:04:08 WARNING studio.ingest: rejeitado (licença): pexels_33053999.mp4 — registo de licença inválido: 2 validation errors for LicenseRecord
source
  Input should be 'pexels', 'pixabay', 'wikimedia', 'archive_org', 'youtube_cc' or 'owned' [type=literal_error, input_value='rehydration', input_type=str]
    For further information visit https://errors.pydantic.dev/2.13/v/literal_error
verified_by
  Input should be 'api' or 'manual' [type=literal_error, input_value='manual-rehydration-2026-08-06', input_type=str]
    For further information visit https://errors.pydantic.dev/2.13/v/literal_error
09:04:08 WARNING studio.ingest: rejeitado (licença): pexels_33098049.mp4 — registo de licença inválido: 2 validation errors for LicenseRecord
source
  Input should be 'pexels', 'pixabay', 'wikimedia', 'archive_org', 'youtube_cc' or 'owned' [type=literal_error, input_value='rehydration', input_type=str]
    For further information visit https://errors.pydantic.dev/2.13/v/literal_error
verified_by
  Input should be 'api' or 'manual' [type=literal_error, input_value='manual-rehydration-2026-08-06', input_type=str]
    For further information visit https://errors.pydantic.dev/2.13/v/literal_error
09:04:08 WARNING studio.ingest: rejeitado (licença): pexels_33098126.mp4 — registo de licença inválido: 2 validation errors for LicenseRecord
source
  Input should be 'pexels', 'pixabay', 'wikimedia', 'archive_org', 'youtube_cc' or 'owned' [type=literal_error, input_value='rehydration', input_type=str]
    For further information visit https://errors.pydantic.dev/2.13/v/literal_error
verified_by
  Input should be 'api' or 'manual' [type=literal_error, input_value='manual-rehydration-2026-08-06', input_type=str]
    For further information visit https://errors.pydantic.dev/2.13/v/literal_error
09:04:08 WARNING studio.ingest: rejeitado (licença): pexels_33170275.mp4 — registo de licença inválido: 2 validation errors for LicenseRecord
source
  Input should be 'pexels', 'pixabay', 'wikimedia', 'archive_org', 'youtube_cc' or 'owned' [type=literal_error, input_value='rehydration', input_type=str]
    For further information visit https://errors.pydantic.dev/2.13/v/literal_error
verified_by
  Input should be 'api' or 'manual' [type=literal_error, input_value='manual-rehydration-2026-08-06', input_type=str]
    For further information visit https://errors.pydantic.dev/2.13/v/literal_error
09:04:08 WARNING studio.ingest: rejeitado (licença): pexels_33170280.mp4 — registo de licença inválido: 2 validation errors for LicenseRecord
source
  Input should be 'pexels', 'pixabay', 'wikimedia', 'archive_org', 'youtube_cc' or 'owned' [type=literal_error, input_value='rehydration', input_type=str]
    For further information visit https://errors.pydantic.dev/2.13/v/literal_error
verified_by
  Input should be 'api' or 'manual' [type=literal_error, input_value='manual-rehydration-2026-08-06', input_type=str]
    For further information visit https://errors.pydantic.dev/2.13/v/literal_error
09:04:08 WARNING studio.ingest: rejeitado (licença): pexels_33170318.mp4 — registo de licença inválido: 2 validation errors for LicenseRecord
source
  Input should be 'pexels', 'pixabay', 'wikimedia', 'archive_org', 'youtube_cc' or 'owned' [type=literal_error, input_value='rehydration', input_type=str]
    For further information visit https://errors.pydantic.dev/2.13/v/literal_error
verified_by
  Input should be 'api' or 'manual' [type=literal_error, input_value='manual-rehydration-2026-08-06', input_type=str]
    For further information visit https://errors.pydantic.dev/2.13/v/literal_error
09:04:08 WARNING studio.ingest: rejeitado (licença): pexels_33402648.mp4 — registo de licença inválido: 2 validation errors for LicenseRecord
source
  Input should be 'pexels', 'pixabay', 'wikimedia', 'archive_org', 'youtube_cc' or 'owned' [type=literal_error, input_value='rehydration', input_type=str]
    For further information visit https://errors.pydantic.dev/2.13/v/literal_error
verified_by
  Input should be 'api' or 'manual' [type=literal_error, input_value='manual-rehydration-2026-08-06', input_type=str]
    For further information visit https://errors.pydantic.dev/2.13/v/literal_error
09:04:08 WARNING studio.ingest: rejeitado (licença): pexels_3408135.mp4 — registo de licença inválido: 2 validation errors for LicenseRecord
source
  Input should be 'pexels', 'pixabay', 'wikimedia', 'archive_org', 'youtube_cc' or 'owned' [type=literal_error, input_value='rehydration', input_type=str]
    For further information visit https://errors.pydantic.dev/2.13/v/literal_error
verified_by
  Input should be 'api' or 'manual' [type=literal_error, input_value='manual-rehydration-2026-08-06', input_type=str]
    For further information visit https://errors.pydantic.dev/2.13/v/literal_error
[ 280/1075] [rej]   0.0s  shots:+0  pexels_3408135.mp4 (ETA ~0min)
09:04:08 WARNING studio.ingest: rejeitado (licença): pexels_34141286.mp4 — registo de licença inválido: 2 validation errors for LicenseRecord
source
  Input should be 'pexels', 'pixabay', 'wikimedia', 'archive_org', 'youtube_cc' or 'owned' [type=literal_error, input_value='rehydration', input_type=str]
    For further information visit https://errors.pydantic.dev/2.13/v/literal_error
verified_by
  Input should be 'api' or 'manual' [type=literal_error, input_value='manual-rehydration-2026-08-06', input_type=str]
    For further information visit https://errors.pydantic.dev/2.13/v/literal_error
09:04:08 WARNING studio.ingest: rejeitado (licença): pexels_34150470.mp4 — registo de licença inválido: 2 validation errors for LicenseRecord
source
  Input should be 'pexels', 'pixabay', 'wikimedia', 'archive_org', 'youtube_cc' or 'owned' [type=literal_error, input_value='rehydration', input_type=str]
    For further information visit https://errors.pydantic.dev/2.13/v/literal_error
verified_by
  Input should be 'api' or 'manual' [type=literal_error, input_value='manual-rehydration-2026-08-06', input_type=str]
    For further information visit https://errors.pydantic.dev/2.13/v/literal_error
09:04:08 WARNING studio.ingest: rejeitado (licença): pexels_34178850.mp4 — registo de licença inválido: 2 validation errors for LicenseRecord
source
  Input should be 'pexels', 'pixabay', 'wikimedia', 'archive_org', 'youtube_cc' or 'owned' [type=literal_error, input_value='rehydration', input_type=str]
    For further information visit https://errors.pydantic.dev/2.13/v/literal_error
verified_by
  Input should be 'api' or 'manual' [type=literal_error, input_value='manual-rehydration-2026-08-06', input_type=str]
    For further information visit https://errors.pydantic.dev/2.13/v/literal_error
09:04:08 WARNING studio.ingest: rejeitado (licença): pexels_34242290.mp4 — registo de licença inválido: 2 validation errors for LicenseRecord
source
  Input should be 'pexels', 'pixabay', 'wikimedia', 'archive_org', 'youtube_cc' or 'owned' [type=literal_error, input_value='rehydration', input_type=str]
    For further information visit https://errors.pydantic.dev/2.13/v/literal_error
verified_by
  Input should be 'api' or 'manual' [type=literal_error, input_value='manual-rehydration-2026-08-06', input_type=str]
    For further information visit https://errors.pydantic.dev/2.13/v/literal_error
09:04:08 WARNING studio.ingest: rejeitado (licença): pexels_34282848.mp4 — registo de licença inválido: 2 validation errors for LicenseRecord
source
  Input should be 'pexels', 'pixabay', 'wikimedia', 'archive_org', 'youtube_cc' or 'owned' [type=literal_error, input_value='rehydration', input_type=str]
    For further information visit https://errors.pydantic.dev/2.13/v/literal_error
verified_by
  Input should be 'api' or 'manual' [type=literal_error, input_value='manual-rehydration-2026-08-06', input_type=str]
    For further information visit https://errors.pydantic.dev/2.13/v/literal_error
09:04:08 WARNING studio.ingest: rejeitado (licença): pexels_34282855.mp4 — registo de licença inválido: 2 validation errors for LicenseRecord
source
  Input should be 'pexels', 'pixabay', 'wikimedia', 'archive_org', 'youtube_cc' or 'owned' [type=literal_error, input_value='rehydration', input_type=str]
    For further information visit https://errors.pydantic.dev/2.13/v/literal_error
verified_by
  Input should be 'api' or 'manual' [type=literal_error, input_value='manual-rehydration-2026-08-06', input_type=str]
    For further information visit https://errors.pydantic.dev/2.13/v/literal_error
09:04:08 WARNING studio.ingest: rejeitado (licença): pexels_34282859.mp4 — registo de licença inválido: 2 validation errors for LicenseRecord
source
  Input should be 'pexels', 'pixabay', 'wikimedia', 'archive_org', 'youtube_cc' or 'owned' [type=literal_error, input_value='rehydration', input_type=str]
    For further information visit https://errors.pydantic.dev/2.13/v/literal_error
verified_by
  Input should be 'api' or 'manual' [type=literal_error, input_value='manual-rehydration-2026-08-06', input_type=str]
    For further information visit https://errors.pydantic.dev/2.13/v/literal_error
09:04:08 WARNING studio.ingest: rejeitado (licença): pexels_34282864.mp4 — registo de licença inválido: 2 validation errors for LicenseRecord
source
  Input should be 'pexels', 'pixabay', 'wikimedia', 'archive_org', 'youtube_cc' or 'owned' [type=literal_error, input_value='rehydration', input_type=str]
    For further information visit https://errors.pydantic.dev/2.13/v/literal_error
verified_by
  Input should be 'api' or 'manual' [type=literal_error, input_value='manual-rehydration-2026-08-06', input_type=str]
    For further information visit https://errors.pydantic.dev/2.13/v/literal_error
09:04:08 WARNING studio.ingest: rejeitado (licença): pexels_34282866.mp4 — registo de licença inválido: 2 validation errors for LicenseRecord
source
  Input should be 'pexels', 'pixabay', 'wikimedia', 'archive_org', 'youtube_cc' or 'owned' [type=literal_error, input_value='rehydration', input_type=str]
    For further information visit https://errors.pydantic.dev/2.13/v/literal_error
verified_by
  Input should be 'api' or 'manual' [type=literal_error, input_value='manual-rehydration-2026-08-06', input_type=str]
    For further information visit https://errors.pydantic.dev/2.13/v/literal_error
09:04:08 WARNING studio.ingest: rejeitado (licença): pexels_34282872.mp4 — registo de licença inválido: 2 validation errors for LicenseRecord
source
  Input should be 'pexels', 'pixabay', 'wikimedia', 'archive_org', 'youtube_cc' or 'owned' [type=literal_error, input_value='rehydration', input_type=str]
    For further information visit https://errors.pydantic.dev/2.13/v/literal_error
verified_by
  Input should be 'api' or 'manual' [type=literal_error, input_value='manual-rehydration-2026-08-06', input_type=str]
    For further information visit https://errors.pydantic.dev/2.13/v/literal_error
[ 290/1075] [rej]   0.0s  shots:+0  pexels_34282872.mp4 (ETA ~0min)
09:04:08 WARNING studio.ingest: rejeitado (licença): pexels_34282888.mp4 — registo de licença inválido: 2 validation errors for LicenseRecord
source
  Input should be 'pexels', 'pixabay', 'wikimedia', 'archive_org', 'youtube_cc' or 'owned' [type=literal_error, input_value='rehydration', input_type=str]
    For further information visit https://errors.pydantic.dev/2.13/v/literal_error
verified_by
  Input should be 'api' or 'manual' [type=literal_error, input_value='manual-rehydration-2026-08-06', input_type=str]
    For further information visit https://errors.pydantic.dev/2.13/v/literal_error
09:04:08 WARNING studio.ingest: rejeitado (licença): pexels_34282941.mp4 — registo de licença inválido: 2 validation errors for LicenseRecord
source
  Input should be 'pexels', 'pixabay', 'wikimedia', 'archive_org', 'youtube_cc' or 'owned' [type=literal_error, input_value='rehydration', input_type=str]
    For further information visit https://errors.pydantic.dev/2.13/v/literal_error
verified_by
  Input should be 'api' or 'manual' [type=literal_error, input_value='manual-rehydration-2026-08-06', input_type=str]
    For further information visit https://errors.pydantic.dev/2.13/v/literal_error
09:04:08 WARNING studio.ingest: rejeitado (licença): pexels_34283055.mp4 — registo de licença inválido: 2 validation errors for LicenseRecord
source
  Input should be 'pexels', 'pixabay', 'wikimedia', 'archive_org', 'youtube_cc' or 'owned' [type=literal_error, input_value='rehydration', input_type=str]
    For further information visit https://errors.pydantic.dev/2.13/v/literal_error
verified_by
  Input should be 'api' or 'manual' [type=literal_error, input_value='manual-rehydration-2026-08-06', input_type=str]
    For further information visit https://errors.pydantic.dev/2.13/v/literal_error
09:04:08 WARNING studio.ingest: rejeitado (licença): pexels_34283118.mp4 — registo de licença inválido: 2 validation errors for LicenseRecord
source
  Input should be 'pexels', 'pixabay', 'wikimedia', 'archive_org', 'youtube_cc' or 'owned' [type=literal_error, input_value='rehydration', input_type=str]
    For further information visit https://errors.pydantic.dev/2.13/v/literal_error
verified_by
  Input should be 'api' or 'manual' [type=literal_error, input_value='manual-rehydration-2026-08-06', input_type=str]
    For further information visit https://errors.pydantic.dev/2.13/v/literal_error
09:04:08 WARNING studio.ingest: rejeitado (licença): pexels_34283121.mp4 — registo de licença inválido: 2 validation errors for LicenseRecord
source
  Input should be 'pexels', 'pixabay', 'wikimedia', 'archive_org', 'youtube_cc' or 'owned' [type=literal_error, input_value='rehydration', input_type=str]
    For further information visit https://errors.pydantic.dev/2.13/v/literal_error
verified_by
  Input should be 'api' or 'manual' [type=literal_error, input_value='manual-rehydration-2026-08-06', input_type=str]
    For further information visit https://errors.pydantic.dev/2.13/v/literal_error
09:04:08 WARNING studio.ingest: rejeitado (licença): pexels_34283122.mp4 — registo de licença inválido: 2 validation errors for LicenseRecord
source
  Input should be 'pexels', 'pixabay', 'wikimedia', 'archive_org', 'youtube_cc' or 'owned' [type=literal_error, input_value='rehydration', input_type=str]
    For further information visit https://errors.pydantic.dev/2.13/v/literal_error
verified_by
  Input should be 'api' or 'manual' [type=literal_error, input_value='manual-rehydration-2026-08-06', input_type=str]
    For further information visit https://errors.pydantic.dev/2.13/v/literal_error
09:04:08 WARNING studio.ingest: rejeitado (licença): pexels_34283131.mp4 — registo de licença inválido: 2 validation errors for LicenseRecord
source
  Input should be 'pexels', 'pixabay', 'wikimedia', 'archive_org', 'youtube_cc' or 'owned' [type=literal_error, input_value='rehydration', input_type=str]
    For further information visit https://errors.pydantic.dev/2.13/v/literal_error
verified_by
  Input should be 'api' or 'manual' [type=literal_error, input_value='manual-rehydration-2026-08-06', input_type=str]
    For further information visit https://errors.pydantic.dev/2.13/v/literal_error
09:04:08 WARNING studio.ingest: rejeitado (licença): pexels_34283132.mp4 — registo de licença inválido: 2 validation errors for LicenseRecord
source
  Input should be 'pexels', 'pixabay', 'wikimedia', 'archive_org', 'youtube_cc' or 'owned' [type=literal_error, input_value='rehydration', input_type=str]
    For further information visit https://errors.pydantic.dev/2.13/v/literal_error
verified_by
  Input should be 'api' or 'manual' [type=literal_error, input_value='manual-rehydration-2026-08-06', input_type=str]
    For further information visit https://errors.pydantic.dev/2.13/v/literal_error
09:04:08 WARNING studio.ingest: rejeitado (licença): pexels_34283214.mp4 — registo de licença inválido: 2 validation errors for LicenseRecord
source
  Input should be 'pexels', 'pixabay', 'wikimedia', 'archive_org', 'youtube_cc' or 'owned' [type=literal_error, input_value='rehydration', input_type=str]
    For further information visit https://errors.pydantic.dev/2.13/v/literal_error
verified_by
  Input should be 'api' or 'manual' [type=literal_error, input_value='manual-rehydration-2026-08-06', input_type=str]
    For further information visit https://errors.pydantic.dev/2.13/v/literal_error
09:04:08 WARNING studio.ingest: rejeitado (licença): pexels_34284982.mp4 — registo de licença inválido: 2 validation errors for LicenseRecord
source
  Input should be 'pexels', 'pixabay', 'wikimedia', 'archive_org', 'youtube_cc' or 'owned' [type=literal_error, input_value='rehydration', input_type=str]
    For further information visit https://errors.pydantic.dev/2.13/v/literal_error
verified_by
  Input should be 'api' or 'manual' [type=literal_error, input_value='manual-rehydration-2026-08-06', input_type=str]
    For further information visit https://errors.pydantic.dev/2.13/v/literal_error
[ 300/1075] [rej]   0.0s  shots:+0  pexels_34284982.mp4 (ETA ~0min)
09:04:08 WARNING studio.ingest: rejeitado (licença): pexels_34285002.mp4 — registo de licença inválido: 2 validation errors for LicenseRecord
source
  Input should be 'pexels', 'pixabay', 'wikimedia', 'archive_org', 'youtube_cc' or 'owned' [type=literal_error, input_value='rehydration', input_type=str]
    For further information visit https://errors.pydantic.dev/2.13/v/literal_error
verified_by
  Input should be 'api' or 'manual' [type=literal_error, input_value='manual-rehydration-2026-08-06', input_type=str]
    For further information visit https://errors.pydantic.dev/2.13/v/literal_error
09:04:08 WARNING studio.ingest: rejeitado (licença): pexels_34285869.mp4 — registo de licença inválido: 2 validation errors for LicenseRecord
source
  Input should be 'pexels', 'pixabay', 'wikimedia', 'archive_org', 'youtube_cc' or 'owned' [type=literal_error, input_value='rehydration', input_type=str]
    For further information visit https://errors.pydantic.dev/2.13/v/literal_error
verified_by
  Input should be 'api' or 'manual' [type=literal_error, input_value='manual-rehydration-2026-08-06', input_type=str]
    For further information visit https://errors.pydantic.dev/2.13/v/literal_error
09:04:08 WARNING studio.ingest: rejeitado (licença): pexels_34286379.mp4 — registo de licença inválido: 2 validation errors for LicenseRecord
source
  Input should be 'pexels', 'pixabay', 'wikimedia', 'archive_org', 'youtube_cc' or 'owned' [type=literal_error, input_value='rehydration', input_type=str]
    For further information visit https://errors.pydantic.dev/2.13/v/literal_error
verified_by
  Input should be 'api' or 'manual' [type=literal_error, input_value='manual-rehydration-2026-08-06', input_type=str]
    For further information visit https://errors.pydantic.dev/2.13/v/literal_error
09:04:08 WARNING studio.ingest: rejeitado (licença): pexels_34286437.mp4 — registo de licença inválido: 2 validation errors for LicenseRecord
source
  Input should be 'pexels', 'pixabay', 'wikimedia', 'archive_org', 'youtube_cc' or 'owned' [type=literal_error, input_value='rehydration', input_type=str]
    For further information visit https://errors.pydantic.dev/2.13/v/literal_error
verified_by
  Input should be 'api' or 'manual' [type=literal_error, input_value='manual-rehydration-2026-08-06', input_type=str]
    For further information visit https://errors.pydantic.dev/2.13/v/literal_error
09:04:08 WARNING studio.ingest: rejeitado (licença): pexels_34286731.mp4 — registo de licença inválido: 2 validation errors for LicenseRecord
source
  Input should be 'pexels', 'pixabay', 'wikimedia', 'archive_org', 'youtube_cc' or 'owned' [type=literal_error, input_value='rehydration', input_type=str]
    For further information visit https://errors.pydantic.dev/2.13/v/literal_error
verified_by
  Input should be 'api' or 'manual' [type=literal_error, input_value='manual-rehydration-2026-08-06', input_type=str]
    For further information visit https://errors.pydantic.dev/2.13/v/literal_error
09:04:08 WARNING studio.ingest: rejeitado (licença): pexels_34286756.mp4 — registo de licença inválido: 2 validation errors for LicenseRecord
source
  Input should be 'pexels', 'pixabay', 'wikimedia', 'archive_org', 'youtube_cc' or 'owned' [type=literal_error, input_value='rehydration', input_type=str]
    For further information visit https://errors.pydantic.dev/2.13/v/literal_error
verified_by
  Input should be 'api' or 'manual' [type=literal_error, input_value='manual-rehydration-2026-08-06', input_type=str]
    For further information visit https://errors.pydantic.dev/2.13/v/literal_error
09:04:08 WARNING studio.ingest: rejeitado (licença): pexels_34335676.mp4 — registo de licença inválido: 2 validation errors for LicenseRecord
source
  Input should be 'pexels', 'pixabay', 'wikimedia', 'archive_org', 'youtube_cc' or 'owned' [type=literal_error, input_value='rehydration', input_type=str]
    For further information visit https://errors.pydantic.dev/2.13/v/literal_error
verified_by
  Input should be 'api' or 'manual' [type=literal_error, input_value='manual-rehydration-2026-08-06', input_type=str]
    For further information visit https://errors.pydantic.dev/2.13/v/literal_error
09:04:08 WARNING studio.ingest: rejeitado (licença): pexels_34395729.mp4 — registo de licença inválido: 2 validation errors for LicenseRecord
source
  Input should be 'pexels', 'pixabay', 'wikimedia', 'archive_org', 'youtube_cc' or 'owned' [type=literal_error, input_value='rehydration', input_type=str]
    For further information visit https://errors.pydantic.dev/2.13/v/literal_error
verified_by
  Input should be 'api' or 'manual' [type=literal_error, input_value='manual-rehydration-2026-08-06', input_type=str]
    For further information visit https://errors.pydantic.dev/2.13/v/literal_error
09:04:08 WARNING studio.ingest: rejeitado (licença): pexels_34395744.mp4 — registo de licença inválido: 2 validation errors for LicenseRecord
source
  Input should be 'pexels', 'pixabay', 'wikimedia', 'archive_org', 'youtube_cc' or 'owned' [type=literal_error, input_value='rehydration', input_type=str]
    For further information visit https://errors.pydantic.dev/2.13/v/literal_error
verified_by
  Input should be 'api' or 'manual' [type=literal_error, input_value='manual-rehydration-2026-08-06', input_type=str]
    For further information visit https://errors.pydantic.dev/2.13/v/literal_error
09:04:08 WARNING studio.ingest: rejeitado (licença): pexels_34395747.mp4 — registo de licença inválido: 2 validation errors for LicenseRecord
source
  Input should be 'pexels', 'pixabay', 'wikimedia', 'archive_org', 'youtube_cc' or 'owned' [type=literal_error, input_value='rehydration', input_type=str]
    For further information visit https://errors.pydantic.dev/2.13/v/literal_error
verified_by
  Input should be 'api' or 'manual' [type=literal_error, input_value='manual-rehydration-2026-08-06', input_type=str]
    For further information visit https://errors.pydantic.dev/2.13/v/literal_error
[ 310/1075] [rej]   0.0s  shots:+0  pexels_34395747.mp4 (ETA ~0min)
09:04:08 WARNING studio.ingest: rejeitado (licença): pexels_34395771.mp4 — registo de licença inválido: 2 validation errors for LicenseRecord
source
  Input should be 'pexels', 'pixabay', 'wikimedia', 'archive_org', 'youtube_cc' or 'owned' [type=literal_error, input_value='rehydration', input_type=str]
    For further information visit https://errors.pydantic.dev/2.13/v/literal_error
verified_by
  Input should be 'api' or 'manual' [type=literal_error, input_value='manual-rehydration-2026-08-06', input_type=str]
    For further information visit https://errors.pydantic.dev/2.13/v/literal_error
09:04:08 WARNING studio.ingest: rejeitado (licença): pexels_34395798.mp4 — registo de licença inválido: 2 validation errors for LicenseRecord
source
  Input should be 'pexels', 'pixabay', 'wikimedia', 'archive_org', 'youtube_cc' or 'owned' [type=literal_error, input_value='rehydration', input_type=str]
    For further information visit https://errors.pydantic.dev/2.13/v/literal_error
verified_by
  Input should be 'api' or 'manual' [type=literal_error, input_value='manual-rehydration-2026-08-06', input_type=str]
    For further information visit https://errors.pydantic.dev/2.13/v/literal_error
09:04:08 WARNING studio.ingest: rejeitado (licença): pexels_34395901.mp4 — registo de licença inválido: 2 validation errors for LicenseRecord
source
  Input should be 'pexels', 'pixabay', 'wikimedia', 'archive_org', 'youtube_cc' or 'owned' [type=literal_error, input_value='rehydration', input_type=str]
    For further information visit https://errors.pydantic.dev/2.13/v/literal_error
verified_by
  Input should be 'api' or 'manual' [type=literal_error, input_value='manual-rehydration-2026-08-06', input_type=str]
    For further information visit https://errors.pydantic.dev/2.13/v/literal_error
09:04:08 WARNING studio.ingest: rejeitado (licença): pexels_34395904.mp4 — registo de licença inválido: 2 validation errors for LicenseRecord
source
  Input should be 'pexels', 'pixabay', 'wikimedia', 'archive_org', 'youtube_cc' or 'owned' [type=literal_error, input_value='rehydration', input_type=str]
    For further information visit https://errors.pydantic.dev/2.13/v/literal_error
verified_by
  Input should be 'api' or 'manual' [type=literal_error, input_value='manual-rehydration-2026-08-06', input_type=str]
    For further information visit https://errors.pydantic.dev/2.13/v/literal_error
09:04:08 WARNING studio.ingest: rejeitado (licença): pexels_34396095.mp4 — registo de licença inválido: 2 validation errors for LicenseRecord
source
  Input should be 'pexels', 'pixabay', 'wikimedia', 'archive_org', 'youtube_cc' or 'owned' [type=literal_error, input_value='rehydration', input_type=str]
    For further information visit https://errors.pydantic.dev/2.13/v/literal_error
verified_by
  Input should be 'api' or 'manual' [type=literal_error, input_value='manual-rehydration-2026-08-06', input_type=str]
    For further information visit https://errors.pydantic.dev/2.13/v/literal_error
09:04:08 WARNING studio.ingest: rejeitado (licença): pexels_34396518.mp4 — registo de licença inválido: 2 validation errors for LicenseRecord
source
  Input should be 'pexels', 'pixabay', 'wikimedia', 'archive_org', 'youtube_cc' or 'owned' [type=literal_error, input_value='rehydration', input_type=str]
    For further information visit https://errors.pydantic.dev/2.13/v/literal_error
verified_by
  Input should be 'api' or 'manual' [type=literal_error, input_value='manual-rehydration-2026-08-06', input_type=str]
    For further information visit https://errors.pydantic.dev/2.13/v/literal_error
09:04:08 WARNING studio.ingest: rejeitado (licença): pexels_34396525.mp4 — registo de licença inválido: 2 validation errors for LicenseRecord
source
  Input should be 'pexels', 'pixabay', 'wikimedia', 'archive_org', 'youtube_cc' or 'owned' [type=literal_error, input_value='rehydration', input_type=str]
    For further information visit https://errors.pydantic.dev/2.13/v/literal_error
verified_by
  Input should be 'api' or 'manual' [type=literal_error, input_value='manual-rehydration-2026-08-06', input_type=str]
    For further information visit https://errors.pydantic.dev/2.13/v/literal_error
09:04:08 WARNING studio.ingest: rejeitado (licença): pexels_34396573.mp4 — registo de licença inválido: 2 validation errors for LicenseRecord
source
  Input should be 'pexels', 'pixabay', 'wikimedia', 'archive_org', 'youtube_cc' or 'owned' [type=literal_error, input_value='rehydration', input_type=str]
    For further information visit https://errors.pydantic.dev/2.13/v/literal_error
verified_by
  Input should be 'api' or 'manual' [type=literal_error, input_value='manual-rehydration-2026-08-06', input_type=str]
    For further information visit https://errors.pydantic.dev/2.13/v/literal_error
09:04:08 WARNING studio.ingest: rejeitado (licença): pexels_34397127.mp4 — registo de licença inválido: 2 validation errors for LicenseRecord
source
  Input should be 'pexels', 'pixabay', 'wikimedia', 'archive_org', 'youtube_cc' or 'owned' [type=literal_error, input_value='rehydration', input_type=str]
    For further information visit https://errors.pydantic.dev/2.13/v/literal_error
verified_by
  Input should be 'api' or 'manual' [type=literal_error, input_value='manual-rehydration-2026-08-06', input_type=str]
    For further information visit https://errors.pydantic.dev/2.13/v/literal_error
09:04:08 WARNING studio.ingest: rejeitado (licença): pexels_34397139.mp4 — registo de licença inválido: 2 validation errors for LicenseRecord
source
  Input should be 'pexels', 'pixabay', 'wikimedia', 'archive_org', 'youtube_cc' or 'owned' [type=literal_error, input_value='rehydration', input_type=str]
    For further information visit https://errors.pydantic.dev/2.13/v/literal_error
verified_by
  Input should be 'api' or 'manual' [type=literal_error, input_value='manual-rehydration-2026-08-06', input_type=str]
    For further information visit https://errors.pydantic.dev/2.13/v/literal_error
[ 320/1075] [rej]   0.0s  shots:+0  pexels_34397139.mp4 (ETA ~0min)
09:04:08 WARNING studio.ingest: rejeitado (licença): pexels_34484021.mp4 — registo de licença inválido: 2 validation errors for LicenseRecord
source
  Input should be 'pexels', 'pixabay', 'wikimedia', 'archive_org', 'youtube_cc' or 'owned' [type=literal_error, input_value='rehydration', input_type=str]
    For further information visit https://errors.pydantic.dev/2.13/v/literal_error
verified_by
  Input should be 'api' or 'manual' [type=literal_error, input_value='manual-rehydration-2026-08-06', input_type=str]
    For further information visit https://errors.pydantic.dev/2.13/v/literal_error
09:04:08 WARNING studio.ingest: rejeitado (licença): pexels_34540056.mp4 — registo de licença inválido: 2 validation errors for LicenseRecord
source
  Input should be 'pexels', 'pixabay', 'wikimedia', 'archive_org', 'youtube_cc' or 'owned' [type=literal_error, input_value='rehydration', input_type=str]
    For further information visit https://errors.pydantic.dev/2.13/v/literal_error
verified_by
  Input should be 'api' or 'manual' [type=literal_error, input_value='manual-rehydration-2026-08-06', input_type=str]
    For further information visit https://errors.pydantic.dev/2.13/v/literal_error
09:04:08 WARNING studio.ingest: rejeitado (licença): pexels_34556311.mp4 — registo de licença inválido: 2 validation errors for LicenseRecord
source
  Input should be 'pexels', 'pixabay', 'wikimedia', 'archive_org', 'youtube_cc' or 'owned' [type=literal_error, input_value='rehydration', input_type=str]
    For further information visit https://errors.pydantic.dev/2.13/v/literal_error
verified_by
  Input should be 'api' or 'manual' [type=literal_error, input_value='manual-rehydration-2026-08-06', input_type=str]
    For further information visit https://errors.pydantic.dev/2.13/v/literal_error
09:04:08 WARNING studio.ingest: rejeitado (licença): pexels_34588330.mp4 — registo de licença inválido: 2 validation errors for LicenseRecord
source
  Input should be 'pexels', 'pixabay', 'wikimedia', 'archive_org', 'youtube_cc' or 'owned' [type=literal_error, input_value='rehydration', input_type=str]
    For further information visit https://errors.pydantic.dev/2.13/v/literal_error
verified_by
  Input should be 'api' or 'manual' [type=literal_error, input_value='manual-rehydration-2026-08-06', input_type=str]
    For further information visit https://errors.pydantic.dev/2.13/v/literal_error
09:04:08 WARNING studio.ingest: rejeitado (licença): pexels_34697864.mp4 — registo de licença inválido: 2 validation errors for LicenseRecord
source
  Input should be 'pexels', 'pixabay', 'wikimedia', 'archive_org', 'youtube_cc' or 'owned' [type=literal_error, input_value='rehydration', input_type=str]
    For further information visit https://errors.pydantic.dev/2.13/v/literal_error
verified_by
  Input should be 'api' or 'manual' [type=literal_error, input_value='manual-rehydration-2026-08-06', input_type=str]
    For further information visit https://errors.pydantic.dev/2.13/v/literal_error
09:04:08 WARNING studio.ingest: rejeitado (licença): pexels_34720127.mp4 — registo de licença inválido: 2 validation errors for LicenseRecord
source
  Input should be 'pexels', 'pixabay', 'wikimedia', 'archive_org', 'youtube_cc' or 'owned' [type=literal_error, input_value='rehydration', input_type=str]
    For further information visit https://errors.pydantic.dev/2.13/v/literal_error
verified_by
  Input should be 'api' or 'manual' [type=literal_error, input_value='manual-rehydration-2026-08-06', input_type=str]
    For further information visit https://errors.pydantic.dev/2.13/v/literal_error
09:04:08 WARNING studio.ingest: rejeitado (licença): pexels_34743478.mp4 — registo de licença inválido: 2 validation errors for LicenseRecord
source
  Input should be 'pexels', 'pixabay', 'wikimedia', 'archive_org', 'youtube_cc' or 'owned' [type=literal_error, input_value='rehydration', input_type=str]
    For further information visit https://errors.pydantic.dev/2.13/v/literal_error
verified_by
  Input should be 'api' or 'manual' [type=literal_error, input_value='manual-rehydration-2026-08-06', input_type=str]
    For further information visit https://errors.pydantic.dev/2.13/v/literal_error
09:04:08 WARNING studio.ingest: rejeitado (licença): pexels_34804768.mp4 — registo de licença inválido: 2 validation errors for LicenseRecord
source
  Input should be 'pexels', 'pixabay', 'wikimedia', 'archive_org', 'youtube_cc' or 'owned' [type=literal_error, input_value='rehydration', input_type=str]
    For further information visit https://errors.pydantic.dev/2.13/v/literal_error
verified_by
  Input should be 'api' or 'manual' [type=literal_error, input_value='manual-rehydration-2026-08-06', input_type=str]
    For further information visit https://errors.pydantic.dev/2.13/v/literal_error
09:04:08 WARNING studio.ingest: rejeitado (licença): pexels_34809773.mp4 — registo de licença inválido: 2 validation errors for LicenseRecord
source
  Input should be 'pexels', 'pixabay', 'wikimedia', 'archive_org', 'youtube_cc' or 'owned' [type=literal_error, input_value='rehydration', input_type=str]
    For further information visit https://errors.pydantic.dev/2.13/v/literal_error
verified_by
  Input should be 'api' or 'manual' [type=literal_error, input_value='manual-rehydration-2026-08-06', input_type=str]
    For further information visit https://errors.pydantic.dev/2.13/v/literal_error
09:04:08 WARNING studio.ingest: rejeitado (licença): pexels_34868168.mp4 — registo de licença inválido: 2 validation errors for LicenseRecord
source
  Input should be 'pexels', 'pixabay', 'wikimedia', 'archive_org', 'youtube_cc' or 'owned' [type=literal_error, input_value='rehydration', input_type=str]
    For further information visit https://errors.pydantic.dev/2.13/v/literal_error
verified_by
  Input should be 'api' or 'manual' [type=literal_error, input_value='manual-rehydration-2026-08-06', input_type=str]
    For further information visit https://errors.pydantic.dev/2.13/v/literal_error
[ 330/1075] [rej]   0.0s  shots:+0  pexels_34868168.mp4 (ETA ~0min)
09:04:08 WARNING studio.ingest: rejeitado (licença): pexels_34868261.mp4 — registo de licença inválido: 2 validation errors for LicenseRecord
source
  Input should be 'pexels', 'pixabay', 'wikimedia', 'archive_org', 'youtube_cc' or 'owned' [type=literal_error, input_value='rehydration', input_type=str]
    For further information visit https://errors.pydantic.dev/2.13/v/literal_error
verified_by
  Input should be 'api' or 'manual' [type=literal_error, input_value='manual-rehydration-2026-08-06', input_type=str]
    For further information visit https://errors.pydantic.dev/2.13/v/literal_error
09:04:08 WARNING studio.ingest: rejeitado (licença): pexels_34894500.mp4 — registo de licença inválido: 2 validation errors for LicenseRecord
source
  Input should be 'pexels', 'pixabay', 'wikimedia', 'archive_org', 'youtube_cc' or 'owned' [type=literal_error, input_value='rehydration', input_type=str]
    For further information visit https://errors.pydantic.dev/2.13/v/literal_error
verified_by
  Input should be 'api' or 'manual' [type=literal_error, input_value='manual-rehydration-2026-08-06', input_type=str]
    For further information visit https://errors.pydantic.dev/2.13/v/literal_error
09:04:08 WARNING studio.ingest: rejeitado (licença): pexels_35102937.mp4 — registo de licença inválido: 2 validation errors for LicenseRecord
source
  Input should be 'pexels', 'pixabay', 'wikimedia', 'archive_org', 'youtube_cc' or 'owned' [type=literal_error, input_value='rehydration', input_type=str]
    For further information visit https://errors.pydantic.dev/2.13/v/literal_error
verified_by
  Input should be 'api' or 'manual' [type=literal_error, input_value='manual-rehydration-2026-08-06', input_type=str]
    For further information visit https://errors.pydantic.dev/2.13/v/literal_error
09:04:08 WARNING studio.ingest: rejeitado (licença): pexels_35213578.mp4 — registo de licença inválido: 2 validation errors for LicenseRecord
source
  Input should be 'pexels', 'pixabay', 'wikimedia', 'archive_org', 'youtube_cc' or 'owned' [type=literal_error, input_value='rehydration', input_type=str]
    For further information visit https://errors.pydantic.dev/2.13/v/literal_error
verified_by
  Input should be 'api' or 'manual' [type=literal_error, input_value='manual-rehydration-2026-08-06', input_type=str]
    For further information visit https://errors.pydantic.dev/2.13/v/literal_error
09:04:08 WARNING studio.ingest: rejeitado (licença): pexels_3525733.mp4 — registo de licença inválido: 2 validation errors for LicenseRecord
source
  Input should be 'pexels', 'pixabay', 'wikimedia', 'archive_org', 'youtube_cc' or 'owned' [type=literal_error, input_value='rehydration', input_type=str]
    For further information visit https://errors.pydantic.dev/2.13/v/literal_error
verified_by
  Input should be 'api' or 'manual' [type=literal_error, input_value='manual-rehydration-2026-08-06', input_type=str]
    For further information visit https://errors.pydantic.dev/2.13/v/literal_error
09:04:08 WARNING studio.ingest: rejeitado (licença): pexels_35258811.mp4 — registo de licença inválido: 2 validation errors for LicenseRecord
source
  Input should be 'pexels', 'pixabay', 'wikimedia', 'archive_org', 'youtube_cc' or 'owned' [type=literal_error, input_value='rehydration', input_type=str]
    For further information visit https://errors.pydantic.dev/2.13/v/literal_error
verified_by
  Input should be 'api' or 'manual' [type=literal_error, input_value='manual-rehydration-2026-08-06', input_type=str]
    For further information visit https://errors.pydantic.dev/2.13/v/literal_error
09:04:08 WARNING studio.ingest: rejeitado (licença): pexels_35319234.mp4 — registo de licença inválido: 2 validation errors for LicenseRecord
source
  Input should be 'pexels', 'pixabay', 'wikimedia', 'archive_org', 'youtube_cc' or 'owned' [type=literal_error, input_value='rehydration', input_type=str]
    For further information visit https://errors.pydantic.dev/2.13/v/literal_error
verified_by
  Input should be 'api' or 'manual' [type=literal_error, input_value='manual-rehydration-2026-08-06', input_type=str]
    For further information visit https://errors.pydantic.dev/2.13/v/literal_error
09:04:08 WARNING studio.ingest: rejeitado (licença): pexels_35327091.mp4 — registo de licença inválido: 2 validation errors for LicenseRecord
source
  Input should be 'pexels', 'pixabay', 'wikimedia', 'archive_org', 'youtube_cc' or 'owned' [type=literal_error, input_value='rehydration', input_type=str]
    For further information visit https://errors.pydantic.dev/2.13/v/literal_error
verified_by
  Input should be 'api' or 'manual' [type=literal_error, input_value='manual-rehydration-2026-08-06', input_type=str]
    For further information visit https://errors.pydantic.dev/2.13/v/literal_error
09:04:08 WARNING studio.ingest: rejeitado (licença): pexels_35361258.mp4 — registo de licença inválido: 2 validation errors for LicenseRecord
source
  Input should be 'pexels', 'pixabay', 'wikimedia', 'archive_org', 'youtube_cc' or 'owned' [type=literal_error, input_value='rehydration', input_type=str]
    For further information visit https://errors.pydantic.dev/2.13/v/literal_error
verified_by
  Input should be 'api' or 'manual' [type=literal_error, input_value='manual-rehydration-2026-08-06', input_type=str]
    For further information visit https://errors.pydantic.dev/2.13/v/literal_error
09:04:08 WARNING studio.ingest: rejeitado (licença): pexels_35378801.mp4 — registo de licença inválido: 2 validation errors for LicenseRecord
source
  Input should be 'pexels', 'pixabay', 'wikimedia', 'archive_org', 'youtube_cc' or 'owned' [type=literal_error, input_value='rehydration', input_type=str]
    For further information visit https://errors.pydantic.dev/2.13/v/literal_error
verified_by
  Input should be 'api' or 'manual' [type=literal_error, input_value='manual-rehydration-2026-08-06', input_type=str]
    For further information visit https://errors.pydantic.dev/2.13/v/literal_error
[ 340/1075] [rej]   0.0s  shots:+0  pexels_35378801.mp4 (ETA ~0min)
09:04:08 WARNING studio.ingest: rejeitado (licença): pexels_35378802.mp4 — registo de licença inválido: 2 validation errors for LicenseRecord
source
  Input should be 'pexels', 'pixabay', 'wikimedia', 'archive_org', 'youtube_cc' or 'owned' [type=literal_error, input_value='rehydration', input_type=str]
    For further information visit https://errors.pydantic.dev/2.13/v/literal_error
verified_by
  Input should be 'api' or 'manual' [type=literal_error, input_value='manual-rehydration-2026-08-06', input_type=str]
    For further information visit https://errors.pydantic.dev/2.13/v/literal_error
09:04:08 WARNING studio.ingest: rejeitado (licença): pexels_35431301.mp4 — registo de licença inválido: 2 validation errors for LicenseRecord
source
  Input should be 'pexels', 'pixabay', 'wikimedia', 'archive_org', 'youtube_cc' or 'owned' [type=literal_error, input_value='rehydration', input_type=str]
    For further information visit https://errors.pydantic.dev/2.13/v/literal_error
verified_by
  Input should be 'api' or 'manual' [type=literal_error, input_value='manual-rehydration-2026-08-06', input_type=str]
    For further information visit https://errors.pydantic.dev/2.13/v/literal_error
09:04:08 WARNING studio.ingest: rejeitado (licença): pexels_35442033.mp4 — registo de licença inválido: 2 validation errors for LicenseRecord
source
  Input should be 'pexels', 'pixabay', 'wikimedia', 'archive_org', 'youtube_cc' or 'owned' [type=literal_error, input_value='rehydration', input_type=str]
    For further information visit https://errors.pydantic.dev/2.13/v/literal_error
verified_by
  Input should be 'api' or 'manual' [type=literal_error, input_value='manual-rehydration-2026-08-06', input_type=str]
    For further information visit https://errors.pydantic.dev/2.13/v/literal_error
09:04:08 WARNING studio.ingest: rejeitado (licença): pexels_35497242.mp4 — registo de licença inválido: 2 validation errors for LicenseRecord
source
  Input should be 'pexels', 'pixabay', 'wikimedia', 'archive_org', 'youtube_cc' or 'owned' [type=literal_error, input_value='rehydration', input_type=str]
    For further information visit https://errors.pydantic.dev/2.13/v/literal_error
verified_by
  Input should be 'api' or 'manual' [type=literal_error, input_value='manual-rehydration-2026-08-06', input_type=str]
    For further information visit https://errors.pydantic.dev/2.13/v/literal_error
09:04:08 WARNING studio.ingest: rejeitado (licença): pexels_35497597.mp4 — registo de licença inválido: 2 validation errors for LicenseRecord
source
  Input should be 'pexels', 'pixabay', 'wikimedia', 'archive_org', 'youtube_cc' or 'owned' [type=literal_error, input_value='rehydration', input_type=str]
    For further information visit https://errors.pydantic.dev/2.13/v/literal_error
verified_by
  Input should be 'api' or 'manual' [type=literal_error, input_value='manual-rehydration-2026-08-06', input_type=str]
    For further information visit https://errors.pydantic.dev/2.13/v/literal_error
09:04:08 WARNING studio.ingest: rejeitado (licença): pexels_35497598.mp4 — registo de licença inválido: 2 validation errors for LicenseRecord
source
  Input should be 'pexels', 'pixabay', 'wikimedia', 'archive_org', 'youtube_cc' or 'owned' [type=literal_error, input_value='rehydration', input_type=str]
    For further information visit https://errors.pydantic.dev/2.13/v/literal_error
verified_by
  Input should be 'api' or 'manual' [type=literal_error, input_value='manual-rehydration-2026-08-06', input_type=str]
    For further information visit https://errors.pydantic.dev/2.13/v/literal_error
09:04:08 WARNING studio.ingest: rejeitado (licença): pexels_35497859.mp4 — registo de licença inválido: 2 validation errors for LicenseRecord
source
  Input should be 'pexels', 'pixabay', 'wikimedia', 'archive_org', 'youtube_cc' or 'owned' [type=literal_error, input_value='rehydration', input_type=str]
    For further information visit https://errors.pydantic.dev/2.13/v/literal_error
verified_by
  Input should be 'api' or 'manual' [type=literal_error, input_value='manual-rehydration-2026-08-06', input_type=str]
    For further information visit https://errors.pydantic.dev/2.13/v/literal_error
09:04:08 WARNING studio.ingest: rejeitado (licença): pexels_35497860.mp4 — registo de licença inválido: 2 validation errors for LicenseRecord
source
  Input should be 'pexels', 'pixabay', 'wikimedia', 'archive_org', 'youtube_cc' or 'owned' [type=literal_error, input_value='rehydration', input_type=str]
    For further information visit https://errors.pydantic.dev/2.13/v/literal_error
verified_by
  Input should be 'api' or 'manual' [type=literal_error, input_value='manual-rehydration-2026-08-06', input_type=str]
    For further information visit https://errors.pydantic.dev/2.13/v/literal_error
09:04:08 WARNING studio.ingest: rejeitado (licença): pexels_35498190.mp4 — registo de licença inválido: 2 validation errors for LicenseRecord
source
  Input should be 'pexels', 'pixabay', 'wikimedia', 'archive_org', 'youtube_cc' or 'owned' [type=literal_error, input_value='rehydration', input_type=str]
    For further information visit https://errors.pydantic.dev/2.13/v/literal_error
verified_by
  Input should be 'api' or 'manual' [type=literal_error, input_value='manual-rehydration-2026-08-06', input_type=str]
    For further information visit https://errors.pydantic.dev/2.13/v/literal_error
09:04:08 WARNING studio.ingest: rejeitado (licença): pexels_35510474.mp4 — registo de licença inválido: 2 validation errors for LicenseRecord
source
  Input should be 'pexels', 'pixabay', 'wikimedia', 'archive_org', 'youtube_cc' or 'owned' [type=literal_error, input_value='rehydration', input_type=str]
    For further information visit https://errors.pydantic.dev/2.13/v/literal_error
verified_by
  Input should be 'api' or 'manual' [type=literal_error, input_value='manual-rehydration-2026-08-06', input_type=str]
    For further information visit https://errors.pydantic.dev/2.13/v/literal_error
[ 350/1075] [rej]   0.0s  shots:+0  pexels_35510474.mp4 (ETA ~0min)
09:04:08 WARNING studio.ingest: rejeitado (licença): pexels_35573730.mp4 — registo de licença inválido: 2 validation errors for LicenseRecord
source
  Input should be 'pexels', 'pixabay', 'wikimedia', 'archive_org', 'youtube_cc' or 'owned' [type=literal_error, input_value='rehydration', input_type=str]
    For further information visit https://errors.pydantic.dev/2.13/v/literal_error
verified_by
  Input should be 'api' or 'manual' [type=literal_error, input_value='manual-rehydration-2026-08-06', input_type=str]
    For further information visit https://errors.pydantic.dev/2.13/v/literal_error
09:04:08 WARNING studio.ingest: rejeitado (licença): pexels_3561085.mp4 — registo de licença inválido: 2 validation errors for LicenseRecord
source
  Input should be 'pexels', 'pixabay', 'wikimedia', 'archive_org', 'youtube_cc' or 'owned' [type=literal_error, input_value='rehydration', input_type=str]
    For further information visit https://errors.pydantic.dev/2.13/v/literal_error
verified_by
  Input should be 'api' or 'manual' [type=literal_error, input_value='manual-rehydration-2026-08-06', input_type=str]
    For further information visit https://errors.pydantic.dev/2.13/v/literal_error
09:04:08 WARNING studio.ingest: rejeitado (licença): pexels_35612698.mp4 — registo de licença inválido: 2 validation errors for LicenseRecord
source
  Input should be 'pexels', 'pixabay', 'wikimedia', 'archive_org', 'youtube_cc' or 'owned' [type=literal_error, input_value='rehydration', input_type=str]
    For further information visit https://errors.pydantic.dev/2.13/v/literal_error
verified_by
  Input should be 'api' or 'manual' [type=literal_error, input_value='manual-rehydration-2026-08-06', input_type=str]
    For further information visit https://errors.pydantic.dev/2.13/v/literal_error
09:04:08 WARNING studio.ingest: rejeitado (licença): pexels_35630524.mp4 — registo de licença inválido: 2 validation errors for LicenseRecord
source
  Input should be 'pexels', 'pixabay', 'wikimedia', 'archive_org', 'youtube_cc' or 'owned' [type=literal_error, input_value='rehydration', input_type=str]
    For further information visit https://errors.pydantic.dev/2.13/v/literal_error
verified_by
  Input should be 'api' or 'manual' [type=literal_error, input_value='manual-rehydration-2026-08-06', input_type=str]
    For further information visit https://errors.pydantic.dev/2.13/v/literal_error
09:04:08 WARNING studio.ingest: rejeitado (licença): pexels_35661845.mp4 — registo de licença inválido: 2 validation errors for LicenseRecord
source
  Input should be 'pexels', 'pixabay', 'wikimedia', 'archive_org', 'youtube_cc' or 'owned' [type=literal_error, input_value='rehydration', input_type=str]
    For further information visit https://errors.pydantic.dev/2.13/v/literal_error
verified_by
  Input should be 'api' or 'manual' [type=literal_error, input_value='manual-rehydration-2026-08-06', input_type=str]
    For further information visit https://errors.pydantic.dev/2.13/v/literal_error
09:04:08 WARNING studio.ingest: rejeitado (licença): pexels_35661847.mp4 — registo de licença inválido: 2 validation errors for LicenseRecord
source
  Input should be 'pexels', 'pixabay', 'wikimedia', 'archive_org', 'youtube_cc' or 'owned' [type=literal_error, input_value='rehydration', input_type=str]
    For further information visit https://errors.pydantic.dev/2.13/v/literal_error
verified_by
  Input should be 'api' or 'manual' [type=literal_error, input_value='manual-rehydration-2026-08-06', input_type=str]
    For further information visit https://errors.pydantic.dev/2.13/v/literal_error
09:04:08 WARNING studio.ingest: rejeitado (licença): pexels_35661850.mp4 — registo de licença inválido: 2 validation errors for LicenseRecord
source
  Input should be 'pexels', 'pixabay', 'wikimedia', 'archive_org', 'youtube_cc' or 'owned' [type=literal_error, input_value='rehydration', input_type=str]
    For further information visit https://errors.pydantic.dev/2.13/v/literal_error
verified_by
  Input should be 'api' or 'manual' [type=literal_error, input_value='manual-rehydration-2026-08-06', input_type=str]
    For further information visit https://errors.pydantic.dev/2.13/v/literal_error
09:04:08 WARNING studio.ingest: rejeitado (licença): pexels_35679096.mp4 — registo de licença inválido: 2 validation errors for LicenseRecord
source
  Input should be 'pexels', 'pixabay', 'wikimedia', 'archive_org', 'youtube_cc' or 'owned' [type=literal_error, input_value='rehydration', input_type=str]
    For further information visit https://errors.pydantic.dev/2.13/v/literal_error
verified_by
  Input should be 'api' or 'manual' [type=literal_error, input_value='manual-rehydration-2026-08-06', input_type=str]
    For further information visit https://errors.pydantic.dev/2.13/v/literal_error
09:04:08 WARNING studio.ingest: rejeitado (licença): pexels_35698422.mp4 — registo de licença inválido: 2 validation errors for LicenseRecord
source
  Input should be 'pexels', 'pixabay', 'wikimedia', 'archive_org', 'youtube_cc' or 'owned' [type=literal_error, input_value='rehydration', input_type=str]
    For further information visit https://errors.pydantic.dev/2.13/v/literal_error
verified_by
  Input should be 'api' or 'manual' [type=literal_error, input_value='manual-rehydration-2026-08-06', input_type=str]
    For further information visit https://errors.pydantic.dev/2.13/v/literal_error
09:04:08 WARNING studio.ingest: rejeitado (licença): pexels_35749087.mp4 — registo de licença inválido: 2 validation errors for LicenseRecord
source
  Input should be 'pexels', 'pixabay', 'wikimedia', 'archive_org', 'youtube_cc' or 'owned' [type=literal_error, input_value='rehydration', input_type=str]
    For further information visit https://errors.pydantic.dev/2.13/v/literal_error
verified_by
  Input should be 'api' or 'manual' [type=literal_error, input_value='manual-rehydration-2026-08-06', input_type=str]
    For further information visit https://errors.pydantic.dev/2.13/v/literal_error
[ 360/1075] [rej]   0.0s  shots:+0  pexels_35749087.mp4 (ETA ~0min)
09:04:08 WARNING studio.ingest: rejeitado (licença): pexels_35749091.mp4 — registo de licença inválido: 2 validation errors for LicenseRecord
source
  Input should be 'pexels', 'pixabay', 'wikimedia', 'archive_org', 'youtube_cc' or 'owned' [type=literal_error, input_value='rehydration', input_type=str]
    For further information visit https://errors.pydantic.dev/2.13/v/literal_error
verified_by
  Input should be 'api' or 'manual' [type=literal_error, input_value='manual-rehydration-2026-08-06', input_type=str]
    For further information visit https://errors.pydantic.dev/2.13/v/literal_error
09:04:08 WARNING studio.ingest: rejeitado (licença): pexels_3583024.mp4 — registo de licença inválido: 2 validation errors for LicenseRecord
source
  Input should be 'pexels', 'pixabay', 'wikimedia', 'archive_org', 'youtube_cc' or 'owned' [type=literal_error, input_value='rehydration', input_type=str]
    For further information visit https://errors.pydantic.dev/2.13/v/literal_error
verified_by
  Input should be 'api' or 'manual' [type=literal_error, input_value='manual-rehydration-2026-08-06', input_type=str]
    For further information visit https://errors.pydantic.dev/2.13/v/literal_error
09:04:08 WARNING studio.ingest: rejeitado (licença): pexels_35834297.mp4 — registo de licença inválido: 2 validation errors for LicenseRecord
source
  Input should be 'pexels', 'pixabay', 'wikimedia', 'archive_org', 'youtube_cc' or 'owned' [type=literal_error, input_value='rehydration', input_type=str]
    For further information visit https://errors.pydantic.dev/2.13/v/literal_error
verified_by
  Input should be 'api' or 'manual' [type=literal_error, input_value='manual-rehydration-2026-08-06', input_type=str]
    For further information visit https://errors.pydantic.dev/2.13/v/literal_error
09:04:08 WARNING studio.ingest: rejeitado (licença): pexels_35868247.mp4 — registo de licença inválido: 2 validation errors for LicenseRecord
source
  Input should be 'pexels', 'pixabay', 'wikimedia', 'archive_org', 'youtube_cc' or 'owned' [type=literal_error, input_value='rehydration', input_type=str]
    For further information visit https://errors.pydantic.dev/2.13/v/literal_error
verified_by
  Input should be 'api' or 'manual' [type=literal_error, input_value='manual-rehydration-2026-08-06', input_type=str]
    For further information visit https://errors.pydantic.dev/2.13/v/literal_error
09:04:08 WARNING studio.ingest: rejeitado (licença): pexels_35879438.mp4 — registo de licença inválido: 2 validation errors for LicenseRecord
source
  Input should be 'pexels', 'pixabay', 'wikimedia', 'archive_org', 'youtube_cc' or 'owned' [type=literal_error, input_value='rehydration', input_type=str]
    For further information visit https://errors.pydantic.dev/2.13/v/literal_error
verified_by
  Input should be 'api' or 'manual' [type=literal_error, input_value='manual-rehydration-2026-08-06', input_type=str]
    For further information visit https://errors.pydantic.dev/2.13/v/literal_error
09:04:08 WARNING studio.ingest: rejeitado (licença): pexels_35933207.mp4 — registo de licença inválido: 2 validation errors for LicenseRecord
source
  Input should be 'pexels', 'pixabay', 'wikimedia', 'archive_org', 'youtube_cc' or 'owned' [type=literal_error, input_value='rehydration', input_type=str]
    For further information visit https://errors.pydantic.dev/2.13/v/literal_error
verified_by
  Input should be 'api' or 'manual' [type=literal_error, input_value='manual-rehydration-2026-08-06', input_type=str]
    For further information visit https://errors.pydantic.dev/2.13/v/literal_error
09:04:08 WARNING studio.ingest: rejeitado (licença): pexels_36024332.mp4 — registo de licença inválido: 2 validation errors for LicenseRecord
source
  Input should be 'pexels', 'pixabay', 'wikimedia', 'archive_org', 'youtube_cc' or 'owned' [type=literal_error, input_value='rehydration', input_type=str]
    For further information visit https://errors.pydantic.dev/2.13/v/literal_error
verified_by
  Input should be 'api' or 'manual' [type=literal_error, input_value='manual-rehydration-2026-08-06', input_type=str]
    For further information visit https://errors.pydantic.dev/2.13/v/literal_error
09:04:08 WARNING studio.ingest: rejeitado (licença): pexels_36046045.mp4 — registo de licença inválido: 2 validation errors for LicenseRecord
source
  Input should be 'pexels', 'pixabay', 'wikimedia', 'archive_org', 'youtube_cc' or 'owned' [type=literal_error, input_value='rehydration', input_type=str]
    For further information visit https://errors.pydantic.dev/2.13/v/literal_error
verified_by
  Input should be 'api' or 'manual' [type=literal_error, input_value='manual-rehydration-2026-08-06', input_type=str]
    For further information visit https://errors.pydantic.dev/2.13/v/literal_error
09:04:08 WARNING studio.ingest: rejeitado (licença): pexels_36099606.mp4 — registo de licença inválido: 2 validation errors for LicenseRecord
source
  Input should be 'pexels', 'pixabay', 'wikimedia', 'archive_org', 'youtube_cc' or 'owned' [type=literal_error, input_value='rehydration', input_type=str]
    For further information visit https://errors.pydantic.dev/2.13/v/literal_error
verified_by
  Input should be 'api' or 'manual' [type=literal_error, input_value='manual-rehydration-2026-08-06', input_type=str]
    For further information visit https://errors.pydantic.dev/2.13/v/literal_error
09:04:08 WARNING studio.ingest: rejeitado (licença): pexels_36099607.mp4 — registo de licença inválido: 2 validation errors for LicenseRecord
source
  Input should be 'pexels', 'pixabay', 'wikimedia', 'archive_org', 'youtube_cc' or 'owned' [type=literal_error, input_value='rehydration', input_type=str]
    For further information visit https://errors.pydantic.dev/2.13/v/literal_error
verified_by
  Input should be 'api' or 'manual' [type=literal_error, input_value='manual-rehydration-2026-08-06', input_type=str]
    For further information visit https://errors.pydantic.dev/2.13/v/literal_error
[ 370/1075] [rej]   0.0s  shots:+0  pexels_36099607.mp4 (ETA ~0min)
09:04:08 WARNING studio.ingest: rejeitado (licença): pexels_36099612.mp4 — registo de licença inválido: 2 validation errors for LicenseRecord
source
  Input should be 'pexels', 'pixabay', 'wikimedia', 'archive_org', 'youtube_cc' or 'owned' [type=literal_error, input_value='rehydration', input_type=str]
    For further information visit https://errors.pydantic.dev/2.13/v/literal_error
verified_by
  Input should be 'api' or 'manual' [type=literal_error, input_value='manual-rehydration-2026-08-06', input_type=str]
    For further information visit https://errors.pydantic.dev/2.13/v/literal_error
09:04:08 WARNING studio.ingest: rejeitado (licença): pexels_36099621.mp4 — registo de licença inválido: 2 validation errors for LicenseRecord
source
  Input should be 'pexels', 'pixabay', 'wikimedia', 'archive_org', 'youtube_cc' or 'owned' [type=literal_error, input_value='rehydration', input_type=str]
    For further information visit https://errors.pydantic.dev/2.13/v/literal_error
verified_by
  Input should be 'api' or 'manual' [type=literal_error, input_value='manual-rehydration-2026-08-06', input_type=str]
    For further information visit https://errors.pydantic.dev/2.13/v/literal_error
09:04:08 WARNING studio.ingest: rejeitado (licença): pexels_36099938.mp4 — registo de licença inválido: 2 validation errors for LicenseRecord
source
  Input should be 'pexels', 'pixabay', 'wikimedia', 'archive_org', 'youtube_cc' or 'owned' [type=literal_error, input_value='rehydration', input_type=str]
    For further information visit https://errors.pydantic.dev/2.13/v/literal_error
verified_by
  Input should be 'api' or 'manual' [type=literal_error, input_value='manual-rehydration-2026-08-06', input_type=str]
    For further information visit https://errors.pydantic.dev/2.13/v/literal_error
09:04:08 WARNING studio.ingest: rejeitado (licença): pexels_36161961.mp4 — registo de licença inválido: 2 validation errors for LicenseRecord
source
  Input should be 'pexels', 'pixabay', 'wikimedia', 'archive_org', 'youtube_cc' or 'owned' [type=literal_error, input_value='rehydration', input_type=str]
    For further information visit https://errors.pydantic.dev/2.13/v/literal_error
verified_by
  Input should be 'api' or 'manual' [type=literal_error, input_value='manual-rehydration-2026-08-06', input_type=str]
    For further information visit https://errors.pydantic.dev/2.13/v/literal_error
09:04:08 WARNING studio.ingest: rejeitado (licença): pexels_3635341.mp4 — registo de licença inválido: 2 validation errors for LicenseRecord
source
  Input should be 'pexels', 'pixabay', 'wikimedia', 'archive_org', 'youtube_cc' or 'owned' [type=literal_error, input_value='rehydration', input_type=str]
    For further information visit https://errors.pydantic.dev/2.13/v/literal_error
verified_by
  Input should be 'api' or 'manual' [type=literal_error, input_value='manual-rehydration-2026-08-06', input_type=str]
    For further information visit https://errors.pydantic.dev/2.13/v/literal_error
09:04:08 WARNING studio.ingest: rejeitado (licença): pexels_36362889.mp4 — registo de licença inválido: 2 validation errors for LicenseRecord
source
  Input should be 'pexels', 'pixabay', 'wikimedia', 'archive_org', 'youtube_cc' or 'owned' [type=literal_error, input_value='rehydration', input_type=str]
    For further information visit https://errors.pydantic.dev/2.13/v/literal_error
verified_by
  Input should be 'api' or 'manual' [type=literal_error, input_value='manual-rehydration-2026-08-06', input_type=str]
    For further information visit https://errors.pydantic.dev/2.13/v/literal_error
09:04:08 WARNING studio.ingest: rejeitado (licença): pexels_36366856.mp4 — registo de licença inválido: 2 validation errors for LicenseRecord
source
  Input should be 'pexels', 'pixabay', 'wikimedia', 'archive_org', 'youtube_cc' or 'owned' [type=literal_error, input_value='rehydration', input_type=str]
    For further information visit https://errors.pydantic.dev/2.13/v/literal_error
verified_by
  Input should be 'api' or 'manual' [type=literal_error, input_value='manual-rehydration-2026-08-06', input_type=str]
    For further information visit https://errors.pydantic.dev/2.13/v/literal_error
09:04:08 WARNING studio.ingest: rejeitado (licença): pexels_36420748.mp4 — registo de licença inválido: 2 validation errors for LicenseRecord
source
  Input should be 'pexels', 'pixabay', 'wikimedia', 'archive_org', 'youtube_cc' or 'owned' [type=literal_error, input_value='rehydration', input_type=str]
    For further information visit https://errors.pydantic.dev/2.13/v/literal_error
verified_by
  Input should be 'api' or 'manual' [type=literal_error, input_value='manual-rehydration-2026-08-06', input_type=str]
    For further information visit https://errors.pydantic.dev/2.13/v/literal_error
09:04:08 WARNING studio.ingest: rejeitado (licença): pexels_36479672.mp4 — registo de licença inválido: 2 validation errors for LicenseRecord
source
  Input should be 'pexels', 'pixabay', 'wikimedia', 'archive_org', 'youtube_cc' or 'owned' [type=literal_error, input_value='rehydration', input_type=str]
    For further information visit https://errors.pydantic.dev/2.13/v/literal_error
verified_by
  Input should be 'api' or 'manual' [type=literal_error, input_value='manual-rehydration-2026-08-06', input_type=str]
    For further information visit https://errors.pydantic.dev/2.13/v/literal_error
09:04:08 WARNING studio.ingest: rejeitado (licença): pexels_36479675.mp4 — registo de licença inválido: 2 validation errors for LicenseRecord
source
  Input should be 'pexels', 'pixabay', 'wikimedia', 'archive_org', 'youtube_cc' or 'owned' [type=literal_error, input_value='rehydration', input_type=str]
    For further information visit https://errors.pydantic.dev/2.13/v/literal_error
verified_by
  Input should be 'api' or 'manual' [type=literal_error, input_value='manual-rehydration-2026-08-06', input_type=str]
    For further information visit https://errors.pydantic.dev/2.13/v/literal_error
[ 380/1075] [rej]   0.0s  shots:+0  pexels_36479675.mp4 (ETA ~0min)
09:04:08 WARNING studio.ingest: rejeitado (licença): pexels_3657440.mp4 — registo de licença inválido: 2 validation errors for LicenseRecord
source
  Input should be 'pexels', 'pixabay', 'wikimedia', 'archive_org', 'youtube_cc' or 'owned' [type=literal_error, input_value='rehydration', input_type=str]
    For further information visit https://errors.pydantic.dev/2.13/v/literal_error
verified_by
  Input should be 'api' or 'manual' [type=literal_error, input_value='manual-rehydration-2026-08-06', input_type=str]
    For further information visit https://errors.pydantic.dev/2.13/v/literal_error
09:04:08 WARNING studio.ingest: rejeitado (licença): pexels_36584879.mp4 — registo de licença inválido: 2 validation errors for LicenseRecord
source
  Input should be 'pexels', 'pixabay', 'wikimedia', 'archive_org', 'youtube_cc' or 'owned' [type=literal_error, input_value='rehydration', input_type=str]
    For further information visit https://errors.pydantic.dev/2.13/v/literal_error
verified_by
  Input should be 'api' or 'manual' [type=literal_error, input_value='manual-rehydration-2026-08-06', input_type=str]
    For further information visit https://errors.pydantic.dev/2.13/v/literal_error
09:04:08 WARNING studio.ingest: rejeitado (licença): pexels_36723665.mp4 — registo de licença inválido: 2 validation errors for LicenseRecord
source
  Input should be 'pexels', 'pixabay', 'wikimedia', 'archive_org', 'youtube_cc' or 'owned' [type=literal_error, input_value='rehydration', input_type=str]
    For further information visit https://errors.pydantic.dev/2.13/v/literal_error
verified_by
  Input should be 'api' or 'manual' [type=literal_error, input_value='manual-rehydration-2026-08-06', input_type=str]
    For further information visit https://errors.pydantic.dev/2.13/v/literal_error
09:04:08 WARNING studio.ingest: rejeitado (licença): pexels_36748021.mp4 — registo de licença inválido: 2 validation errors for LicenseRecord
source
  Input should be 'pexels', 'pixabay', 'wikimedia', 'archive_org', 'youtube_cc' or 'owned' [type=literal_error, input_value='rehydration', input_type=str]
    For further information visit https://errors.pydantic.dev/2.13/v/literal_error
verified_by
  Input should be 'api' or 'manual' [type=literal_error, input_value='manual-rehydration-2026-08-06', input_type=str]
    For further information visit https://errors.pydantic.dev/2.13/v/literal_error
09:04:08 WARNING studio.ingest: rejeitado (licença): pexels_36749568.mp4 — registo de licença inválido: 2 validation errors for LicenseRecord
source
  Input should be 'pexels', 'pixabay', 'wikimedia', 'archive_org', 'youtube_cc' or 'owned' [type=literal_error, input_value='rehydration', input_type=str]
    For further information visit https://errors.pydantic.dev/2.13/v/literal_error
verified_by
  Input should be 'api' or 'manual' [type=literal_error, input_value='manual-rehydration-2026-08-06', input_type=str]
    For further information visit https://errors.pydantic.dev/2.13/v/literal_error
09:04:08 WARNING studio.ingest: rejeitado (licença): pexels_36749575.mp4 — registo de licença inválido: 2 validation errors for LicenseRecord
source
  Input should be 'pexels', 'pixabay', 'wikimedia', 'archive_org', 'youtube_cc' or 'owned' [type=literal_error, input_value='rehydration', input_type=str]
    For further information visit https://errors.pydantic.dev/2.13/v/literal_error
verified_by
  Input should be 'api' or 'manual' [type=literal_error, input_value='manual-rehydration-2026-08-06', input_type=str]
    For further information visit https://errors.pydantic.dev/2.13/v/literal_error
09:04:08 WARNING studio.ingest: rejeitado (licença): pexels_36749578.mp4 — registo de licença inválido: 2 validation errors for LicenseRecord
source
  Input should be 'pexels', 'pixabay', 'wikimedia', 'archive_org', 'youtube_cc' or 'owned' [type=literal_error, input_value='rehydration', input_type=str]
    For further information visit https://errors.pydantic.dev/2.13/v/literal_error
verified_by
  Input should be 'api' or 'manual' [type=literal_error, input_value='manual-rehydration-2026-08-06', input_type=str]
    For further information visit https://errors.pydantic.dev/2.13/v/literal_error
09:04:08 WARNING studio.ingest: rejeitado (licença): pexels_36749588.mp4 — registo de licença inválido: 2 validation errors for LicenseRecord
source
  Input should be 'pexels', 'pixabay', 'wikimedia', 'archive_org', 'youtube_cc' or 'owned' [type=literal_error, input_value='rehydration', input_type=str]
    For further information visit https://errors.pydantic.dev/2.13/v/literal_error
verified_by
  Input should be 'api' or 'manual' [type=literal_error, input_value='manual-rehydration-2026-08-06', input_type=str]
    For further information visit https://errors.pydantic.dev/2.13/v/literal_error
09:04:08 WARNING studio.ingest: rejeitado (licença): pexels_36827254.mp4 — registo de licença inválido: 2 validation errors for LicenseRecord
source
  Input should be 'pexels', 'pixabay', 'wikimedia', 'archive_org', 'youtube_cc' or 'owned' [type=literal_error, input_value='rehydration', input_type=str]
    For further information visit https://errors.pydantic.dev/2.13/v/literal_error
verified_by
  Input should be 'api' or 'manual' [type=literal_error, input_value='manual-rehydration-2026-08-06', input_type=str]
    For further information visit https://errors.pydantic.dev/2.13/v/literal_error
09:04:08 WARNING studio.ingest: rejeitado (licença): pexels_36830548.mp4 — registo de licença inválido: 2 validation errors for LicenseRecord
source
  Input should be 'pexels', 'pixabay', 'wikimedia', 'archive_org', 'youtube_cc' or 'owned' [type=literal_error, input_value='rehydration', input_type=str]
    For further information visit https://errors.pydantic.dev/2.13/v/literal_error
verified_by
  Input should be 'api' or 'manual' [type=literal_error, input_value='manual-rehydration-2026-08-06', input_type=str]
    For further information visit https://errors.pydantic.dev/2.13/v/literal_error
[ 390/1075] [rej]   0.0s  shots:+0  pexels_36830548.mp4 (ETA ~0min)
09:04:08 WARNING studio.ingest: rejeitado (licença): pexels_36883805.mp4 — registo de licença inválido: 2 validation errors for LicenseRecord
source
  Input should be 'pexels', 'pixabay', 'wikimedia', 'archive_org', 'youtube_cc' or 'owned' [type=literal_error, input_value='rehydration', input_type=str]
    For further information visit https://errors.pydantic.dev/2.13/v/literal_error
verified_by
  Input should be 'api' or 'manual' [type=literal_error, input_value='manual-rehydration-2026-08-06', input_type=str]
    For further information visit https://errors.pydantic.dev/2.13/v/literal_error
09:04:08 WARNING studio.ingest: rejeitado (licença): pexels_36902334.mp4 — registo de licença inválido: 2 validation errors for LicenseRecord
source
  Input should be 'pexels', 'pixabay', 'wikimedia', 'archive_org', 'youtube_cc' or 'owned' [type=literal_error, input_value='rehydration', input_type=str]
    For further information visit https://errors.pydantic.dev/2.13/v/literal_error
verified_by
  Input should be 'api' or 'manual' [type=literal_error, input_value='manual-rehydration-2026-08-06', input_type=str]
    For further information visit https://errors.pydantic.dev/2.13/v/literal_error
09:04:08 WARNING studio.ingest: rejeitado (licença): pexels_36902341.mp4 — registo de licença inválido: 2 validation errors for LicenseRecord
source
  Input should be 'pexels', 'pixabay', 'wikimedia', 'archive_org', 'youtube_cc' or 'owned' [type=literal_error, input_value='rehydration', input_type=str]
    For further information visit https://errors.pydantic.dev/2.13/v/literal_error
verified_by
  Input should be 'api' or 'manual' [type=literal_error, input_value='manual-rehydration-2026-08-06', input_type=str]
    For further information visit https://errors.pydantic.dev/2.13/v/literal_error
09:04:08 WARNING studio.ingest: rejeitado (licença): pexels_36902347.mp4 — registo de licença inválido: 2 validation errors for LicenseRecord
source
  Input should be 'pexels', 'pixabay', 'wikimedia', 'archive_org', 'youtube_cc' or 'owned' [type=literal_error, input_value='rehydration', input_type=str]
    For further information visit https://errors.pydantic.dev/2.13/v/literal_error
verified_by
  Input should be 'api' or 'manual' [type=literal_error, input_value='manual-rehydration-2026-08-06', input_type=str]
    For further information visit https://errors.pydantic.dev/2.13/v/literal_error
09:04:08 WARNING studio.ingest: rejeitado (licença): pexels_36902348.mp4 — registo de licença inválido: 2 validation errors for LicenseRecord
source
  Input should be 'pexels', 'pixabay', 'wikimedia', 'archive_org', 'youtube_cc' or 'owned' [type=literal_error, input_value='rehydration', input_type=str]
    For further information visit https://errors.pydantic.dev/2.13/v/literal_error
verified_by
  Input should be 'api' or 'manual' [type=literal_error, input_value='manual-rehydration-2026-08-06', input_type=str]
    For further information visit https://errors.pydantic.dev/2.13/v/literal_error
09:04:08 WARNING studio.ingest: rejeitado (licença): pexels_36902351.mp4 — registo de licença inválido: 2 validation errors for LicenseRecord
source
  Input should be 'pexels', 'pixabay', 'wikimedia', 'archive_org', 'youtube_cc' or 'owned' [type=literal_error, input_value='rehydration', input_type=str]
    For further information visit https://errors.pydantic.dev/2.13/v/literal_error
verified_by
  Input should be 'api' or 'manual' [type=literal_error, input_value='manual-rehydration-2026-08-06', input_type=str]
    For further information visit https://errors.pydantic.dev/2.13/v/literal_error
09:04:08 WARNING studio.ingest: rejeitado (licença): pexels_36902355.mp4 — registo de licença inválido: 2 validation errors for LicenseRecord
source
  Input should be 'pexels', 'pixabay', 'wikimedia', 'archive_org', 'youtube_cc' or 'owned' [type=literal_error, input_value='rehydration', input_type=str]
    For further information visit https://errors.pydantic.dev/2.13/v/literal_error
verified_by
  Input should be 'api' or 'manual' [type=literal_error, input_value='manual-rehydration-2026-08-06', input_type=str]
    For further information visit https://errors.pydantic.dev/2.13/v/literal_error
09:04:08 WARNING studio.ingest: rejeitado (licença): pexels_36902356.mp4 — registo de licença inválido: 2 validation errors for LicenseRecord
source
  Input should be 'pexels', 'pixabay', 'wikimedia', 'archive_org', 'youtube_cc' or 'owned' [type=literal_error, input_value='rehydration', input_type=str]
    For further information visit https://errors.pydantic.dev/2.13/v/literal_error
verified_by
  Input should be 'api' or 'manual' [type=literal_error, input_value='manual-rehydration-2026-08-06', input_type=str]
    For further information visit https://errors.pydantic.dev/2.13/v/literal_error
09:04:08 WARNING studio.ingest: rejeitado (licença): pexels_36902358.mp4 — registo de licença inválido: 2 validation errors for LicenseRecord
source
  Input should be 'pexels', 'pixabay', 'wikimedia', 'archive_org', 'youtube_cc' or 'owned' [type=literal_error, input_value='rehydration', input_type=str]
    For further information visit https://errors.pydantic.dev/2.13/v/literal_error
verified_by
  Input should be 'api' or 'manual' [type=literal_error, input_value='manual-rehydration-2026-08-06', input_type=str]
    For further information visit https://errors.pydantic.dev/2.13/v/literal_error
09:04:08 WARNING studio.ingest: rejeitado (licença): pexels_36902359.mp4 — registo de licença inválido: 2 validation errors for LicenseRecord
source
  Input should be 'pexels', 'pixabay', 'wikimedia', 'archive_org', 'youtube_cc' or 'owned' [type=literal_error, input_value='rehydration', input_type=str]
    For further information visit https://errors.pydantic.dev/2.13/v/literal_error
verified_by
  Input should be 'api' or 'manual' [type=literal_error, input_value='manual-rehydration-2026-08-06', input_type=str]
    For further information visit https://errors.pydantic.dev/2.13/v/literal_error
[ 400/1075] [rej]   0.0s  shots:+0  pexels_36902359.mp4 (ETA ~0min)
09:04:08 WARNING studio.ingest: rejeitado (licença): pexels_36902367.mp4 — registo de licença inválido: 2 validation errors for LicenseRecord
source
  Input should be 'pexels', 'pixabay', 'wikimedia', 'archive_org', 'youtube_cc' or 'owned' [type=literal_error, input_value='rehydration', input_type=str]
    For further information visit https://errors.pydantic.dev/2.13/v/literal_error
verified_by
  Input should be 'api' or 'manual' [type=literal_error, input_value='manual-rehydration-2026-08-06', input_type=str]
    For further information visit https://errors.pydantic.dev/2.13/v/literal_error
09:04:08 WARNING studio.ingest: rejeitado (licença): pexels_37173231.mp4 — registo de licença inválido: 2 validation errors for LicenseRecord
source
  Input should be 'pexels', 'pixabay', 'wikimedia', 'archive_org', 'youtube_cc' or 'owned' [type=literal_error, input_value='rehydration', input_type=str]
    For further information visit https://errors.pydantic.dev/2.13/v/literal_error
verified_by
  Input should be 'api' or 'manual' [type=literal_error, input_value='manual-rehydration-2026-08-06', input_type=str]
    For further information visit https://errors.pydantic.dev/2.13/v/literal_error
09:04:08 WARNING studio.ingest: rejeitado (licença): pexels_37227237.mp4 — registo de licença inválido: 2 validation errors for LicenseRecord
source
  Input should be 'pexels', 'pixabay', 'wikimedia', 'archive_org', 'youtube_cc' or 'owned' [type=literal_error, input_value='rehydration', input_type=str]
    For further information visit https://errors.pydantic.dev/2.13/v/literal_error
verified_by
  Input should be 'api' or 'manual' [type=literal_error, input_value='manual-rehydration-2026-08-06', input_type=str]
    For further information visit https://errors.pydantic.dev/2.13/v/literal_error
09:04:08 WARNING studio.ingest: rejeitado (licença): pexels_3723453.mp4 — registo de licença inválido: 2 validation errors for LicenseRecord
source
  Input should be 'pexels', 'pixabay', 'wikimedia', 'archive_org', 'youtube_cc' or 'owned' [type=literal_error, input_value='rehydration', input_type=str]
    For further information visit https://errors.pydantic.dev/2.13/v/literal_error
verified_by
  Input should be 'api' or 'manual' [type=literal_error, input_value='manual-rehydration-2026-08-06', input_type=str]
    For further information visit https://errors.pydantic.dev/2.13/v/literal_error
09:04:08 WARNING studio.ingest: rejeitado (licença): pexels_37294912.mp4 — registo de licença inválido: 2 validation errors for LicenseRecord
source
  Input should be 'pexels', 'pixabay', 'wikimedia', 'archive_org', 'youtube_cc' or 'owned' [type=literal_error, input_value='rehydration', input_type=str]
    For further information visit https://errors.pydantic.dev/2.13/v/literal_error
verified_by
  Input should be 'api' or 'manual' [type=literal_error, input_value='manual-rehydration-2026-08-06', input_type=str]
    For further information visit https://errors.pydantic.dev/2.13/v/literal_error
09:04:08 WARNING studio.ingest: rejeitado (licença): pexels_37296046.mp4 — registo de licença inválido: 2 validation errors for LicenseRecord
source
  Input should be 'pexels', 'pixabay', 'wikimedia', 'archive_org', 'youtube_cc' or 'owned' [type=literal_error, input_value='rehydration', input_type=str]
    For further information visit https://errors.pydantic.dev/2.13/v/literal_error
verified_by
  Input should be 'api' or 'manual' [type=literal_error, input_value='manual-rehydration-2026-08-06', input_type=str]
    For further information visit https://errors.pydantic.dev/2.13/v/literal_error
09:04:08 WARNING studio.ingest: rejeitado (licença): pexels_37317161.mp4 — registo de licença inválido: 2 validation errors for LicenseRecord
source
  Input should be 'pexels', 'pixabay', 'wikimedia', 'archive_org', 'youtube_cc' or 'owned' [type=literal_error, input_value='rehydration', input_type=str]
    For further information visit https://errors.pydantic.dev/2.13/v/literal_error
verified_by
  Input should be 'api' or 'manual' [type=literal_error, input_value='manual-rehydration-2026-08-06', input_type=str]
    For further information visit https://errors.pydantic.dev/2.13/v/literal_error
09:04:08 WARNING studio.ingest: rejeitado (licença): pexels_37317162.mp4 — registo de licença inválido: 2 validation errors for LicenseRecord
source
  Input should be 'pexels', 'pixabay', 'wikimedia', 'archive_org', 'youtube_cc' or 'owned' [type=literal_error, input_value='rehydration', input_type=str]
    For further information visit https://errors.pydantic.dev/2.13/v/literal_error
verified_by
  Input should be 'api' or 'manual' [type=literal_error, input_value='manual-rehydration-2026-08-06', input_type=str]
    For further information visit https://errors.pydantic.dev/2.13/v/literal_error
09:04:08 WARNING studio.ingest: rejeitado (licença): pexels_3740029.mp4 — registo de licença inválido: 2 validation errors for LicenseRecord
source
  Input should be 'pexels', 'pixabay', 'wikimedia', 'archive_org', 'youtube_cc' or 'owned' [type=literal_error, input_value='rehydration', input_type=str]
    For further information visit https://errors.pydantic.dev/2.13/v/literal_error
verified_by
  Input should be 'api' or 'manual' [type=literal_error, input_value='manual-rehydration-2026-08-06', input_type=str]
    For further information visit https://errors.pydantic.dev/2.13/v/literal_error
09:04:08 WARNING studio.ingest: rejeitado (licença): pexels_3740041.mp4 — registo de licença inválido: 2 validation errors for LicenseRecord
source
  Input should be 'pexels', 'pixabay', 'wikimedia', 'archive_org', 'youtube_cc' or 'owned' [type=literal_error, input_value='rehydration', input_type=str]
    For further information visit https://errors.pydantic.dev/2.13/v/literal_error
verified_by
  Input should be 'api' or 'manual' [type=literal_error, input_value='manual-rehydration-2026-08-06', input_type=str]
    For further information visit https://errors.pydantic.dev/2.13/v/literal_error
[ 410/1075] [rej]   0.0s  shots:+0  pexels_3740041.mp4 (ETA ~0min)
09:04:08 WARNING studio.ingest: rejeitado (licença): pexels_37413883.mp4 — registo de licença inválido: 2 validation errors for LicenseRecord
source
  Input should be 'pexels', 'pixabay', 'wikimedia', 'archive_org', 'youtube_cc' or 'owned' [type=literal_error, input_value='rehydration', input_type=str]
    For further information visit https://errors.pydantic.dev/2.13/v/literal_error
verified_by
  Input should be 'api' or 'manual' [type=literal_error, input_value='manual-rehydration-2026-08-06', input_type=str]
    For further information visit https://errors.pydantic.dev/2.13/v/literal_error
09:04:08 WARNING studio.ingest: rejeitado (licença): pexels_37438991.mp4 — registo de licença inválido: 2 validation errors for LicenseRecord
source
  Input should be 'pexels', 'pixabay', 'wikimedia', 'archive_org', 'youtube_cc' or 'owned' [type=literal_error, input_value='rehydration', input_type=str]
    For further information visit https://errors.pydantic.dev/2.13/v/literal_error
verified_by
  Input should be 'api' or 'manual' [type=literal_error, input_value='manual-rehydration-2026-08-06', input_type=str]
    For further information visit https://errors.pydantic.dev/2.13/v/literal_error
09:04:08 WARNING studio.ingest: rejeitado (licença): pexels_37478721.mp4 — registo de licença inválido: 2 validation errors for LicenseRecord
source
  Input should be 'pexels', 'pixabay', 'wikimedia', 'archive_org', 'youtube_cc' or 'owned' [type=literal_error, input_value='rehydration', input_type=str]
    For further information visit https://errors.pydantic.dev/2.13/v/literal_error
verified_by
  Input should be 'api' or 'manual' [type=literal_error, input_value='manual-rehydration-2026-08-06', input_type=str]
    For further information visit https://errors.pydantic.dev/2.13/v/literal_error
09:04:08 WARNING studio.ingest: rejeitado (licença): pexels_3752411.mp4 — registo de licença inválido: 2 validation errors for LicenseRecord
source
  Input should be 'pexels', 'pixabay', 'wikimedia', 'archive_org', 'youtube_cc' or 'owned' [type=literal_error, input_value='rehydration', input_type=str]
    For further information visit https://errors.pydantic.dev/2.13/v/literal_error
verified_by
  Input should be 'api' or 'manual' [type=literal_error, input_value='manual-rehydration-2026-08-06', input_type=str]
    For further information visit https://errors.pydantic.dev/2.13/v/literal_error
09:04:08 WARNING studio.ingest: rejeitado (licença): pexels_37650227.mp4 — registo de licença inválido: 2 validation errors for LicenseRecord
source
  Input should be 'pexels', 'pixabay', 'wikimedia', 'archive_org', 'youtube_cc' or 'owned' [type=literal_error, input_value='rehydration', input_type=str]
    For further information visit https://errors.pydantic.dev/2.13/v/literal_error
verified_by
  Input should be 'api' or 'manual' [type=literal_error, input_value='manual-rehydration-2026-08-06', input_type=str]
    For further information visit https://errors.pydantic.dev/2.13/v/literal_error
09:04:08 WARNING studio.ingest: rejeitado (licença): pexels_37754797.mp4 — registo de licença inválido: 2 validation errors for LicenseRecord
source
  Input should be 'pexels', 'pixabay', 'wikimedia', 'archive_org', 'youtube_cc' or 'owned' [type=literal_error, input_value='rehydration', input_type=str]
    For further information visit https://errors.pydantic.dev/2.13/v/literal_error
verified_by
  Input should be 'api' or 'manual' [type=literal_error, input_value='manual-rehydration-2026-08-06', input_type=str]
    For further information visit https://errors.pydantic.dev/2.13/v/literal_error
09:04:08 WARNING studio.ingest: rejeitado (licença): pexels_37783033.mp4 — registo de licença inválido: 2 validation errors for LicenseRecord
source
  Input should be 'pexels', 'pixabay', 'wikimedia', 'archive_org', 'youtube_cc' or 'owned' [type=literal_error, input_value='rehydration', input_type=str]
    For further information visit https://errors.pydantic.dev/2.13/v/literal_error
verified_by
  Input should be 'api' or 'manual' [type=literal_error, input_value='manual-rehydration-2026-08-06', input_type=str]
    For further information visit https://errors.pydantic.dev/2.13/v/literal_error
09:04:08 WARNING studio.ingest: rejeitado (licença): pexels_37801124.mp4 — registo de licença inválido: 2 validation errors for LicenseRecord
source
  Input should be 'pexels', 'pixabay', 'wikimedia', 'archive_org', 'youtube_cc' or 'owned' [type=literal_error, input_value='rehydration', input_type=str]
    For further information visit https://errors.pydantic.dev/2.13/v/literal_error
verified_by
  Input should be 'api' or 'manual' [type=literal_error, input_value='manual-rehydration-2026-08-06', input_type=str]
    For further information visit https://errors.pydantic.dev/2.13/v/literal_error
09:04:08 WARNING studio.ingest: rejeitado (licença): pexels_37888662.mp4 — registo de licença inválido: 2 validation errors for LicenseRecord
source
  Input should be 'pexels', 'pixabay', 'wikimedia', 'archive_org', 'youtube_cc' or 'owned' [type=literal_error, input_value='rehydration', input_type=str]
    For further information visit https://errors.pydantic.dev/2.13/v/literal_error
verified_by
  Input should be 'api' or 'manual' [type=literal_error, input_value='manual-rehydration-2026-08-06', input_type=str]
    For further information visit https://errors.pydantic.dev/2.13/v/literal_error
09:04:08 WARNING studio.ingest: rejeitado (licença): pexels_37966915.mp4 — registo de licença inválido: 2 validation errors for LicenseRecord
source
  Input should be 'pexels', 'pixabay', 'wikimedia', 'archive_org', 'youtube_cc' or 'owned' [type=literal_error, input_value='rehydration', input_type=str]
    For further information visit https://errors.pydantic.dev/2.13/v/literal_error
verified_by
  Input should be 'api' or 'manual' [type=literal_error, input_value='manual-rehydration-2026-08-06', input_type=str]
    For further information visit https://errors.pydantic.dev/2.13/v/literal_error
[ 420/1075] [rej]   0.0s  shots:+0  pexels_37966915.mp4 (ETA ~0min)
09:04:08 WARNING studio.ingest: rejeitado (licença): pexels_38012953.mp4 — registo de licença inválido: 2 validation errors for LicenseRecord
source
  Input should be 'pexels', 'pixabay', 'wikimedia', 'archive_org', 'youtube_cc' or 'owned' [type=literal_error, input_value='rehydration', input_type=str]
    For further information visit https://errors.pydantic.dev/2.13/v/literal_error
verified_by
  Input should be 'api' or 'manual' [type=literal_error, input_value='manual-rehydration-2026-08-06', input_type=str]
    For further information visit https://errors.pydantic.dev/2.13/v/literal_error
09:04:08 WARNING studio.ingest: rejeitado (licença): pexels_38043344.mp4 — registo de licença inválido: 2 validation errors for LicenseRecord
source
  Input should be 'pexels', 'pixabay', 'wikimedia', 'archive_org', 'youtube_cc' or 'owned' [type=literal_error, input_value='rehydration', input_type=str]
    For further information visit https://errors.pydantic.dev/2.13/v/literal_error
verified_by
  Input should be 'api' or 'manual' [type=literal_error, input_value='manual-rehydration-2026-08-06', input_type=str]
    For further information visit https://errors.pydantic.dev/2.13/v/literal_error
09:04:08 WARNING studio.ingest: rejeitado (licença): pexels_38135031.mp4 — registo de licença inválido: 2 validation errors for LicenseRecord
source
  Input should be 'pexels', 'pixabay', 'wikimedia', 'archive_org', 'youtube_cc' or 'owned' [type=literal_error, input_value='rehydration', input_type=str]
    For further information visit https://errors.pydantic.dev/2.13/v/literal_error
verified_by
  Input should be 'api' or 'manual' [type=literal_error, input_value='manual-rehydration-2026-08-06', input_type=str]
    For further information visit https://errors.pydantic.dev/2.13/v/literal_error
09:04:08 WARNING studio.ingest: rejeitado (licença): pexels_38296540.mp4 — registo de licença inválido: 2 validation errors for LicenseRecord
source
  Input should be 'pexels', 'pixabay', 'wikimedia', 'archive_org', 'youtube_cc' or 'owned' [type=literal_error, input_value='rehydration', input_type=str]
    For further information visit https://errors.pydantic.dev/2.13/v/literal_error
verified_by
  Input should be 'api' or 'manual' [type=literal_error, input_value='manual-rehydration-2026-08-06', input_type=str]
    For further information visit https://errors.pydantic.dev/2.13/v/literal_error
09:04:08 WARNING studio.ingest: rejeitado (licença): pexels_38342155.mp4 — registo de licença inválido: 2 validation errors for LicenseRecord
source
  Input should be 'pexels', 'pixabay', 'wikimedia', 'archive_org', 'youtube_cc' or 'owned' [type=literal_error, input_value='rehydration', input_type=str]
    For further information visit https://errors.pydantic.dev/2.13/v/literal_error
verified_by
  Input should be 'api' or 'manual' [type=literal_error, input_value='manual-rehydration-2026-08-06', input_type=str]
    For further information visit https://errors.pydantic.dev/2.13/v/literal_error
09:04:08 WARNING studio.ingest: rejeitado (licença): pexels_38385356.mp4 — registo de licença inválido: 2 validation errors for LicenseRecord
source
  Input should be 'pexels', 'pixabay', 'wikimedia', 'archive_org', 'youtube_cc' or 'owned' [type=literal_error, input_value='rehydration', input_type=str]
    For further information visit https://errors.pydantic.dev/2.13/v/literal_error
verified_by
  Input should be 'api' or 'manual' [type=literal_error, input_value='manual-rehydration-2026-08-06', input_type=str]
    For further information visit https://errors.pydantic.dev/2.13/v/literal_error
09:04:08 WARNING studio.ingest: rejeitado (licença): pexels_38468579.mp4 — registo de licença inválido: 2 validation errors for LicenseRecord
source
  Input should be 'pexels', 'pixabay', 'wikimedia', 'archive_org', 'youtube_cc' or 'owned' [type=literal_error, input_value='rehydration', input_type=str]
    For further information visit https://errors.pydantic.dev/2.13/v/literal_error
verified_by
  Input should be 'api' or 'manual' [type=literal_error, input_value='manual-rehydration-2026-08-06', input_type=str]
    For further information visit https://errors.pydantic.dev/2.13/v/literal_error
09:04:08 WARNING studio.ingest: rejeitado (licença): pexels_38505860.mp4 — registo de licença inválido: 2 validation errors for LicenseRecord
source
  Input should be 'pexels', 'pixabay', 'wikimedia', 'archive_org', 'youtube_cc' or 'owned' [type=literal_error, input_value='rehydration', input_type=str]
    For further information visit https://errors.pydantic.dev/2.13/v/literal_error
verified_by
  Input should be 'api' or 'manual' [type=literal_error, input_value='manual-rehydration-2026-08-06', input_type=str]
    For further information visit https://errors.pydantic.dev/2.13/v/literal_error
09:04:08 WARNING studio.ingest: rejeitado (licença): pexels_3872446.mp4 — registo de licença inválido: 2 validation errors for LicenseRecord
source
  Input should be 'pexels', 'pixabay', 'wikimedia', 'archive_org', 'youtube_cc' or 'owned' [type=literal_error, input_value='rehydration', input_type=str]
    For further information visit https://errors.pydantic.dev/2.13/v/literal_error
verified_by
  Input should be 'api' or 'manual' [type=literal_error, input_value='manual-rehydration-2026-08-06', input_type=str]
    For further information visit https://errors.pydantic.dev/2.13/v/literal_error
09:04:08 WARNING studio.ingest: rejeitado (licença): pexels_3935220.mp4 — registo de licença inválido: 2 validation errors for LicenseRecord
source
  Input should be 'pexels', 'pixabay', 'wikimedia', 'archive_org', 'youtube_cc' or 'owned' [type=literal_error, input_value='rehydration', input_type=str]
    For further information visit https://errors.pydantic.dev/2.13/v/literal_error
verified_by
  Input should be 'api' or 'manual' [type=literal_error, input_value='manual-rehydration-2026-08-06', input_type=str]
    For further information visit https://errors.pydantic.dev/2.13/v/literal_error
[ 430/1075] [rej]   0.0s  shots:+0  pexels_3935220.mp4 (ETA ~0min)
09:04:08 WARNING studio.ingest: rejeitado (licença): pexels_3943966.mp4 — registo de licença inválido: 2 validation errors for LicenseRecord
source
  Input should be 'pexels', 'pixabay', 'wikimedia', 'archive_org', 'youtube_cc' or 'owned' [type=literal_error, input_value='rehydration', input_type=str]
    For further information visit https://errors.pydantic.dev/2.13/v/literal_error
verified_by
  Input should be 'api' or 'manual' [type=literal_error, input_value='manual-rehydration-2026-08-06', input_type=str]
    For further information visit https://errors.pydantic.dev/2.13/v/literal_error
09:04:08 WARNING studio.ingest: rejeitado (licença): pexels_3987643.mp4 — registo de licença inválido: 2 validation errors for LicenseRecord
source
  Input should be 'pexels', 'pixabay', 'wikimedia', 'archive_org', 'youtube_cc' or 'owned' [type=literal_error, input_value='rehydration', input_type=str]
    For further information visit https://errors.pydantic.dev/2.13/v/literal_error
verified_by
  Input should be 'api' or 'manual' [type=literal_error, input_value='manual-rehydration-2026-08-06', input_type=str]
    For further information visit https://errors.pydantic.dev/2.13/v/literal_error
09:04:08 WARNING studio.ingest: rejeitado (licença): pexels_4051341.mp4 — registo de licença inválido: 2 validation errors for LicenseRecord
source
  Input should be 'pexels', 'pixabay', 'wikimedia', 'archive_org', 'youtube_cc' or 'owned' [type=literal_error, input_value='rehydration', input_type=str]
    For further information visit https://errors.pydantic.dev/2.13/v/literal_error
verified_by
  Input should be 'api' or 'manual' [type=literal_error, input_value='manual-rehydration-2026-08-06', input_type=str]
    For further information visit https://errors.pydantic.dev/2.13/v/literal_error
09:04:08 WARNING studio.ingest: rejeitado (licença): pexels_4061837.mp4 — registo de licença inválido: 2 validation errors for LicenseRecord
source
  Input should be 'pexels', 'pixabay', 'wikimedia', 'archive_org', 'youtube_cc' or 'owned' [type=literal_error, input_value='rehydration', input_type=str]
    For further information visit https://errors.pydantic.dev/2.13/v/literal_error
verified_by
  Input should be 'api' or 'manual' [type=literal_error, input_value='manual-rehydration-2026-08-06', input_type=str]
    For further information visit https://errors.pydantic.dev/2.13/v/literal_error
09:04:08 WARNING studio.ingest: rejeitado (licença): pexels_4061885.mp4 — registo de licença inválido: 2 validation errors for LicenseRecord
source
  Input should be 'pexels', 'pixabay', 'wikimedia', 'archive_org', 'youtube_cc' or 'owned' [type=literal_error, input_value='rehydration', input_type=str]
    For further information visit https://errors.pydantic.dev/2.13/v/literal_error
verified_by
  Input should be 'api' or 'manual' [type=literal_error, input_value='manual-rehydration-2026-08-06', input_type=str]
    For further information visit https://errors.pydantic.dev/2.13/v/literal_error
09:04:08 WARNING studio.ingest: rejeitado (licença): pexels_4061888.mp4 — registo de licença inválido: 2 validation errors for LicenseRecord
source
  Input should be 'pexels', 'pixabay', 'wikimedia', 'archive_org', 'youtube_cc' or 'owned' [type=literal_error, input_value='rehydration', input_type=str]
    For further information visit https://errors.pydantic.dev/2.13/v/literal_error
verified_by
  Input should be 'api' or 'manual' [type=literal_error, input_value='manual-rehydration-2026-08-06', input_type=str]
    For further information visit https://errors.pydantic.dev/2.13/v/literal_error
09:04:08 WARNING studio.ingest: rejeitado (licença): pexels_4084096.mp4 — registo de licença inválido: 2 validation errors for LicenseRecord
source
  Input should be 'pexels', 'pixabay', 'wikimedia', 'archive_org', 'youtube_cc' or 'owned' [type=literal_error, input_value='rehydration', input_type=str]
    For further information visit https://errors.pydantic.dev/2.13/v/literal_error
verified_by
  Input should be 'api' or 'manual' [type=literal_error, input_value='manual-rehydration-2026-08-06', input_type=str]
    For further information visit https://errors.pydantic.dev/2.13/v/literal_error
09:04:08 WARNING studio.ingest: rejeitado (licença): pexels_4092172.mp4 — registo de licença inválido: 2 validation errors for LicenseRecord
source
  Input should be 'pexels', 'pixabay', 'wikimedia', 'archive_org', 'youtube_cc' or 'owned' [type=literal_error, input_value='rehydration', input_type=str]
    For further information visit https://errors.pydantic.dev/2.13/v/literal_error
verified_by
  Input should be 'api' or 'manual' [type=literal_error, input_value='manual-rehydration-2026-08-06', input_type=str]
    For further information visit https://errors.pydantic.dev/2.13/v/literal_error
09:04:08 WARNING studio.ingest: rejeitado (licença): pexels_4107656.mp4 — registo de licença inválido: 2 validation errors for LicenseRecord
source
  Input should be 'pexels', 'pixabay', 'wikimedia', 'archive_org', 'youtube_cc' or 'owned' [type=literal_error, input_value='rehydration', input_type=str]
    For further information visit https://errors.pydantic.dev/2.13/v/literal_error
verified_by
  Input should be 'api' or 'manual' [type=literal_error, input_value='manual-rehydration-2026-08-06', input_type=str]
    For further information visit https://errors.pydantic.dev/2.13/v/literal_error
09:04:08 WARNING studio.ingest: rejeitado (licença): pexels_4132968.mp4 — registo de licença inválido: 2 validation errors for LicenseRecord
source
  Input should be 'pexels', 'pixabay', 'wikimedia', 'archive_org', 'youtube_cc' or 'owned' [type=literal_error, input_value='rehydration', input_type=str]
    For further information visit https://errors.pydantic.dev/2.13/v/literal_error
verified_by
  Input should be 'api' or 'manual' [type=literal_error, input_value='manual-rehydration-2026-08-06', input_type=str]
    For further information visit https://errors.pydantic.dev/2.13/v/literal_error
[ 440/1075] [rej]   0.0s  shots:+0  pexels_4132968.mp4 (ETA ~0min)
09:04:08 WARNING studio.ingest: rejeitado (licença): pexels_4155508.mp4 — registo de licença inválido: 2 validation errors for LicenseRecord
source
  Input should be 'pexels', 'pixabay', 'wikimedia', 'archive_org', 'youtube_cc' or 'owned' [type=literal_error, input_value='rehydration', input_type=str]
    For further information visit https://errors.pydantic.dev/2.13/v/literal_error
verified_by
  Input should be 'api' or 'manual' [type=literal_error, input_value='manual-rehydration-2026-08-06', input_type=str]
    For further information visit https://errors.pydantic.dev/2.13/v/literal_error
09:04:08 WARNING studio.ingest: rejeitado (licença): pexels_4169331.mp4 — registo de licença inválido: 2 validation errors for LicenseRecord
source
  Input should be 'pexels', 'pixabay', 'wikimedia', 'archive_org', 'youtube_cc' or 'owned' [type=literal_error, input_value='rehydration', input_type=str]
    For further information visit https://errors.pydantic.dev/2.13/v/literal_error
verified_by
  Input should be 'api' or 'manual' [type=literal_error, input_value='manual-rehydration-2026-08-06', input_type=str]
    For further information visit https://errors.pydantic.dev/2.13/v/literal_error
09:04:08 WARNING studio.ingest: rejeitado (licença): pexels_4175116.mp4 — registo de licença inválido: 2 validation errors for LicenseRecord
source
  Input should be 'pexels', 'pixabay', 'wikimedia', 'archive_org', 'youtube_cc' or 'owned' [type=literal_error, input_value='rehydration', input_type=str]
    For further information visit https://errors.pydantic.dev/2.13/v/literal_error
verified_by
  Input should be 'api' or 'manual' [type=literal_error, input_value='manual-rehydration-2026-08-06', input_type=str]
    For further information visit https://errors.pydantic.dev/2.13/v/literal_error
09:04:08 WARNING studio.ingest: rejeitado (licença): pexels_4238224.mp4 — registo de licença inválido: 2 validation errors for LicenseRecord
source
  Input should be 'pexels', 'pixabay', 'wikimedia', 'archive_org', 'youtube_cc' or 'owned' [type=literal_error, input_value='rehydration', input_type=str]
    For further information visit https://errors.pydantic.dev/2.13/v/literal_error
verified_by
  Input should be 'api' or 'manual' [type=literal_error, input_value='manual-rehydration-2026-08-06', input_type=str]
    For further information visit https://errors.pydantic.dev/2.13/v/literal_error
09:04:08 WARNING studio.ingest: rejeitado (licença): pexels_4333050.mp4 — registo de licença inválido: 2 validation errors for LicenseRecord
source
  Input should be 'pexels', 'pixabay', 'wikimedia', 'archive_org', 'youtube_cc' or 'owned' [type=literal_error, input_value='rehydration', input_type=str]
    For further information visit https://errors.pydantic.dev/2.13/v/literal_error
verified_by
  Input should be 'api' or 'manual' [type=literal_error, input_value='manual-rehydration-2026-08-06', input_type=str]
    For further information visit https://errors.pydantic.dev/2.13/v/literal_error
09:04:08 WARNING studio.ingest: rejeitado (licença): pexels_4333051.mp4 — registo de licença inválido: 2 validation errors for LicenseRecord
source
  Input should be 'pexels', 'pixabay', 'wikimedia', 'archive_org', 'youtube_cc' or 'owned' [type=literal_error, input_value='rehydration', input_type=str]
    For further information visit https://errors.pydantic.dev/2.13/v/literal_error
verified_by
  Input should be 'api' or 'manual' [type=literal_error, input_value='manual-rehydration-2026-08-06', input_type=str]
    For further information visit https://errors.pydantic.dev/2.13/v/literal_error
09:04:09 WARNING studio.ingest: rejeitado (licença): pexels_4333052.mp4 — registo de licença inválido: 2 validation errors for LicenseRecord
source
  Input should be 'pexels', 'pixabay', 'wikimedia', 'archive_org', 'youtube_cc' or 'owned' [type=literal_error, input_value='rehydration', input_type=str]
    For further information visit https://errors.pydantic.dev/2.13/v/literal_error
verified_by
  Input should be 'api' or 'manual' [type=literal_error, input_value='manual-rehydration-2026-08-06', input_type=str]
    For further information visit https://errors.pydantic.dev/2.13/v/literal_error
09:04:09 WARNING studio.ingest: rejeitado (licença): pexels_4333055.mp4 — registo de licença inválido: 2 validation errors for LicenseRecord
source
  Input should be 'pexels', 'pixabay', 'wikimedia', 'archive_org', 'youtube_cc' or 'owned' [type=literal_error, input_value='rehydration', input_type=str]
    For further information visit https://errors.pydantic.dev/2.13/v/literal_error
verified_by
  Input should be 'api' or 'manual' [type=literal_error, input_value='manual-rehydration-2026-08-06', input_type=str]
    For further information visit https://errors.pydantic.dev/2.13/v/literal_error
09:04:09 WARNING studio.ingest: rejeitado (licença): pexels_4333056.mp4 — registo de licença inválido: 2 validation errors for LicenseRecord
source
  Input should be 'pexels', 'pixabay', 'wikimedia', 'archive_org', 'youtube_cc' or 'owned' [type=literal_error, input_value='rehydration', input_type=str]
    For further information visit https://errors.pydantic.dev/2.13/v/literal_error
verified_by
  Input should be 'api' or 'manual' [type=literal_error, input_value='manual-rehydration-2026-08-06', input_type=str]
    For further information visit https://errors.pydantic.dev/2.13/v/literal_error
09:04:09 WARNING studio.ingest: rejeitado (licença): pexels_4341893.mp4 — registo de licença inválido: 2 validation errors for LicenseRecord
source
  Input should be 'pexels', 'pixabay', 'wikimedia', 'archive_org', 'youtube_cc' or 'owned' [type=literal_error, input_value='rehydration', input_type=str]
    For further information visit https://errors.pydantic.dev/2.13/v/literal_error
verified_by
  Input should be 'api' or 'manual' [type=literal_error, input_value='manual-rehydration-2026-08-06', input_type=str]
    For further information visit https://errors.pydantic.dev/2.13/v/literal_error
[ 450/1075] [rej]   0.0s  shots:+0  pexels_4341893.mp4 (ETA ~0min)
09:04:09 WARNING studio.ingest: rejeitado (licença): pexels_4341895.mp4 — registo de licença inválido: 2 validation errors for LicenseRecord
source
  Input should be 'pexels', 'pixabay', 'wikimedia', 'archive_org', 'youtube_cc' or 'owned' [type=literal_error, input_value='rehydration', input_type=str]
    For further information visit https://errors.pydantic.dev/2.13/v/literal_error
verified_by
  Input should be 'api' or 'manual' [type=literal_error, input_value='manual-rehydration-2026-08-06', input_type=str]
    For further information visit https://errors.pydantic.dev/2.13/v/literal_error
09:04:09 WARNING studio.ingest: rejeitado (licença): pexels_4362882.mp4 — registo de licença inválido: 2 validation errors for LicenseRecord
source
  Input should be 'pexels', 'pixabay', 'wikimedia', 'archive_org', 'youtube_cc' or 'owned' [type=literal_error, input_value='rehydration', input_type=str]
    For further information visit https://errors.pydantic.dev/2.13/v/literal_error
verified_by
  Input should be 'api' or 'manual' [type=literal_error, input_value='manual-rehydration-2026-08-06', input_type=str]
    For further information visit https://errors.pydantic.dev/2.13/v/literal_error
09:04:09 WARNING studio.ingest: rejeitado (licença): pexels_4384967.mp4 — registo de licença inválido: 2 validation errors for LicenseRecord
source
  Input should be 'pexels', 'pixabay', 'wikimedia', 'archive_org', 'youtube_cc' or 'owned' [type=literal_error, input_value='rehydration', input_type=str]
    For further information visit https://errors.pydantic.dev/2.13/v/literal_error
verified_by
  Input should be 'api' or 'manual' [type=literal_error, input_value='manual-rehydration-2026-08-06', input_type=str]
    For further information visit https://errors.pydantic.dev/2.13/v/literal_error
09:04:09 WARNING studio.ingest: rejeitado (licença): pexels_4407726.mp4 — registo de licença inválido: 2 validation errors for LicenseRecord
source
  Input should be 'pexels', 'pixabay', 'wikimedia', 'archive_org', 'youtube_cc' or 'owned' [type=literal_error, input_value='rehydration', input_type=str]
    For further information visit https://errors.pydantic.dev/2.13/v/literal_error
verified_by
  Input should be 'api' or 'manual' [type=literal_error, input_value='manual-rehydration-2026-08-06', input_type=str]
    For further information visit https://errors.pydantic.dev/2.13/v/literal_error
09:04:09 WARNING studio.ingest: rejeitado (licença): pexels_4407731.mp4 — registo de licença inválido: 2 validation errors for LicenseRecord
source
  Input should be 'pexels', 'pixabay', 'wikimedia', 'archive_org', 'youtube_cc' or 'owned' [type=literal_error, input_value='rehydration', input_type=str]
    For further information visit https://errors.pydantic.dev/2.13/v/literal_error
verified_by
  Input should be 'api' or 'manual' [type=literal_error, input_value='manual-rehydration-2026-08-06', input_type=str]
    For further information visit https://errors.pydantic.dev/2.13/v/literal_error
09:04:09 WARNING studio.ingest: rejeitado (licença): pexels_4458579.mp4 — registo de licença inválido: 2 validation errors for LicenseRecord
source
  Input should be 'pexels', 'pixabay', 'wikimedia', 'archive_org', 'youtube_cc' or 'owned' [type=literal_error, input_value='rehydration', input_type=str]
    For further information visit https://errors.pydantic.dev/2.13/v/literal_error
verified_by
  Input should be 'api' or 'manual' [type=literal_error, input_value='manual-rehydration-2026-08-06', input_type=str]
    For further information visit https://errors.pydantic.dev/2.13/v/literal_error
09:04:09 WARNING studio.ingest: rejeitado (licença): pexels_4458591.mp4 — registo de licença inválido: 2 validation errors for LicenseRecord
source
  Input should be 'pexels', 'pixabay', 'wikimedia', 'archive_org', 'youtube_cc' or 'owned' [type=literal_error, input_value='rehydration', input_type=str]
    For further information visit https://errors.pydantic.dev/2.13/v/literal_error
verified_by
  Input should be 'api' or 'manual' [type=literal_error, input_value='manual-rehydration-2026-08-06', input_type=str]
    For further information visit https://errors.pydantic.dev/2.13/v/literal_error
09:04:09 WARNING studio.ingest: rejeitado (licença): pexels_4466727.mp4 — registo de licença inválido: 2 validation errors for LicenseRecord
source
  Input should be 'pexels', 'pixabay', 'wikimedia', 'archive_org', 'youtube_cc' or 'owned' [type=literal_error, input_value='rehydration', input_type=str]
    For further information visit https://errors.pydantic.dev/2.13/v/literal_error
verified_by
  Input should be 'api' or 'manual' [type=literal_error, input_value='manual-rehydration-2026-08-06', input_type=str]
    For further information visit https://errors.pydantic.dev/2.13/v/literal_error
09:04:09 WARNING studio.ingest: rejeitado (licença): pexels_4584746.mp4 — registo de licença inválido: 2 validation errors for LicenseRecord
source
  Input should be 'pexels', 'pixabay', 'wikimedia', 'archive_org', 'youtube_cc' or 'owned' [type=literal_error, input_value='rehydration', input_type=str]
    For further information visit https://errors.pydantic.dev/2.13/v/literal_error
verified_by
  Input should be 'api' or 'manual' [type=literal_error, input_value='manual-rehydration-2026-08-06', input_type=str]
    For further information visit https://errors.pydantic.dev/2.13/v/literal_error
09:04:09 WARNING studio.ingest: rejeitado (licença): pexels_4596314.mp4 — registo de licença inválido: 2 validation errors for LicenseRecord
source
  Input should be 'pexels', 'pixabay', 'wikimedia', 'archive_org', 'youtube_cc' or 'owned' [type=literal_error, input_value='rehydration', input_type=str]
    For further information visit https://errors.pydantic.dev/2.13/v/literal_error
verified_by
  Input should be 'api' or 'manual' [type=literal_error, input_value='manual-rehydration-2026-08-06', input_type=str]
    For further information visit https://errors.pydantic.dev/2.13/v/literal_error
[ 460/1075] [rej]   0.0s  shots:+0  pexels_4596314.mp4 (ETA ~0min)
09:04:09 WARNING studio.ingest: rejeitado (licença): pexels_4602188.mp4 — registo de licença inválido: 2 validation errors for LicenseRecord
source
  Input should be 'pexels', 'pixabay', 'wikimedia', 'archive_org', 'youtube_cc' or 'owned' [type=literal_error, input_value='rehydration', input_type=str]
    For further information visit https://errors.pydantic.dev/2.13/v/literal_error
verified_by
  Input should be 'api' or 'manual' [type=literal_error, input_value='manual-rehydration-2026-08-06', input_type=str]
    For further information visit https://errors.pydantic.dev/2.13/v/literal_error
09:04:09 WARNING studio.ingest: rejeitado (licença): pexels_4671883.mp4 — registo de licença inválido: 2 validation errors for LicenseRecord
source
  Input should be 'pexels', 'pixabay', 'wikimedia', 'archive_org', 'youtube_cc' or 'owned' [type=literal_error, input_value='rehydration', input_type=str]
    For further information visit https://errors.pydantic.dev/2.13/v/literal_error
verified_by
  Input should be 'api' or 'manual' [type=literal_error, input_value='manual-rehydration-2026-08-06', input_type=str]
    For further information visit https://errors.pydantic.dev/2.13/v/literal_error
09:04:09 WARNING studio.ingest: rejeitado (licença): pexels_4823187.mp4 — registo de licença inválido: 2 validation errors for LicenseRecord
source
  Input should be 'pexels', 'pixabay', 'wikimedia', 'archive_org', 'youtube_cc' or 'owned' [type=literal_error, input_value='rehydration', input_type=str]
    For further information visit https://errors.pydantic.dev/2.13/v/literal_error
verified_by
  Input should be 'api' or 'manual' [type=literal_error, input_value='manual-rehydration-2026-08-06', input_type=str]
    For further information visit https://errors.pydantic.dev/2.13/v/literal_error
09:04:09 WARNING studio.ingest: rejeitado (licença): pexels_4823534.mp4 — registo de licença inválido: 2 validation errors for LicenseRecord
source
  Input should be 'pexels', 'pixabay', 'wikimedia', 'archive_org', 'youtube_cc' or 'owned' [type=literal_error, input_value='rehydration', input_type=str]
    For further information visit https://errors.pydantic.dev/2.13/v/literal_error
verified_by
  Input should be 'api' or 'manual' [type=literal_error, input_value='manual-rehydration-2026-08-06', input_type=str]
    For further information visit https://errors.pydantic.dev/2.13/v/literal_error
09:04:09 WARNING studio.ingest: rejeitado (licença): pexels_4823566.mp4 — registo de licença inválido: 2 validation errors for LicenseRecord
source
  Input should be 'pexels', 'pixabay', 'wikimedia', 'archive_org', 'youtube_cc' or 'owned' [type=literal_error, input_value='rehydration', input_type=str]
    For further information visit https://errors.pydantic.dev/2.13/v/literal_error
verified_by
  Input should be 'api' or 'manual' [type=literal_error, input_value='manual-rehydration-2026-08-06', input_type=str]
    For further information visit https://errors.pydantic.dev/2.13/v/literal_error
09:04:09 WARNING studio.ingest: rejeitado (licença): pexels_4846660.mp4 — registo de licença inválido: 2 validation errors for LicenseRecord
source
  Input should be 'pexels', 'pixabay', 'wikimedia', 'archive_org', 'youtube_cc' or 'owned' [type=literal_error, input_value='rehydration', input_type=str]
    For further information visit https://errors.pydantic.dev/2.13/v/literal_error
verified_by
  Input should be 'api' or 'manual' [type=literal_error, input_value='manual-rehydration-2026-08-06', input_type=str]
    For further information visit https://errors.pydantic.dev/2.13/v/literal_error
09:04:09 WARNING studio.ingest: rejeitado (licença): pexels_4864915.mp4 — registo de licença inválido: 2 validation errors for LicenseRecord
source
  Input should be 'pexels', 'pixabay', 'wikimedia', 'archive_org', 'youtube_cc' or 'owned' [type=literal_error, input_value='rehydration', input_type=str]
    For further information visit https://errors.pydantic.dev/2.13/v/literal_error
verified_by
  Input should be 'api' or 'manual' [type=literal_error, input_value='manual-rehydration-2026-08-06', input_type=str]
    For further information visit https://errors.pydantic.dev/2.13/v/literal_error
09:04:09 WARNING studio.ingest: rejeitado (licença): pexels_4873466.mp4 — registo de licença inválido: 2 validation errors for LicenseRecord
source
  Input should be 'pexels', 'pixabay', 'wikimedia', 'archive_org', 'youtube_cc' or 'owned' [type=literal_error, input_value='rehydration', input_type=str]
    For further information visit https://errors.pydantic.dev/2.13/v/literal_error
verified_by
  Input should be 'api' or 'manual' [type=literal_error, input_value='manual-rehydration-2026-08-06', input_type=str]
    For further information visit https://errors.pydantic.dev/2.13/v/literal_error
09:04:09 WARNING studio.ingest: rejeitado (licença): pexels_4873842.mp4 — registo de licença inválido: 2 validation errors for LicenseRecord
source
  Input should be 'pexels', 'pixabay', 'wikimedia', 'archive_org', 'youtube_cc' or 'owned' [type=literal_error, input_value='rehydration', input_type=str]
    For further information visit https://errors.pydantic.dev/2.13/v/literal_error
verified_by
  Input should be 'api' or 'manual' [type=literal_error, input_value='manual-rehydration-2026-08-06', input_type=str]
    For further information visit https://errors.pydantic.dev/2.13/v/literal_error
09:04:09 WARNING studio.ingest: rejeitado (licença): pexels_4926165.mp4 — registo de licença inválido: 2 validation errors for LicenseRecord
source
  Input should be 'pexels', 'pixabay', 'wikimedia', 'archive_org', 'youtube_cc' or 'owned' [type=literal_error, input_value='rehydration', input_type=str]
    For further information visit https://errors.pydantic.dev/2.13/v/literal_error
verified_by
  Input should be 'api' or 'manual' [type=literal_error, input_value='manual-rehydration-2026-08-06', input_type=str]
    For further information visit https://errors.pydantic.dev/2.13/v/literal_error
[ 470/1075] [rej]   0.0s  shots:+0  pexels_4926165.mp4 (ETA ~0min)
09:04:09 WARNING studio.ingest: rejeitado (licença): pexels_4938176.mp4 — registo de licença inválido: 2 validation errors for LicenseRecord
source
  Input should be 'pexels', 'pixabay', 'wikimedia', 'archive_org', 'youtube_cc' or 'owned' [type=literal_error, input_value='rehydration', input_type=str]
    For further information visit https://errors.pydantic.dev/2.13/v/literal_error
verified_by
  Input should be 'api' or 'manual' [type=literal_error, input_value='manual-rehydration-2026-08-06', input_type=str]
    For further information visit https://errors.pydantic.dev/2.13/v/literal_error
09:04:09 WARNING studio.ingest: rejeitado (licença): pexels_4957755.mp4 — registo de licença inválido: 2 validation errors for LicenseRecord
source
  Input should be 'pexels', 'pixabay', 'wikimedia', 'archive_org', 'youtube_cc' or 'owned' [type=literal_error, input_value='rehydration', input_type=str]
    For further information visit https://errors.pydantic.dev/2.13/v/literal_error
verified_by
  Input should be 'api' or 'manual' [type=literal_error, input_value='manual-rehydration-2026-08-06', input_type=str]
    For further information visit https://errors.pydantic.dev/2.13/v/literal_error
09:04:09 WARNING studio.ingest: rejeitado (licença): pexels_5036096.mp4 — registo de licença inválido: 2 validation errors for LicenseRecord
source
  Input should be 'pexels', 'pixabay', 'wikimedia', 'archive_org', 'youtube_cc' or 'owned' [type=literal_error, input_value='rehydration', input_type=str]
    For further information visit https://errors.pydantic.dev/2.13/v/literal_error
verified_by
  Input should be 'api' or 'manual' [type=literal_error, input_value='manual-rehydration-2026-08-06', input_type=str]
    For further information visit https://errors.pydantic.dev/2.13/v/literal_error
09:04:09 WARNING studio.ingest: rejeitado (licença): pexels_5087350.mp4 — registo de licença inválido: 2 validation errors for LicenseRecord
source
  Input should be 'pexels', 'pixabay', 'wikimedia', 'archive_org', 'youtube_cc' or 'owned' [type=literal_error, input_value='rehydration', input_type=str]
    For further information visit https://errors.pydantic.dev/2.13/v/literal_error
verified_by
  Input should be 'api' or 'manual' [type=literal_error, input_value='manual-rehydration-2026-08-06', input_type=str]
    For further information visit https://errors.pydantic.dev/2.13/v/literal_error
09:04:09 WARNING studio.ingest: rejeitado (licença): pexels_5103988.mp4 — registo de licença inválido: 2 validation errors for LicenseRecord
source
  Input should be 'pexels', 'pixabay', 'wikimedia', 'archive_org', 'youtube_cc' or 'owned' [type=literal_error, input_value='rehydration', input_type=str]
    For further information visit https://errors.pydantic.dev/2.13/v/literal_error
verified_by
  Input should be 'api' or 'manual' [type=literal_error, input_value='manual-rehydration-2026-08-06', input_type=str]
    For further information visit https://errors.pydantic.dev/2.13/v/literal_error
09:04:09 WARNING studio.ingest: rejeitado (licença): pexels_5103993.mp4 — registo de licença inválido: 2 validation errors for LicenseRecord
source
  Input should be 'pexels', 'pixabay', 'wikimedia', 'archive_org', 'youtube_cc' or 'owned' [type=literal_error, input_value='rehydration', input_type=str]
    For further information visit https://errors.pydantic.dev/2.13/v/literal_error
verified_by
  Input should be 'api' or 'manual' [type=literal_error, input_value='manual-rehydration-2026-08-06', input_type=str]
    For further information visit https://errors.pydantic.dev/2.13/v/literal_error
09:04:09 WARNING studio.ingest: rejeitado (licença): pexels_5103997.mp4 — registo de licença inválido: 2 validation errors for LicenseRecord
source
  Input should be 'pexels', 'pixabay', 'wikimedia', 'archive_org', 'youtube_cc' or 'owned' [type=literal_error, input_value='rehydration', input_type=str]
    For further information visit https://errors.pydantic.dev/2.13/v/literal_error
verified_by
  Input should be 'api' or 'manual' [type=literal_error, input_value='manual-rehydration-2026-08-06', input_type=str]
    For further information visit https://errors.pydantic.dev/2.13/v/literal_error
09:04:09 WARNING studio.ingest: rejeitado (licença): pexels_5152113.mp4 — registo de licença inválido: 2 validation errors for LicenseRecord
source
  Input should be 'pexels', 'pixabay', 'wikimedia', 'archive_org', 'youtube_cc' or 'owned' [type=literal_error, input_value='rehydration', input_type=str]
    For further information visit https://errors.pydantic.dev/2.13/v/literal_error
verified_by
  Input should be 'api' or 'manual' [type=literal_error, input_value='manual-rehydration-2026-08-06', input_type=str]
    For further information visit https://errors.pydantic.dev/2.13/v/literal_error
09:04:09 WARNING studio.ingest: rejeitado (licença): pexels_5155385.mp4 — registo de licença inválido: 2 validation errors for LicenseRecord
source
  Input should be 'pexels', 'pixabay', 'wikimedia', 'archive_org', 'youtube_cc' or 'owned' [type=literal_error, input_value='rehydration', input_type=str]
    For further information visit https://errors.pydantic.dev/2.13/v/literal_error
verified_by
  Input should be 'api' or 'manual' [type=literal_error, input_value='manual-rehydration-2026-08-06', input_type=str]
    For further information visit https://errors.pydantic.dev/2.13/v/literal_error
09:04:09 WARNING studio.ingest: rejeitado (licença): pexels_5227357.mp4 — registo de licença inválido: 2 validation errors for LicenseRecord
source
  Input should be 'pexels', 'pixabay', 'wikimedia', 'archive_org', 'youtube_cc' or 'owned' [type=literal_error, input_value='rehydration', input_type=str]
    For further information visit https://errors.pydantic.dev/2.13/v/literal_error
verified_by
  Input should be 'api' or 'manual' [type=literal_error, input_value='manual-rehydration-2026-08-06', input_type=str]
    For further information visit https://errors.pydantic.dev/2.13/v/literal_error
[ 480/1075] [rej]   0.0s  shots:+0  pexels_5227357.mp4 (ETA ~0min)
09:04:09 WARNING studio.ingest: rejeitado (licença): pexels_5321384.mp4 — registo de licença inválido: 2 validation errors for LicenseRecord
source
  Input should be 'pexels', 'pixabay', 'wikimedia', 'archive_org', 'youtube_cc' or 'owned' [type=literal_error, input_value='rehydration', input_type=str]
    For further information visit https://errors.pydantic.dev/2.13/v/literal_error
verified_by
  Input should be 'api' or 'manual' [type=literal_error, input_value='manual-rehydration-2026-08-06', input_type=str]
    For further information visit https://errors.pydantic.dev/2.13/v/literal_error
09:04:09 WARNING studio.ingest: rejeitado (licença): pexels_5359019.mp4 — registo de licença inválido: 2 validation errors for LicenseRecord
source
  Input should be 'pexels', 'pixabay', 'wikimedia', 'archive_org', 'youtube_cc' or 'owned' [type=literal_error, input_value='rehydration', input_type=str]
    For further information visit https://errors.pydantic.dev/2.13/v/literal_error
verified_by
  Input should be 'api' or 'manual' [type=literal_error, input_value='manual-rehydration-2026-08-06', input_type=str]
    For further information visit https://errors.pydantic.dev/2.13/v/literal_error
09:04:09 WARNING studio.ingest: rejeitado (licença): pexels_5379124.mp4 — registo de licença inválido: 2 validation errors for LicenseRecord
source
  Input should be 'pexels', 'pixabay', 'wikimedia', 'archive_org', 'youtube_cc' or 'owned' [type=literal_error, input_value='rehydration', input_type=str]
    For further information visit https://errors.pydantic.dev/2.13/v/literal_error
verified_by
  Input should be 'api' or 'manual' [type=literal_error, input_value='manual-rehydration-2026-08-06', input_type=str]
    For further information visit https://errors.pydantic.dev/2.13/v/literal_error
09:04:09 WARNING studio.ingest: rejeitado (licença): pexels_5379631.mp4 — registo de licença inválido: 2 validation errors for LicenseRecord
source
  Input should be 'pexels', 'pixabay', 'wikimedia', 'archive_org', 'youtube_cc' or 'owned' [type=literal_error, input_value='rehydration', input_type=str]
    For further information visit https://errors.pydantic.dev/2.13/v/literal_error
verified_by
  Input should be 'api' or 'manual' [type=literal_error, input_value='manual-rehydration-2026-08-06', input_type=str]
    For further information visit https://errors.pydantic.dev/2.13/v/literal_error
09:04:09 WARNING studio.ingest: rejeitado (licença): pexels_5478373.mp4 — registo de licença inválido: 2 validation errors for LicenseRecord
source
  Input should be 'pexels', 'pixabay', 'wikimedia', 'archive_org', 'youtube_cc' or 'owned' [type=literal_error, input_value='rehydration', input_type=str]
    For further information visit https://errors.pydantic.dev/2.13/v/literal_error
verified_by
  Input should be 'api' or 'manual' [type=literal_error, input_value='manual-rehydration-2026-08-06', input_type=str]
    For further information visit https://errors.pydantic.dev/2.13/v/literal_error
09:04:09 WARNING studio.ingest: rejeitado (licença): pexels_5499004.mp4 — registo de licença inválido: 2 validation errors for LicenseRecord
source
  Input should be 'pexels', 'pixabay', 'wikimedia', 'archive_org', 'youtube_cc' or 'owned' [type=literal_error, input_value='rehydration', input_type=str]
    For further information visit https://errors.pydantic.dev/2.13/v/literal_error
verified_by
  Input should be 'api' or 'manual' [type=literal_error, input_value='manual-rehydration-2026-08-06', input_type=str]
    For further information visit https://errors.pydantic.dev/2.13/v/literal_error
09:04:09 WARNING studio.ingest: rejeitado (licença): pexels_5517027.mp4 — registo de licença inválido: 2 validation errors for LicenseRecord
source
  Input should be 'pexels', 'pixabay', 'wikimedia', 'archive_org', 'youtube_cc' or 'owned' [type=literal_error, input_value='rehydration', input_type=str]
    For further information visit https://errors.pydantic.dev/2.13/v/literal_error
verified_by
  Input should be 'api' or 'manual' [type=literal_error, input_value='manual-rehydration-2026-08-06', input_type=str]
    For further information visit https://errors.pydantic.dev/2.13/v/literal_error
09:04:09 WARNING studio.ingest: rejeitado (licença): pexels_5528183.mp4 — registo de licença inválido: 2 validation errors for LicenseRecord
source
  Input should be 'pexels', 'pixabay', 'wikimedia', 'archive_org', 'youtube_cc' or 'owned' [type=literal_error, input_value='rehydration', input_type=str]
    For further information visit https://errors.pydantic.dev/2.13/v/literal_error
verified_by
  Input should be 'api' or 'manual' [type=literal_error, input_value='manual-rehydration-2026-08-06', input_type=str]
    For further information visit https://errors.pydantic.dev/2.13/v/literal_error
09:04:09 WARNING studio.ingest: rejeitado (licença): pexels_5537827.mp4 — registo de licença inválido: 2 validation errors for LicenseRecord
source
  Input should be 'pexels', 'pixabay', 'wikimedia', 'archive_org', 'youtube_cc' or 'owned' [type=literal_error, input_value='rehydration', input_type=str]
    For further information visit https://errors.pydantic.dev/2.13/v/literal_error
verified_by
  Input should be 'api' or 'manual' [type=literal_error, input_value='manual-rehydration-2026-08-06', input_type=str]
    For further information visit https://errors.pydantic.dev/2.13/v/literal_error
09:04:09 WARNING studio.ingest: rejeitado (licença): pexels_5644949.mp4 — registo de licença inválido: 2 validation errors for LicenseRecord
source
  Input should be 'pexels', 'pixabay', 'wikimedia', 'archive_org', 'youtube_cc' or 'owned' [type=literal_error, input_value='rehydration', input_type=str]
    For further information visit https://errors.pydantic.dev/2.13/v/literal_error
verified_by
  Input should be 'api' or 'manual' [type=literal_error, input_value='manual-rehydration-2026-08-06', input_type=str]
    For further information visit https://errors.pydantic.dev/2.13/v/literal_error
[ 490/1075] [rej]   0.0s  shots:+0  pexels_5644949.mp4 (ETA ~0min)
09:04:09 WARNING studio.ingest: rejeitado (licença): pexels_5657537.mp4 — registo de licença inválido: 2 validation errors for LicenseRecord
source
  Input should be 'pexels', 'pixabay', 'wikimedia', 'archive_org', 'youtube_cc' or 'owned' [type=literal_error, input_value='rehydration', input_type=str]
    For further information visit https://errors.pydantic.dev/2.13/v/literal_error
verified_by
  Input should be 'api' or 'manual' [type=literal_error, input_value='manual-rehydration-2026-08-06', input_type=str]
    For further information visit https://errors.pydantic.dev/2.13/v/literal_error
09:04:09 WARNING studio.ingest: rejeitado (licença): pexels_5665059.mp4 — registo de licença inválido: 2 validation errors for LicenseRecord
source
  Input should be 'pexels', 'pixabay', 'wikimedia', 'archive_org', 'youtube_cc' or 'owned' [type=literal_error, input_value='rehydration', input_type=str]
    For further information visit https://errors.pydantic.dev/2.13/v/literal_error
verified_by
  Input should be 'api' or 'manual' [type=literal_error, input_value='manual-rehydration-2026-08-06', input_type=str]
    For further information visit https://errors.pydantic.dev/2.13/v/literal_error
09:04:09 WARNING studio.ingest: rejeitado (licença): pexels_5755342.mp4 — registo de licença inválido: 2 validation errors for LicenseRecord
source
  Input should be 'pexels', 'pixabay', 'wikimedia', 'archive_org', 'youtube_cc' or 'owned' [type=literal_error, input_value='rehydration', input_type=str]
    For further information visit https://errors.pydantic.dev/2.13/v/literal_error
verified_by
  Input should be 'api' or 'manual' [type=literal_error, input_value='manual-rehydration-2026-08-06', input_type=str]
    For further information visit https://errors.pydantic.dev/2.13/v/literal_error
09:04:09 WARNING studio.ingest: rejeitado (licença): pexels_5758069.mp4 — registo de licença inválido: 2 validation errors for LicenseRecord
source
  Input should be 'pexels', 'pixabay', 'wikimedia', 'archive_org', 'youtube_cc' or 'owned' [type=literal_error, input_value='rehydration', input_type=str]
    For further information visit https://errors.pydantic.dev/2.13/v/literal_error
verified_by
  Input should be 'api' or 'manual' [type=literal_error, input_value='manual-rehydration-2026-08-06', input_type=str]
    For further information visit https://errors.pydantic.dev/2.13/v/literal_error
09:04:09 WARNING studio.ingest: rejeitado (licença): pexels_5780030.mp4 — registo de licença inválido: 2 validation errors for LicenseRecord
source
  Input should be 'pexels', 'pixabay', 'wikimedia', 'archive_org', 'youtube_cc' or 'owned' [type=literal_error, input_value='rehydration', input_type=str]
    For further information visit https://errors.pydantic.dev/2.13/v/literal_error
verified_by
  Input should be 'api' or 'manual' [type=literal_error, input_value='manual-rehydration-2026-08-06', input_type=str]
    For further information visit https://errors.pydantic.dev/2.13/v/literal_error
09:04:09 WARNING studio.ingest: rejeitado (licença): pexels_5789840.mp4 — registo de licença inválido: 2 validation errors for LicenseRecord
source
  Input should be 'pexels', 'pixabay', 'wikimedia', 'archive_org', 'youtube_cc' or 'owned' [type=literal_error, input_value='rehydration', input_type=str]
    For further information visit https://errors.pydantic.dev/2.13/v/literal_error
verified_by
  Input should be 'api' or 'manual' [type=literal_error, input_value='manual-rehydration-2026-08-06', input_type=str]
    For further information visit https://errors.pydantic.dev/2.13/v/literal_error
09:04:09 WARNING studio.ingest: rejeitado (licença): pexels_5865605.mp4 — registo de licença inválido: 2 validation errors for LicenseRecord
source
  Input should be 'pexels', 'pixabay', 'wikimedia', 'archive_org', 'youtube_cc' or 'owned' [type=literal_error, input_value='rehydration', input_type=str]
    For further information visit https://errors.pydantic.dev/2.13/v/literal_error
verified_by
  Input should be 'api' or 'manual' [type=literal_error, input_value='manual-rehydration-2026-08-06', input_type=str]
    For further information visit https://errors.pydantic.dev/2.13/v/literal_error
09:04:09 WARNING studio.ingest: rejeitado (licença): pexels_5865606.mp4 — registo de licença inválido: 2 validation errors for LicenseRecord
source
  Input should be 'pexels', 'pixabay', 'wikimedia', 'archive_org', 'youtube_cc' or 'owned' [type=literal_error, input_value='rehydration', input_type=str]
    For further information visit https://errors.pydantic.dev/2.13/v/literal_error
verified_by
  Input should be 'api' or 'manual' [type=literal_error, input_value='manual-rehydration-2026-08-06', input_type=str]
    For further information visit https://errors.pydantic.dev/2.13/v/literal_error
09:04:09 WARNING studio.ingest: rejeitado (licença): pexels_5898242.mp4 — registo de licença inválido: 2 validation errors for LicenseRecord
source
  Input should be 'pexels', 'pixabay', 'wikimedia', 'archive_org', 'youtube_cc' or 'owned' [type=literal_error, input_value='rehydration', input_type=str]
    For further information visit https://errors.pydantic.dev/2.13/v/literal_error
verified_by
  Input should be 'api' or 'manual' [type=literal_error, input_value='manual-rehydration-2026-08-06', input_type=str]
    For further information visit https://errors.pydantic.dev/2.13/v/literal_error
09:04:09 WARNING studio.ingest: rejeitado (licença): pexels_5899153.mp4 — registo de licença inválido: 2 validation errors for LicenseRecord
source
  Input should be 'pexels', 'pixabay', 'wikimedia', 'archive_org', 'youtube_cc' or 'owned' [type=literal_error, input_value='rehydration', input_type=str]
    For further information visit https://errors.pydantic.dev/2.13/v/literal_error
verified_by
  Input should be 'api' or 'manual' [type=literal_error, input_value='manual-rehydration-2026-08-06', input_type=str]
    For further information visit https://errors.pydantic.dev/2.13/v/literal_error
[ 500/1075] [rej]   0.0s  shots:+0  pexels_5899153.mp4 (ETA ~0min)
09:04:09 WARNING studio.ingest: rejeitado (licença): pexels_5909919.mp4 — registo de licença inválido: 2 validation errors for LicenseRecord
source
  Input should be 'pexels', 'pixabay', 'wikimedia', 'archive_org', 'youtube_cc' or 'owned' [type=literal_error, input_value='rehydration', input_type=str]
    For further information visit https://errors.pydantic.dev/2.13/v/literal_error
verified_by
  Input should be 'api' or 'manual' [type=literal_error, input_value='manual-rehydration-2026-08-06', input_type=str]
    For further information visit https://errors.pydantic.dev/2.13/v/literal_error
09:04:09 WARNING studio.ingest: rejeitado (licença): pexels_5920132.mp4 — registo de licença inválido: 2 validation errors for LicenseRecord
source
  Input should be 'pexels', 'pixabay', 'wikimedia', 'archive_org', 'youtube_cc' or 'owned' [type=literal_error, input_value='rehydration', input_type=str]
    For further information visit https://errors.pydantic.dev/2.13/v/literal_error
verified_by
  Input should be 'api' or 'manual' [type=literal_error, input_value='manual-rehydration-2026-08-06', input_type=str]
    For further information visit https://errors.pydantic.dev/2.13/v/literal_error
09:04:09 WARNING studio.ingest: rejeitado (licença): pexels_5920139.mp4 — registo de licença inválido: 2 validation errors for LicenseRecord
source
  Input should be 'pexels', 'pixabay', 'wikimedia', 'archive_org', 'youtube_cc' or 'owned' [type=literal_error, input_value='rehydration', input_type=str]
    For further information visit https://errors.pydantic.dev/2.13/v/literal_error
verified_by
  Input should be 'api' or 'manual' [type=literal_error, input_value='manual-rehydration-2026-08-06', input_type=str]
    For further information visit https://errors.pydantic.dev/2.13/v/literal_error
09:04:09 WARNING studio.ingest: rejeitado (licença): pexels_5920140.mp4 — registo de licença inválido: 2 validation errors for LicenseRecord
source
  Input should be 'pexels', 'pixabay', 'wikimedia', 'archive_org', 'youtube_cc' or 'owned' [type=literal_error, input_value='rehydration', input_type=str]
    For further information visit https://errors.pydantic.dev/2.13/v/literal_error
verified_by
  Input should be 'api' or 'manual' [type=literal_error, input_value='manual-rehydration-2026-08-06', input_type=str]
    For further information visit https://errors.pydantic.dev/2.13/v/literal_error
09:04:09 WARNING studio.ingest: rejeitado (licença): pexels_5920142.mp4 — registo de licença inválido: 2 validation errors for LicenseRecord
source
  Input should be 'pexels', 'pixabay', 'wikimedia', 'archive_org', 'youtube_cc' or 'owned' [type=literal_error, input_value='rehydration', input_type=str]
    For further information visit https://errors.pydantic.dev/2.13/v/literal_error
verified_by
  Input should be 'api' or 'manual' [type=literal_error, input_value='manual-rehydration-2026-08-06', input_type=str]
    For further information visit https://errors.pydantic.dev/2.13/v/literal_error
09:04:09 WARNING studio.ingest: rejeitado (licença): pexels_5920172.mp4 — registo de licença inválido: 2 validation errors for LicenseRecord
source
  Input should be 'pexels', 'pixabay', 'wikimedia', 'archive_org', 'youtube_cc' or 'owned' [type=literal_error, input_value='rehydration', input_type=str]
    For further information visit https://errors.pydantic.dev/2.13/v/literal_error
verified_by
  Input should be 'api' or 'manual' [type=literal_error, input_value='manual-rehydration-2026-08-06', input_type=str]
    For further information visit https://errors.pydantic.dev/2.13/v/literal_error
09:04:09 WARNING studio.ingest: rejeitado (licença): pexels_5920242.mp4 — registo de licença inválido: 2 validation errors for LicenseRecord
source
  Input should be 'pexels', 'pixabay', 'wikimedia', 'archive_org', 'youtube_cc' or 'owned' [type=literal_error, input_value='rehydration', input_type=str]
    For further information visit https://errors.pydantic.dev/2.13/v/literal_error
verified_by
  Input should be 'api' or 'manual' [type=literal_error, input_value='manual-rehydration-2026-08-06', input_type=str]
    For further information visit https://errors.pydantic.dev/2.13/v/literal_error
09:04:09 WARNING studio.ingest: rejeitado (licença): pexels_5920247.mp4 — registo de licença inválido: 2 validation errors for LicenseRecord
source
  Input should be 'pexels', 'pixabay', 'wikimedia', 'archive_org', 'youtube_cc' or 'owned' [type=literal_error, input_value='rehydration', input_type=str]
    For further information visit https://errors.pydantic.dev/2.13/v/literal_error
verified_by
  Input should be 'api' or 'manual' [type=literal_error, input_value='manual-rehydration-2026-08-06', input_type=str]
    For further information visit https://errors.pydantic.dev/2.13/v/literal_error
09:04:09 WARNING studio.ingest: rejeitado (licença): pexels_5920250.mp4 — registo de licença inválido: 2 validation errors for LicenseRecord
source
  Input should be 'pexels', 'pixabay', 'wikimedia', 'archive_org', 'youtube_cc' or 'owned' [type=literal_error, input_value='rehydration', input_type=str]
    For further information visit https://errors.pydantic.dev/2.13/v/literal_error
verified_by
  Input should be 'api' or 'manual' [type=literal_error, input_value='manual-rehydration-2026-08-06', input_type=str]
    For further information visit https://errors.pydantic.dev/2.13/v/literal_error
09:04:09 WARNING studio.ingest: rejeitado (licença): pexels_5928850.mp4 — registo de licença inválido: 2 validation errors for LicenseRecord
source
  Input should be 'pexels', 'pixabay', 'wikimedia', 'archive_org', 'youtube_cc' or 'owned' [type=literal_error, input_value='rehydration', input_type=str]
    For further information visit https://errors.pydantic.dev/2.13/v/literal_error
verified_by
  Input should be 'api' or 'manual' [type=literal_error, input_value='manual-rehydration-2026-08-06', input_type=str]
    For further information visit https://errors.pydantic.dev/2.13/v/literal_error
[ 510/1075] [rej]   0.0s  shots:+0  pexels_5928850.mp4 (ETA ~0min)
09:04:09 WARNING studio.ingest: rejeitado (licença): pexels_5944612.mp4 — registo de licença inválido: 2 validation errors for LicenseRecord
source
  Input should be 'pexels', 'pixabay', 'wikimedia', 'archive_org', 'youtube_cc' or 'owned' [type=literal_error, input_value='rehydration', input_type=str]
    For further information visit https://errors.pydantic.dev/2.13/v/literal_error
verified_by
  Input should be 'api' or 'manual' [type=literal_error, input_value='manual-rehydration-2026-08-06', input_type=str]
    For further information visit https://errors.pydantic.dev/2.13/v/literal_error
09:04:09 WARNING studio.ingest: rejeitado (licença): pexels_5945469.mp4 — registo de licença inválido: 2 validation errors for LicenseRecord
source
  Input should be 'pexels', 'pixabay', 'wikimedia', 'archive_org', 'youtube_cc' or 'owned' [type=literal_error, input_value='rehydration', input_type=str]
    For further information visit https://errors.pydantic.dev/2.13/v/literal_error
verified_by
  Input should be 'api' or 'manual' [type=literal_error, input_value='manual-rehydration-2026-08-06', input_type=str]
    For further information visit https://errors.pydantic.dev/2.13/v/literal_error
09:04:09 WARNING studio.ingest: rejeitado (licença): pexels_5945837.mp4 — registo de licença inválido: 2 validation errors for LicenseRecord
source
  Input should be 'pexels', 'pixabay', 'wikimedia', 'archive_org', 'youtube_cc' or 'owned' [type=literal_error, input_value='rehydration', input_type=str]
    For further information visit https://errors.pydantic.dev/2.13/v/literal_error
verified_by
  Input should be 'api' or 'manual' [type=literal_error, input_value='manual-rehydration-2026-08-06', input_type=str]
    For further information visit https://errors.pydantic.dev/2.13/v/literal_error
09:04:09 WARNING studio.ingest: rejeitado (licença): pexels_5966545.mp4 — registo de licença inválido: 2 validation errors for LicenseRecord
source
  Input should be 'pexels', 'pixabay', 'wikimedia', 'archive_org', 'youtube_cc' or 'owned' [type=literal_error, input_value='rehydration', input_type=str]
    For further information visit https://errors.pydantic.dev/2.13/v/literal_error
verified_by
  Input should be 'api' or 'manual' [type=literal_error, input_value='manual-rehydration-2026-08-06', input_type=str]
    For further information visit https://errors.pydantic.dev/2.13/v/literal_error
09:04:09 WARNING studio.ingest: rejeitado (licença): pexels_5967595.mp4 — registo de licença inválido: 2 validation errors for LicenseRecord
source
  Input should be 'pexels', 'pixabay', 'wikimedia', 'archive_org', 'youtube_cc' or 'owned' [type=literal_error, input_value='rehydration', input_type=str]
    For further information visit https://errors.pydantic.dev/2.13/v/literal_error
verified_by
  Input should be 'api' or 'manual' [type=literal_error, input_value='manual-rehydration-2026-08-06', input_type=str]
    For further information visit https://errors.pydantic.dev/2.13/v/literal_error
09:04:09 WARNING studio.ingest: rejeitado (licença): pexels_5984500.mp4 — registo de licença inválido: 2 validation errors for LicenseRecord
source
  Input should be 'pexels', 'pixabay', 'wikimedia', 'archive_org', 'youtube_cc' or 'owned' [type=literal_error, input_value='rehydration', input_type=str]
    For further information visit https://errors.pydantic.dev/2.13/v/literal_error
verified_by
  Input should be 'api' or 'manual' [type=literal_error, input_value='manual-rehydration-2026-08-06', input_type=str]
    For further information visit https://errors.pydantic.dev/2.13/v/literal_error
09:04:09 WARNING studio.ingest: rejeitado (licença): pexels_6002525.mp4 — registo de licença inválido: 2 validation errors for LicenseRecord
source
  Input should be 'pexels', 'pixabay', 'wikimedia', 'archive_org', 'youtube_cc' or 'owned' [type=literal_error, input_value='rehydration', input_type=str]
    For further information visit https://errors.pydantic.dev/2.13/v/literal_error
verified_by
  Input should be 'api' or 'manual' [type=literal_error, input_value='manual-rehydration-2026-08-06', input_type=str]
    For further information visit https://errors.pydantic.dev/2.13/v/literal_error
09:04:09 WARNING studio.ingest: rejeitado (licença): pexels_6024552.mp4 — registo de licença inválido: 2 validation errors for LicenseRecord
source
  Input should be 'pexels', 'pixabay', 'wikimedia', 'archive_org', 'youtube_cc' or 'owned' [type=literal_error, input_value='rehydration', input_type=str]
    For further information visit https://errors.pydantic.dev/2.13/v/literal_error
verified_by
  Input should be 'api' or 'manual' [type=literal_error, input_value='manual-rehydration-2026-08-06', input_type=str]
    For further information visit https://errors.pydantic.dev/2.13/v/literal_error
09:04:09 WARNING studio.ingest: rejeitado (licença): pexels_6156696.mp4 — registo de licença inválido: 2 validation errors for LicenseRecord
source
  Input should be 'pexels', 'pixabay', 'wikimedia', 'archive_org', 'youtube_cc' or 'owned' [type=literal_error, input_value='rehydration', input_type=str]
    For further information visit https://errors.pydantic.dev/2.13/v/literal_error
verified_by
  Input should be 'api' or 'manual' [type=literal_error, input_value='manual-rehydration-2026-08-06', input_type=str]
    For further information visit https://errors.pydantic.dev/2.13/v/literal_error
09:04:09 WARNING studio.ingest: rejeitado (licença): pexels_6158366.mp4 — registo de licença inválido: 2 validation errors for LicenseRecord
source
  Input should be 'pexels', 'pixabay', 'wikimedia', 'archive_org', 'youtube_cc' or 'owned' [type=literal_error, input_value='rehydration', input_type=str]
    For further information visit https://errors.pydantic.dev/2.13/v/literal_error
verified_by
  Input should be 'api' or 'manual' [type=literal_error, input_value='manual-rehydration-2026-08-06', input_type=str]
    For further information visit https://errors.pydantic.dev/2.13/v/literal_error
[ 520/1075] [rej]   0.0s  shots:+0  pexels_6158366.mp4 (ETA ~0min)
09:04:09 WARNING studio.ingest: rejeitado (licença): pexels_6176587.mp4 — registo de licença inválido: 2 validation errors for LicenseRecord
source
  Input should be 'pexels', 'pixabay', 'wikimedia', 'archive_org', 'youtube_cc' or 'owned' [type=literal_error, input_value='rehydration', input_type=str]
    For further information visit https://errors.pydantic.dev/2.13/v/literal_error
verified_by
  Input should be 'api' or 'manual' [type=literal_error, input_value='manual-rehydration-2026-08-06', input_type=str]
    For further information visit https://errors.pydantic.dev/2.13/v/literal_error
09:04:09 WARNING studio.ingest: rejeitado (licença): pexels_6180853.mp4 — registo de licença inválido: 2 validation errors for LicenseRecord
source
  Input should be 'pexels', 'pixabay', 'wikimedia', 'archive_org', 'youtube_cc' or 'owned' [type=literal_error, input_value='rehydration', input_type=str]
    For further information visit https://errors.pydantic.dev/2.13/v/literal_error
verified_by
  Input should be 'api' or 'manual' [type=literal_error, input_value='manual-rehydration-2026-08-06', input_type=str]
    For further information visit https://errors.pydantic.dev/2.13/v/literal_error
09:04:09 WARNING studio.ingest: rejeitado (licença): pexels_6180870.mp4 — registo de licença inválido: 2 validation errors for LicenseRecord
source
  Input should be 'pexels', 'pixabay', 'wikimedia', 'archive_org', 'youtube_cc' or 'owned' [type=literal_error, input_value='rehydration', input_type=str]
    For further information visit https://errors.pydantic.dev/2.13/v/literal_error
verified_by
  Input should be 'api' or 'manual' [type=literal_error, input_value='manual-rehydration-2026-08-06', input_type=str]
    For further information visit https://errors.pydantic.dev/2.13/v/literal_error
09:04:09 WARNING studio.ingest: rejeitado (licença): pexels_6180871.mp4 — registo de licença inválido: 2 validation errors for LicenseRecord
source
  Input should be 'pexels', 'pixabay', 'wikimedia', 'archive_org', 'youtube_cc' or 'owned' [type=literal_error, input_value='rehydration', input_type=str]
    For further information visit https://errors.pydantic.dev/2.13/v/literal_error
verified_by
  Input should be 'api' or 'manual' [type=literal_error, input_value='manual-rehydration-2026-08-06', input_type=str]
    For further information visit https://errors.pydantic.dev/2.13/v/literal_error
09:04:09 WARNING studio.ingest: rejeitado (licença): pexels_6180875.mp4 — registo de licença inválido: 2 validation errors for LicenseRecord
source
  Input should be 'pexels', 'pixabay', 'wikimedia', 'archive_org', 'youtube_cc' or 'owned' [type=literal_error, input_value='rehydration', input_type=str]
    For further information visit https://errors.pydantic.dev/2.13/v/literal_error
verified_by
  Input should be 'api' or 'manual' [type=literal_error, input_value='manual-rehydration-2026-08-06', input_type=str]
    For further information visit https://errors.pydantic.dev/2.13/v/literal_error
09:04:09 WARNING studio.ingest: rejeitado (licença): pexels_6180910.mp4 — registo de licença inválido: 2 validation errors for LicenseRecord
source
  Input should be 'pexels', 'pixabay', 'wikimedia', 'archive_org', 'youtube_cc' or 'owned' [type=literal_error, input_value='rehydration', input_type=str]
    For further information visit https://errors.pydantic.dev/2.13/v/literal_error
verified_by
  Input should be 'api' or 'manual' [type=literal_error, input_value='manual-rehydration-2026-08-06', input_type=str]
    For further information visit https://errors.pydantic.dev/2.13/v/literal_error
09:04:09 WARNING studio.ingest: rejeitado (licença): pexels_6192604.mp4 — registo de licença inválido: 2 validation errors for LicenseRecord
source
  Input should be 'pexels', 'pixabay', 'wikimedia', 'archive_org', 'youtube_cc' or 'owned' [type=literal_error, input_value='rehydration', input_type=str]
    For further information visit https://errors.pydantic.dev/2.13/v/literal_error
verified_by
  Input should be 'api' or 'manual' [type=literal_error, input_value='manual-rehydration-2026-08-06', input_type=str]
    For further information visit https://errors.pydantic.dev/2.13/v/literal_error
09:04:09 WARNING studio.ingest: rejeitado (licença): pexels_6201669.mp4 — registo de licença inválido: 2 validation errors for LicenseRecord
source
  Input should be 'pexels', 'pixabay', 'wikimedia', 'archive_org', 'youtube_cc' or 'owned' [type=literal_error, input_value='rehydration', input_type=str]
    For further information visit https://errors.pydantic.dev/2.13/v/literal_error
verified_by
  Input should be 'api' or 'manual' [type=literal_error, input_value='manual-rehydration-2026-08-06', input_type=str]
    For further information visit https://errors.pydantic.dev/2.13/v/literal_error
09:04:09 WARNING studio.ingest: rejeitado (licença): pexels_6229548.mp4 — registo de licença inválido: 2 validation errors for LicenseRecord
source
  Input should be 'pexels', 'pixabay', 'wikimedia', 'archive_org', 'youtube_cc' or 'owned' [type=literal_error, input_value='rehydration', input_type=str]
    For further information visit https://errors.pydantic.dev/2.13/v/literal_error
verified_by
  Input should be 'api' or 'manual' [type=literal_error, input_value='manual-rehydration-2026-08-06', input_type=str]
    For further information visit https://errors.pydantic.dev/2.13/v/literal_error
09:04:09 WARNING studio.ingest: rejeitado (licença): pexels_6278839.mp4 — registo de licença inválido: 2 validation errors for LicenseRecord
source
  Input should be 'pexels', 'pixabay', 'wikimedia', 'archive_org', 'youtube_cc' or 'owned' [type=literal_error, input_value='rehydration', input_type=str]
    For further information visit https://errors.pydantic.dev/2.13/v/literal_error
verified_by
  Input should be 'api' or 'manual' [type=literal_error, input_value='manual-rehydration-2026-08-06', input_type=str]
    For further information visit https://errors.pydantic.dev/2.13/v/literal_error
[ 530/1075] [rej]   0.0s  shots:+0  pexels_6278839.mp4 (ETA ~0min)
09:04:09 WARNING studio.ingest: rejeitado (licença): pexels_6287623.mp4 — registo de licença inválido: 2 validation errors for LicenseRecord
source
  Input should be 'pexels', 'pixabay', 'wikimedia', 'archive_org', 'youtube_cc' or 'owned' [type=literal_error, input_value='rehydration', input_type=str]
    For further information visit https://errors.pydantic.dev/2.13/v/literal_error
verified_by
  Input should be 'api' or 'manual' [type=literal_error, input_value='manual-rehydration-2026-08-06', input_type=str]
    For further information visit https://errors.pydantic.dev/2.13/v/literal_error
09:04:09 WARNING studio.ingest: rejeitado (licença): pexels_6287629.mp4 — registo de licença inválido: 2 validation errors for LicenseRecord
source
  Input should be 'pexels', 'pixabay', 'wikimedia', 'archive_org', 'youtube_cc' or 'owned' [type=literal_error, input_value='rehydration', input_type=str]
    For further information visit https://errors.pydantic.dev/2.13/v/literal_error
verified_by
  Input should be 'api' or 'manual' [type=literal_error, input_value='manual-rehydration-2026-08-06', input_type=str]
    For further information visit https://errors.pydantic.dev/2.13/v/literal_error
09:04:09 WARNING studio.ingest: rejeitado (licença): pexels_6288293.mp4 — registo de licença inválido: 2 validation errors for LicenseRecord
source
  Input should be 'pexels', 'pixabay', 'wikimedia', 'archive_org', 'youtube_cc' or 'owned' [type=literal_error, input_value='rehydration', input_type=str]
    For further information visit https://errors.pydantic.dev/2.13/v/literal_error
verified_by
  Input should be 'api' or 'manual' [type=literal_error, input_value='manual-rehydration-2026-08-06', input_type=str]
    For further information visit https://errors.pydantic.dev/2.13/v/literal_error
09:04:09 WARNING studio.ingest: rejeitado (licença): pexels_6288314.mp4 — registo de licença inválido: 2 validation errors for LicenseRecord
source
  Input should be 'pexels', 'pixabay', 'wikimedia', 'archive_org', 'youtube_cc' or 'owned' [type=literal_error, input_value='rehydration', input_type=str]
    For further information visit https://errors.pydantic.dev/2.13/v/literal_error
verified_by
  Input should be 'api' or 'manual' [type=literal_error, input_value='manual-rehydration-2026-08-06', input_type=str]
    For further information visit https://errors.pydantic.dev/2.13/v/literal_error
09:04:09 WARNING studio.ingest: rejeitado (licença): pexels_6316112.mp4 — registo de licença inválido: 2 validation errors for LicenseRecord
source
  Input should be 'pexels', 'pixabay', 'wikimedia', 'archive_org', 'youtube_cc' or 'owned' [type=literal_error, input_value='rehydration', input_type=str]
    For further information visit https://errors.pydantic.dev/2.13/v/literal_error
verified_by
  Input should be 'api' or 'manual' [type=literal_error, input_value='manual-rehydration-2026-08-06', input_type=str]
    For further information visit https://errors.pydantic.dev/2.13/v/literal_error
09:04:09 WARNING studio.ingest: rejeitado (licença): pexels_6356806.mp4 — registo de licença inválido: 2 validation errors for LicenseRecord
source
  Input should be 'pexels', 'pixabay', 'wikimedia', 'archive_org', 'youtube_cc' or 'owned' [type=literal_error, input_value='rehydration', input_type=str]
    For further information visit https://errors.pydantic.dev/2.13/v/literal_error
verified_by
  Input should be 'api' or 'manual' [type=literal_error, input_value='manual-rehydration-2026-08-06', input_type=str]
    For further information visit https://errors.pydantic.dev/2.13/v/literal_error
09:04:09 WARNING studio.ingest: rejeitado (licença): pexels_6356810.mp4 — registo de licença inválido: 2 validation errors for LicenseRecord
source
  Input should be 'pexels', 'pixabay', 'wikimedia', 'archive_org', 'youtube_cc' or 'owned' [type=literal_error, input_value='rehydration', input_type=str]
    For further information visit https://errors.pydantic.dev/2.13/v/literal_error
verified_by
  Input should be 'api' or 'manual' [type=literal_error, input_value='manual-rehydration-2026-08-06', input_type=str]
    For further information visit https://errors.pydantic.dev/2.13/v/literal_error
09:04:09 WARNING studio.ingest: rejeitado (licença): pexels_6472910.mp4 — registo de licença inválido: 2 validation errors for LicenseRecord
source
  Input should be 'pexels', 'pixabay', 'wikimedia', 'archive_org', 'youtube_cc' or 'owned' [type=literal_error, input_value='rehydration', input_type=str]
    For further information visit https://errors.pydantic.dev/2.13/v/literal_error
verified_by
  Input should be 'api' or 'manual' [type=literal_error, input_value='manual-rehydration-2026-08-06', input_type=str]
    For further information visit https://errors.pydantic.dev/2.13/v/literal_error
09:04:09 WARNING studio.ingest: rejeitado (licença): pexels_6520518.mp4 — registo de licença inválido: 2 validation errors for LicenseRecord
source
  Input should be 'pexels', 'pixabay', 'wikimedia', 'archive_org', 'youtube_cc' or 'owned' [type=literal_error, input_value='rehydration', input_type=str]
    For further information visit https://errors.pydantic.dev/2.13/v/literal_error
verified_by
  Input should be 'api' or 'manual' [type=literal_error, input_value='manual-rehydration-2026-08-06', input_type=str]
    For further information visit https://errors.pydantic.dev/2.13/v/literal_error
09:04:09 WARNING studio.ingest: rejeitado (licença): pexels_6529510.mp4 — registo de licença inválido: 2 validation errors for LicenseRecord
source
  Input should be 'pexels', 'pixabay', 'wikimedia', 'archive_org', 'youtube_cc' or 'owned' [type=literal_error, input_value='rehydration', input_type=str]
    For further information visit https://errors.pydantic.dev/2.13/v/literal_error
verified_by
  Input should be 'api' or 'manual' [type=literal_error, input_value='manual-rehydration-2026-08-06', input_type=str]
    For further information visit https://errors.pydantic.dev/2.13/v/literal_error
[ 540/1075] [rej]   0.0s  shots:+0  pexels_6529510.mp4 (ETA ~0min)
09:04:09 WARNING studio.ingest: rejeitado (licença): pexels_6529555.mp4 — registo de licença inválido: 2 validation errors for LicenseRecord
source
  Input should be 'pexels', 'pixabay', 'wikimedia', 'archive_org', 'youtube_cc' or 'owned' [type=literal_error, input_value='rehydration', input_type=str]
    For further information visit https://errors.pydantic.dev/2.13/v/literal_error
verified_by
  Input should be 'api' or 'manual' [type=literal_error, input_value='manual-rehydration-2026-08-06', input_type=str]
    For further information visit https://errors.pydantic.dev/2.13/v/literal_error
09:04:09 WARNING studio.ingest: rejeitado (licença): pexels_6543351.mp4 — registo de licença inválido: 2 validation errors for LicenseRecord
source
  Input should be 'pexels', 'pixabay', 'wikimedia', 'archive_org', 'youtube_cc' or 'owned' [type=literal_error, input_value='rehydration', input_type=str]
    For further information visit https://errors.pydantic.dev/2.13/v/literal_error
verified_by
  Input should be 'api' or 'manual' [type=literal_error, input_value='manual-rehydration-2026-08-06', input_type=str]
    For further information visit https://errors.pydantic.dev/2.13/v/literal_error
09:04:09 WARNING studio.ingest: rejeitado (licença): pexels_6637242.mp4 — registo de licença inválido: 2 validation errors for LicenseRecord
source
  Input should be 'pexels', 'pixabay', 'wikimedia', 'archive_org', 'youtube_cc' or 'owned' [type=literal_error, input_value='rehydration', input_type=str]
    For further information visit https://errors.pydantic.dev/2.13/v/literal_error
verified_by
  Input should be 'api' or 'manual' [type=literal_error, input_value='manual-rehydration-2026-08-06', input_type=str]
    For further information visit https://errors.pydantic.dev/2.13/v/literal_error
09:04:09 WARNING studio.ingest: rejeitado (licença): pexels_6645682.mp4 — registo de licença inválido: 2 validation errors for LicenseRecord
source
  Input should be 'pexels', 'pixabay', 'wikimedia', 'archive_org', 'youtube_cc' or 'owned' [type=literal_error, input_value='rehydration', input_type=str]
    For further information visit https://errors.pydantic.dev/2.13/v/literal_error
verified_by
  Input should be 'api' or 'manual' [type=literal_error, input_value='manual-rehydration-2026-08-06', input_type=str]
    For further information visit https://errors.pydantic.dev/2.13/v/literal_error
09:04:09 WARNING studio.ingest: rejeitado (licença): pexels_6645688.mp4 — registo de licença inválido: 2 validation errors for LicenseRecord
source
  Input should be 'pexels', 'pixabay', 'wikimedia', 'archive_org', 'youtube_cc' or 'owned' [type=literal_error, input_value='rehydration', input_type=str]
    For further information visit https://errors.pydantic.dev/2.13/v/literal_error
verified_by
  Input should be 'api' or 'manual' [type=literal_error, input_value='manual-rehydration-2026-08-06', input_type=str]
    For further information visit https://errors.pydantic.dev/2.13/v/literal_error
09:04:09 WARNING studio.ingest: rejeitado (licença): pexels_6645798.mp4 — registo de licença inválido: 2 validation errors for LicenseRecord
source
  Input should be 'pexels', 'pixabay', 'wikimedia', 'archive_org', 'youtube_cc' or 'owned' [type=literal_error, input_value='rehydration', input_type=str]
    For further information visit https://errors.pydantic.dev/2.13/v/literal_error
verified_by
  Input should be 'api' or 'manual' [type=literal_error, input_value='manual-rehydration-2026-08-06', input_type=str]
    For further information visit https://errors.pydantic.dev/2.13/v/literal_error
09:04:09 WARNING studio.ingest: rejeitado (licença): pexels_6653413.mp4 — registo de licença inválido: 2 validation errors for LicenseRecord
source
  Input should be 'pexels', 'pixabay', 'wikimedia', 'archive_org', 'youtube_cc' or 'owned' [type=literal_error, input_value='rehydration', input_type=str]
    For further information visit https://errors.pydantic.dev/2.13/v/literal_error
verified_by
  Input should be 'api' or 'manual' [type=literal_error, input_value='manual-rehydration-2026-08-06', input_type=str]
    For further information visit https://errors.pydantic.dev/2.13/v/literal_error
09:04:09 WARNING studio.ingest: rejeitado (licença): pexels_6663786.mp4 — registo de licença inválido: 2 validation errors for LicenseRecord
source
  Input should be 'pexels', 'pixabay', 'wikimedia', 'archive_org', 'youtube_cc' or 'owned' [type=literal_error, input_value='rehydration', input_type=str]
    For further information visit https://errors.pydantic.dev/2.13/v/literal_error
verified_by
  Input should be 'api' or 'manual' [type=literal_error, input_value='manual-rehydration-2026-08-06', input_type=str]
    For further information visit https://errors.pydantic.dev/2.13/v/literal_error
09:04:09 WARNING studio.ingest: rejeitado (licença): pexels_6664522.mp4 — registo de licença inválido: 2 validation errors for LicenseRecord
source
  Input should be 'pexels', 'pixabay', 'wikimedia', 'archive_org', 'youtube_cc' or 'owned' [type=literal_error, input_value='rehydration', input_type=str]
    For further information visit https://errors.pydantic.dev/2.13/v/literal_error
verified_by
  Input should be 'api' or 'manual' [type=literal_error, input_value='manual-rehydration-2026-08-06', input_type=str]
    For further information visit https://errors.pydantic.dev/2.13/v/literal_error
09:04:09 WARNING studio.ingest: rejeitado (licença): pexels_6666362.mp4 — registo de licença inválido: 2 validation errors for LicenseRecord
source
  Input should be 'pexels', 'pixabay', 'wikimedia', 'archive_org', 'youtube_cc' or 'owned' [type=literal_error, input_value='rehydration', input_type=str]
    For further information visit https://errors.pydantic.dev/2.13/v/literal_error
verified_by
  Input should be 'api' or 'manual' [type=literal_error, input_value='manual-rehydration-2026-08-06', input_type=str]
    For further information visit https://errors.pydantic.dev/2.13/v/literal_error
[ 550/1075] [rej]   0.0s  shots:+0  pexels_6666362.mp4 (ETA ~0min)
09:04:09 WARNING studio.ingest: rejeitado (licença): pexels_6683734.mp4 — registo de licença inválido: 2 validation errors for LicenseRecord
source
  Input should be 'pexels', 'pixabay', 'wikimedia', 'archive_org', 'youtube_cc' or 'owned' [type=literal_error, input_value='rehydration', input_type=str]
    For further information visit https://errors.pydantic.dev/2.13/v/literal_error
verified_by
  Input should be 'api' or 'manual' [type=literal_error, input_value='manual-rehydration-2026-08-06', input_type=str]
    For further information visit https://errors.pydantic.dev/2.13/v/literal_error
09:04:09 WARNING studio.ingest: rejeitado (licença): pexels_6683944.mp4 — registo de licença inválido: 2 validation errors for LicenseRecord
source
  Input should be 'pexels', 'pixabay', 'wikimedia', 'archive_org', 'youtube_cc' or 'owned' [type=literal_error, input_value='rehydration', input_type=str]
    For further information visit https://errors.pydantic.dev/2.13/v/literal_error
verified_by
  Input should be 'api' or 'manual' [type=literal_error, input_value='manual-rehydration-2026-08-06', input_type=str]
    For further information visit https://errors.pydantic.dev/2.13/v/literal_error
09:04:09 WARNING studio.ingest: rejeitado (licença): pexels_6683953.mp4 — registo de licença inválido: 2 validation errors for LicenseRecord
source
  Input should be 'pexels', 'pixabay', 'wikimedia', 'archive_org', 'youtube_cc' or 'owned' [type=literal_error, input_value='rehydration', input_type=str]
    For further information visit https://errors.pydantic.dev/2.13/v/literal_error
verified_by
  Input should be 'api' or 'manual' [type=literal_error, input_value='manual-rehydration-2026-08-06', input_type=str]
    For further information visit https://errors.pydantic.dev/2.13/v/literal_error
09:04:09 WARNING studio.ingest: rejeitado (licença): pexels_6948274.mp4 — registo de licença inválido: 2 validation errors for LicenseRecord
source
  Input should be 'pexels', 'pixabay', 'wikimedia', 'archive_org', 'youtube_cc' or 'owned' [type=literal_error, input_value='rehydration', input_type=str]
    For further information visit https://errors.pydantic.dev/2.13/v/literal_error
verified_by
  Input should be 'api' or 'manual' [type=literal_error, input_value='manual-rehydration-2026-08-06', input_type=str]
    For further information visit https://errors.pydantic.dev/2.13/v/literal_error
09:04:09 WARNING studio.ingest: rejeitado (licença): pexels_6948277.mp4 — registo de licença inválido: 2 validation errors for LicenseRecord
source
  Input should be 'pexels', 'pixabay', 'wikimedia', 'archive_org', 'youtube_cc' or 'owned' [type=literal_error, input_value='rehydration', input_type=str]
    For further information visit https://errors.pydantic.dev/2.13/v/literal_error
verified_by
  Input should be 'api' or 'manual' [type=literal_error, input_value='manual-rehydration-2026-08-06', input_type=str]
    For further information visit https://errors.pydantic.dev/2.13/v/literal_error
09:04:09 WARNING studio.ingest: rejeitado (licença): pexels_6948619.mp4 — registo de licença inválido: 2 validation errors for LicenseRecord
source
  Input should be 'pexels', 'pixabay', 'wikimedia', 'archive_org', 'youtube_cc' or 'owned' [type=literal_error, input_value='rehydration', input_type=str]
    For further information visit https://errors.pydantic.dev/2.13/v/literal_error
verified_by
  Input should be 'api' or 'manual' [type=literal_error, input_value='manual-rehydration-2026-08-06', input_type=str]
    For further information visit https://errors.pydantic.dev/2.13/v/literal_error
09:04:09 WARNING studio.ingest: rejeitado (licença): pexels_6951464.mp4 — registo de licença inválido: 2 validation errors for LicenseRecord
source
  Input should be 'pexels', 'pixabay', 'wikimedia', 'archive_org', 'youtube_cc' or 'owned' [type=literal_error, input_value='rehydration', input_type=str]
    For further information visit https://errors.pydantic.dev/2.13/v/literal_error
verified_by
  Input should be 'api' or 'manual' [type=literal_error, input_value='manual-rehydration-2026-08-06', input_type=str]
    For further information visit https://errors.pydantic.dev/2.13/v/literal_error
09:04:09 WARNING studio.ingest: rejeitado (licença): pexels_6963830.mp4 — registo de licença inválido: 2 validation errors for LicenseRecord
source
  Input should be 'pexels', 'pixabay', 'wikimedia', 'archive_org', 'youtube_cc' or 'owned' [type=literal_error, input_value='rehydration', input_type=str]
    For further information visit https://errors.pydantic.dev/2.13/v/literal_error
verified_by
  Input should be 'api' or 'manual' [type=literal_error, input_value='manual-rehydration-2026-08-06', input_type=str]
    For further information visit https://errors.pydantic.dev/2.13/v/literal_error
09:04:09 WARNING studio.ingest: rejeitado (licença): pexels_7007053.mp4 — registo de licença inválido: 2 validation errors for LicenseRecord
source
  Input should be 'pexels', 'pixabay', 'wikimedia', 'archive_org', 'youtube_cc' or 'owned' [type=literal_error, input_value='rehydration', input_type=str]
    For further information visit https://errors.pydantic.dev/2.13/v/literal_error
verified_by
  Input should be 'api' or 'manual' [type=literal_error, input_value='manual-rehydration-2026-08-06', input_type=str]
    For further information visit https://errors.pydantic.dev/2.13/v/literal_error
09:04:09 WARNING studio.ingest: rejeitado (licença): pexels_7010156.mp4 — registo de licença inválido: 2 validation errors for LicenseRecord
source
  Input should be 'pexels', 'pixabay', 'wikimedia', 'archive_org', 'youtube_cc' or 'owned' [type=literal_error, input_value='rehydration', input_type=str]
    For further information visit https://errors.pydantic.dev/2.13/v/literal_error
verified_by
  Input should be 'api' or 'manual' [type=literal_error, input_value='manual-rehydration-2026-08-06', input_type=str]
    For further information visit https://errors.pydantic.dev/2.13/v/literal_error
[ 560/1075] [rej]   0.0s  shots:+0  pexels_7010156.mp4 (ETA ~0min)
09:04:09 WARNING studio.ingest: rejeitado (licença): pexels_7010428.mp4 — registo de licença inválido: 2 validation errors for LicenseRecord
source
  Input should be 'pexels', 'pixabay', 'wikimedia', 'archive_org', 'youtube_cc' or 'owned' [type=literal_error, input_value='rehydration', input_type=str]
    For further information visit https://errors.pydantic.dev/2.13/v/literal_error
verified_by
  Input should be 'api' or 'manual' [type=literal_error, input_value='manual-rehydration-2026-08-06', input_type=str]
    For further information visit https://errors.pydantic.dev/2.13/v/literal_error
09:04:09 WARNING studio.ingest: rejeitado (licença): pexels_7115143.mp4 — registo de licença inválido: 2 validation errors for LicenseRecord
source
  Input should be 'pexels', 'pixabay', 'wikimedia', 'archive_org', 'youtube_cc' or 'owned' [type=literal_error, input_value='rehydration', input_type=str]
    For further information visit https://errors.pydantic.dev/2.13/v/literal_error
verified_by
  Input should be 'api' or 'manual' [type=literal_error, input_value='manual-rehydration-2026-08-06', input_type=str]
    For further information visit https://errors.pydantic.dev/2.13/v/literal_error
09:04:09 WARNING studio.ingest: rejeitado (licença): pexels_7181009.mp4 — registo de licença inválido: 2 validation errors for LicenseRecord
source
  Input should be 'pexels', 'pixabay', 'wikimedia', 'archive_org', 'youtube_cc' or 'owned' [type=literal_error, input_value='rehydration', input_type=str]
    For further information visit https://errors.pydantic.dev/2.13/v/literal_error
verified_by
  Input should be 'api' or 'manual' [type=literal_error, input_value='manual-rehydration-2026-08-06', input_type=str]
    For further information visit https://errors.pydantic.dev/2.13/v/literal_error
09:04:09 WARNING studio.ingest: rejeitado (licença): pexels_7182018.mp4 — registo de licença inválido: 2 validation errors for LicenseRecord
source
  Input should be 'pexels', 'pixabay', 'wikimedia', 'archive_org', 'youtube_cc' or 'owned' [type=literal_error, input_value='rehydration', input_type=str]
    For further information visit https://errors.pydantic.dev/2.13/v/literal_error
verified_by
  Input should be 'api' or 'manual' [type=literal_error, input_value='manual-rehydration-2026-08-06', input_type=str]
    For further information visit https://errors.pydantic.dev/2.13/v/literal_error
09:04:09 WARNING studio.ingest: rejeitado (licença): pexels_7254279.mp4 — registo de licença inválido: 2 validation errors for LicenseRecord
source
  Input should be 'pexels', 'pixabay', 'wikimedia', 'archive_org', 'youtube_cc' or 'owned' [type=literal_error, input_value='rehydration', input_type=str]
    For further information visit https://errors.pydantic.dev/2.13/v/literal_error
verified_by
  Input should be 'api' or 'manual' [type=literal_error, input_value='manual-rehydration-2026-08-06', input_type=str]
    For further information visit https://errors.pydantic.dev/2.13/v/literal_error
09:04:09 WARNING studio.ingest: rejeitado (licença): pexels_7299345.mp4 — registo de licença inválido: 2 validation errors for LicenseRecord
source
  Input should be 'pexels', 'pixabay', 'wikimedia', 'archive_org', 'youtube_cc' or 'owned' [type=literal_error, input_value='rehydration', input_type=str]
    For further information visit https://errors.pydantic.dev/2.13/v/literal_error
verified_by
  Input should be 'api' or 'manual' [type=literal_error, input_value='manual-rehydration-2026-08-06', input_type=str]
    For further information visit https://errors.pydantic.dev/2.13/v/literal_error
09:04:09 WARNING studio.ingest: rejeitado (licença): pexels_7315106.mp4 — registo de licença inválido: 2 validation errors for LicenseRecord
source
  Input should be 'pexels', 'pixabay', 'wikimedia', 'archive_org', 'youtube_cc' or 'owned' [type=literal_error, input_value='rehydration', input_type=str]
    For further information visit https://errors.pydantic.dev/2.13/v/literal_error
verified_by
  Input should be 'api' or 'manual' [type=literal_error, input_value='manual-rehydration-2026-08-06', input_type=str]
    For further information visit https://errors.pydantic.dev/2.13/v/literal_error
09:04:09 WARNING studio.ingest: rejeitado (licença): pexels_7397247.mp4 — registo de licença inválido: 2 validation errors for LicenseRecord
source
  Input should be 'pexels', 'pixabay', 'wikimedia', 'archive_org', 'youtube_cc' or 'owned' [type=literal_error, input_value='rehydration', input_type=str]
    For further information visit https://errors.pydantic.dev/2.13/v/literal_error
verified_by
  Input should be 'api' or 'manual' [type=literal_error, input_value='manual-rehydration-2026-08-06', input_type=str]
    For further information visit https://errors.pydantic.dev/2.13/v/literal_error
09:04:09 WARNING studio.ingest: rejeitado (licença): pexels_7415667.mp4 — registo de licença inválido: 2 validation errors for LicenseRecord
source
  Input should be 'pexels', 'pixabay', 'wikimedia', 'archive_org', 'youtube_cc' or 'owned' [type=literal_error, input_value='rehydration', input_type=str]
    For further information visit https://errors.pydantic.dev/2.13/v/literal_error
verified_by
  Input should be 'api' or 'manual' [type=literal_error, input_value='manual-rehydration-2026-08-06', input_type=str]
    For further information visit https://errors.pydantic.dev/2.13/v/literal_error
09:04:09 WARNING studio.ingest: rejeitado (licença): pexels_7426748.mp4 — registo de licença inválido: 2 validation errors for LicenseRecord
source
  Input should be 'pexels', 'pixabay', 'wikimedia', 'archive_org', 'youtube_cc' or 'owned' [type=literal_error, input_value='rehydration', input_type=str]
    For further information visit https://errors.pydantic.dev/2.13/v/literal_error
verified_by
  Input should be 'api' or 'manual' [type=literal_error, input_value='manual-rehydration-2026-08-06', input_type=str]
    For further information visit https://errors.pydantic.dev/2.13/v/literal_error
[ 570/1075] [rej]   0.0s  shots:+0  pexels_7426748.mp4 (ETA ~0min)
09:04:09 WARNING studio.ingest: rejeitado (licença): pexels_7429300.mp4 — registo de licença inválido: 2 validation errors for LicenseRecord
source
  Input should be 'pexels', 'pixabay', 'wikimedia', 'archive_org', 'youtube_cc' or 'owned' [type=literal_error, input_value='rehydration', input_type=str]
    For further information visit https://errors.pydantic.dev/2.13/v/literal_error
verified_by
  Input should be 'api' or 'manual' [type=literal_error, input_value='manual-rehydration-2026-08-06', input_type=str]
    For further information visit https://errors.pydantic.dev/2.13/v/literal_error
09:04:09 WARNING studio.ingest: rejeitado (licença): pexels_7429304.mp4 — registo de licença inválido: 2 validation errors for LicenseRecord
source
  Input should be 'pexels', 'pixabay', 'wikimedia', 'archive_org', 'youtube_cc' or 'owned' [type=literal_error, input_value='rehydration', input_type=str]
    For further information visit https://errors.pydantic.dev/2.13/v/literal_error
verified_by
  Input should be 'api' or 'manual' [type=literal_error, input_value='manual-rehydration-2026-08-06', input_type=str]
    For further information visit https://errors.pydantic.dev/2.13/v/literal_error
09:04:09 WARNING studio.ingest: rejeitado (licença): pexels_7429368.mp4 — registo de licença inválido: 2 validation errors for LicenseRecord
source
  Input should be 'pexels', 'pixabay', 'wikimedia', 'archive_org', 'youtube_cc' or 'owned' [type=literal_error, input_value='rehydration', input_type=str]
    For further information visit https://errors.pydantic.dev/2.13/v/literal_error
verified_by
  Input should be 'api' or 'manual' [type=literal_error, input_value='manual-rehydration-2026-08-06', input_type=str]
    For further information visit https://errors.pydantic.dev/2.13/v/literal_error
09:04:09 WARNING studio.ingest: rejeitado (licença): pexels_7429438.mp4 — registo de licença inválido: 2 validation errors for LicenseRecord
source
  Input should be 'pexels', 'pixabay', 'wikimedia', 'archive_org', 'youtube_cc' or 'owned' [type=literal_error, input_value='rehydration', input_type=str]
    For further information visit https://errors.pydantic.dev/2.13/v/literal_error
verified_by
  Input should be 'api' or 'manual' [type=literal_error, input_value='manual-rehydration-2026-08-06', input_type=str]
    For further information visit https://errors.pydantic.dev/2.13/v/literal_error
09:04:09 WARNING studio.ingest: rejeitado (licença): pexels_7429829.mp4 — registo de licença inválido: 2 validation errors for LicenseRecord
source
  Input should be 'pexels', 'pixabay', 'wikimedia', 'archive_org', 'youtube_cc' or 'owned' [type=literal_error, input_value='rehydration', input_type=str]
    For further information visit https://errors.pydantic.dev/2.13/v/literal_error
verified_by
  Input should be 'api' or 'manual' [type=literal_error, input_value='manual-rehydration-2026-08-06', input_type=str]
    For further information visit https://errors.pydantic.dev/2.13/v/literal_error
09:04:09 WARNING studio.ingest: rejeitado (licença): pexels_7429835.mp4 — registo de licença inválido: 2 validation errors for LicenseRecord
source
  Input should be 'pexels', 'pixabay', 'wikimedia', 'archive_org', 'youtube_cc' or 'owned' [type=literal_error, input_value='rehydration', input_type=str]
    For further information visit https://errors.pydantic.dev/2.13/v/literal_error
verified_by
  Input should be 'api' or 'manual' [type=literal_error, input_value='manual-rehydration-2026-08-06', input_type=str]
    For further information visit https://errors.pydantic.dev/2.13/v/literal_error
09:04:09 WARNING studio.ingest: rejeitado (licença): pexels_7467947.mp4 — registo de licença inválido: 2 validation errors for LicenseRecord
source
  Input should be 'pexels', 'pixabay', 'wikimedia', 'archive_org', 'youtube_cc' or 'owned' [type=literal_error, input_value='rehydration', input_type=str]
    For further information visit https://errors.pydantic.dev/2.13/v/literal_error
verified_by
  Input should be 'api' or 'manual' [type=literal_error, input_value='manual-rehydration-2026-08-06', input_type=str]
    For further information visit https://errors.pydantic.dev/2.13/v/literal_error
09:04:09 WARNING studio.ingest: rejeitado (licença): pexels_7505184.mp4 — registo de licença inválido: 2 validation errors for LicenseRecord
source
  Input should be 'pexels', 'pixabay', 'wikimedia', 'archive_org', 'youtube_cc' or 'owned' [type=literal_error, input_value='rehydration', input_type=str]
    For further information visit https://errors.pydantic.dev/2.13/v/literal_error
verified_by
  Input should be 'api' or 'manual' [type=literal_error, input_value='manual-rehydration-2026-08-06', input_type=str]
    For further information visit https://errors.pydantic.dev/2.13/v/literal_error
09:04:09 WARNING studio.ingest: rejeitado (licença): pexels_7507162.mp4 — registo de licença inválido: 2 validation errors for LicenseRecord
source
  Input should be 'pexels', 'pixabay', 'wikimedia', 'archive_org', 'youtube_cc' or 'owned' [type=literal_error, input_value='rehydration', input_type=str]
    For further information visit https://errors.pydantic.dev/2.13/v/literal_error
verified_by
  Input should be 'api' or 'manual' [type=literal_error, input_value='manual-rehydration-2026-08-06', input_type=str]
    For further information visit https://errors.pydantic.dev/2.13/v/literal_error
09:04:09 WARNING studio.ingest: rejeitado (licença): pexels_7507165.mp4 — registo de licença inválido: 2 validation errors for LicenseRecord
source
  Input should be 'pexels', 'pixabay', 'wikimedia', 'archive_org', 'youtube_cc' or 'owned' [type=literal_error, input_value='rehydration', input_type=str]
    For further information visit https://errors.pydantic.dev/2.13/v/literal_error
verified_by
  Input should be 'api' or 'manual' [type=literal_error, input_value='manual-rehydration-2026-08-06', input_type=str]
    For further information visit https://errors.pydantic.dev/2.13/v/literal_error
[ 580/1075] [rej]   0.0s  shots:+0  pexels_7507165.mp4 (ETA ~0min)
09:04:09 WARNING studio.ingest: rejeitado (licença): pexels_7507815.mp4 — registo de licença inválido: 2 validation errors for LicenseRecord
source
  Input should be 'pexels', 'pixabay', 'wikimedia', 'archive_org', 'youtube_cc' or 'owned' [type=literal_error, input_value='rehydration', input_type=str]
    For further information visit https://errors.pydantic.dev/2.13/v/literal_error
verified_by
  Input should be 'api' or 'manual' [type=literal_error, input_value='manual-rehydration-2026-08-06', input_type=str]
    For further information visit https://errors.pydantic.dev/2.13/v/literal_error
09:04:09 WARNING studio.ingest: rejeitado (licença): pexels_7579783.mp4 — registo de licença inválido: 2 validation errors for LicenseRecord
source
  Input should be 'pexels', 'pixabay', 'wikimedia', 'archive_org', 'youtube_cc' or 'owned' [type=literal_error, input_value='rehydration', input_type=str]
    For further information visit https://errors.pydantic.dev/2.13/v/literal_error
verified_by
  Input should be 'api' or 'manual' [type=literal_error, input_value='manual-rehydration-2026-08-06', input_type=str]
    For further information visit https://errors.pydantic.dev/2.13/v/literal_error
09:04:09 WARNING studio.ingest: rejeitado (licença): pexels_7592807.mp4 — registo de licença inválido: 2 validation errors for LicenseRecord
source
  Input should be 'pexels', 'pixabay', 'wikimedia', 'archive_org', 'youtube_cc' or 'owned' [type=literal_error, input_value='rehydration', input_type=str]
    For further information visit https://errors.pydantic.dev/2.13/v/literal_error
verified_by
  Input should be 'api' or 'manual' [type=literal_error, input_value='manual-rehydration-2026-08-06', input_type=str]
    For further information visit https://errors.pydantic.dev/2.13/v/literal_error
09:04:09 WARNING studio.ingest: rejeitado (licença): pexels_7606352.mp4 — registo de licença inválido: 2 validation errors for LicenseRecord
source
  Input should be 'pexels', 'pixabay', 'wikimedia', 'archive_org', 'youtube_cc' or 'owned' [type=literal_error, input_value='rehydration', input_type=str]
    For further information visit https://errors.pydantic.dev/2.13/v/literal_error
verified_by
  Input should be 'api' or 'manual' [type=literal_error, input_value='manual-rehydration-2026-08-06', input_type=str]
    For further information visit https://errors.pydantic.dev/2.13/v/literal_error
09:04:09 WARNING studio.ingest: rejeitado (licença): pexels_7613420.mp4 — registo de licença inválido: 2 validation errors for LicenseRecord
source
  Input should be 'pexels', 'pixabay', 'wikimedia', 'archive_org', 'youtube_cc' or 'owned' [type=literal_error, input_value='rehydration', input_type=str]
    For further information visit https://errors.pydantic.dev/2.13/v/literal_error
verified_by
  Input should be 'api' or 'manual' [type=literal_error, input_value='manual-rehydration-2026-08-06', input_type=str]
    For further information visit https://errors.pydantic.dev/2.13/v/literal_error
09:04:09 WARNING studio.ingest: rejeitado (licença): pexels_7628880.mp4 — registo de licença inválido: 2 validation errors for LicenseRecord
source
  Input should be 'pexels', 'pixabay', 'wikimedia', 'archive_org', 'youtube_cc' or 'owned' [type=literal_error, input_value='rehydration', input_type=str]
    For further information visit https://errors.pydantic.dev/2.13/v/literal_error
verified_by
  Input should be 'api' or 'manual' [type=literal_error, input_value='manual-rehydration-2026-08-06', input_type=str]
    For further information visit https://errors.pydantic.dev/2.13/v/literal_error
09:04:09 WARNING studio.ingest: rejeitado (licença): pexels_7628881.mp4 — registo de licença inválido: 2 validation errors for LicenseRecord
source
  Input should be 'pexels', 'pixabay', 'wikimedia', 'archive_org', 'youtube_cc' or 'owned' [type=literal_error, input_value='rehydration', input_type=str]
    For further information visit https://errors.pydantic.dev/2.13/v/literal_error
verified_by
  Input should be 'api' or 'manual' [type=literal_error, input_value='manual-rehydration-2026-08-06', input_type=str]
    For further information visit https://errors.pydantic.dev/2.13/v/literal_error
09:04:09 WARNING studio.ingest: rejeitado (licença): pexels_7687088.mp4 — registo de licença inválido: 2 validation errors for LicenseRecord
source
  Input should be 'pexels', 'pixabay', 'wikimedia', 'archive_org', 'youtube_cc' or 'owned' [type=literal_error, input_value='rehydration', input_type=str]
    For further information visit https://errors.pydantic.dev/2.13/v/literal_error
verified_by
  Input should be 'api' or 'manual' [type=literal_error, input_value='manual-rehydration-2026-08-06', input_type=str]
    For further information visit https://errors.pydantic.dev/2.13/v/literal_error
09:04:09 WARNING studio.ingest: rejeitado (licença): pexels_7696836.mp4 — registo de licença inválido: 2 validation errors for LicenseRecord
source
  Input should be 'pexels', 'pixabay', 'wikimedia', 'archive_org', 'youtube_cc' or 'owned' [type=literal_error, input_value='rehydration', input_type=str]
    For further information visit https://errors.pydantic.dev/2.13/v/literal_error
verified_by
  Input should be 'api' or 'manual' [type=literal_error, input_value='manual-rehydration-2026-08-06', input_type=str]
    For further information visit https://errors.pydantic.dev/2.13/v/literal_error
09:04:09 WARNING studio.ingest: rejeitado (licença): pexels_7816374.mp4 — registo de licença inválido: 2 validation errors for LicenseRecord
source
  Input should be 'pexels', 'pixabay', 'wikimedia', 'archive_org', 'youtube_cc' or 'owned' [type=literal_error, input_value='rehydration', input_type=str]
    For further information visit https://errors.pydantic.dev/2.13/v/literal_error
verified_by
  Input should be 'api' or 'manual' [type=literal_error, input_value='manual-rehydration-2026-08-06', input_type=str]
    For further information visit https://errors.pydantic.dev/2.13/v/literal_error
[ 590/1075] [rej]   0.0s  shots:+0  pexels_7816374.mp4 (ETA ~0min)
09:04:09 WARNING studio.ingest: rejeitado (licença): pexels_7818021.mp4 — registo de licença inválido: 2 validation errors for LicenseRecord
source
  Input should be 'pexels', 'pixabay', 'wikimedia', 'archive_org', 'youtube_cc' or 'owned' [type=literal_error, input_value='rehydration', input_type=str]
    For further information visit https://errors.pydantic.dev/2.13/v/literal_error
verified_by
  Input should be 'api' or 'manual' [type=literal_error, input_value='manual-rehydration-2026-08-06', input_type=str]
    For further information visit https://errors.pydantic.dev/2.13/v/literal_error
09:04:09 WARNING studio.ingest: rejeitado (licença): pexels_7841601.mp4 — registo de licença inválido: 2 validation errors for LicenseRecord
source
  Input should be 'pexels', 'pixabay', 'wikimedia', 'archive_org', 'youtube_cc' or 'owned' [type=literal_error, input_value='rehydration', input_type=str]
    For further information visit https://errors.pydantic.dev/2.13/v/literal_error
verified_by
  Input should be 'api' or 'manual' [type=literal_error, input_value='manual-rehydration-2026-08-06', input_type=str]
    For further information visit https://errors.pydantic.dev/2.13/v/literal_error
09:04:09 WARNING studio.ingest: rejeitado (licença): pexels_7841641.mp4 — registo de licença inválido: 2 validation errors for LicenseRecord
source
  Input should be 'pexels', 'pixabay', 'wikimedia', 'archive_org', 'youtube_cc' or 'owned' [type=literal_error, input_value='rehydration', input_type=str]
    For further information visit https://errors.pydantic.dev/2.13/v/literal_error
verified_by
  Input should be 'api' or 'manual' [type=literal_error, input_value='manual-rehydration-2026-08-06', input_type=str]
    For further information visit https://errors.pydantic.dev/2.13/v/literal_error
09:04:09 WARNING studio.ingest: rejeitado (licença): pexels_7841860.mp4 — registo de licença inválido: 2 validation errors for LicenseRecord
source
  Input should be 'pexels', 'pixabay', 'wikimedia', 'archive_org', 'youtube_cc' or 'owned' [type=literal_error, input_value='rehydration', input_type=str]
    For further information visit https://errors.pydantic.dev/2.13/v/literal_error
verified_by
  Input should be 'api' or 'manual' [type=literal_error, input_value='manual-rehydration-2026-08-06', input_type=str]
    For further information visit https://errors.pydantic.dev/2.13/v/literal_error
09:04:09 WARNING studio.ingest: rejeitado (licença): pexels_7846036.mp4 — registo de licença inválido: 2 validation errors for LicenseRecord
source
  Input should be 'pexels', 'pixabay', 'wikimedia', 'archive_org', 'youtube_cc' or 'owned' [type=literal_error, input_value='rehydration', input_type=str]
    For further information visit https://errors.pydantic.dev/2.13/v/literal_error
verified_by
  Input should be 'api' or 'manual' [type=literal_error, input_value='manual-rehydration-2026-08-06', input_type=str]
    For further information visit https://errors.pydantic.dev/2.13/v/literal_error
09:04:09 WARNING studio.ingest: rejeitado (licença): pexels_7981208.mp4 — registo de licença inválido: 2 validation errors for LicenseRecord
source
  Input should be 'pexels', 'pixabay', 'wikimedia', 'archive_org', 'youtube_cc' or 'owned' [type=literal_error, input_value='rehydration', input_type=str]
    For further information visit https://errors.pydantic.dev/2.13/v/literal_error
verified_by
  Input should be 'api' or 'manual' [type=literal_error, input_value='manual-rehydration-2026-08-06', input_type=str]
    For further information visit https://errors.pydantic.dev/2.13/v/literal_error
09:04:09 WARNING studio.ingest: rejeitado (licença): pexels_8045182.mp4 — registo de licença inválido: 2 validation errors for LicenseRecord
source
  Input should be 'pexels', 'pixabay', 'wikimedia', 'archive_org', 'youtube_cc' or 'owned' [type=literal_error, input_value='rehydration', input_type=str]
    For further information visit https://errors.pydantic.dev/2.13/v/literal_error
verified_by
  Input should be 'api' or 'manual' [type=literal_error, input_value='manual-rehydration-2026-08-06', input_type=str]
    For further information visit https://errors.pydantic.dev/2.13/v/literal_error
09:04:09 WARNING studio.ingest: rejeitado (licença): pexels_8074156.mp4 — registo de licença inválido: 2 validation errors for LicenseRecord
source
  Input should be 'pexels', 'pixabay', 'wikimedia', 'archive_org', 'youtube_cc' or 'owned' [type=literal_error, input_value='rehydration', input_type=str]
    For further information visit https://errors.pydantic.dev/2.13/v/literal_error
verified_by
  Input should be 'api' or 'manual' [type=literal_error, input_value='manual-rehydration-2026-08-06', input_type=str]
    For further information visit https://errors.pydantic.dev/2.13/v/literal_error
09:04:09 WARNING studio.ingest: rejeitado (licença): pexels_8085282.mp4 — registo de licença inválido: 2 validation errors for LicenseRecord
source
  Input should be 'pexels', 'pixabay', 'wikimedia', 'archive_org', 'youtube_cc' or 'owned' [type=literal_error, input_value='rehydration', input_type=str]
    For further information visit https://errors.pydantic.dev/2.13/v/literal_error
verified_by
  Input should be 'api' or 'manual' [type=literal_error, input_value='manual-rehydration-2026-08-06', input_type=str]
    For further information visit https://errors.pydantic.dev/2.13/v/literal_error
09:04:09 WARNING studio.ingest: rejeitado (licença): pexels_8093171.mp4 — registo de licença inválido: 2 validation errors for LicenseRecord
source
  Input should be 'pexels', 'pixabay', 'wikimedia', 'archive_org', 'youtube_cc' or 'owned' [type=literal_error, input_value='rehydration', input_type=str]
    For further information visit https://errors.pydantic.dev/2.13/v/literal_error
verified_by
  Input should be 'api' or 'manual' [type=literal_error, input_value='manual-rehydration-2026-08-06', input_type=str]
    For further information visit https://errors.pydantic.dev/2.13/v/literal_error
[ 600/1075] [rej]   0.0s  shots:+0  pexels_8093171.mp4 (ETA ~0min)
09:04:09 WARNING studio.ingest: rejeitado (licença): pexels_8107367.mp4 — registo de licença inválido: 2 validation errors for LicenseRecord
source
  Input should be 'pexels', 'pixabay', 'wikimedia', 'archive_org', 'youtube_cc' or 'owned' [type=literal_error, input_value='rehydration', input_type=str]
    For further information visit https://errors.pydantic.dev/2.13/v/literal_error
verified_by
  Input should be 'api' or 'manual' [type=literal_error, input_value='manual-rehydration-2026-08-06', input_type=str]
    For further information visit https://errors.pydantic.dev/2.13/v/literal_error
09:04:09 WARNING studio.ingest: rejeitado (licença): pexels_8107807.mp4 — registo de licença inválido: 2 validation errors for LicenseRecord
source
  Input should be 'pexels', 'pixabay', 'wikimedia', 'archive_org', 'youtube_cc' or 'owned' [type=literal_error, input_value='rehydration', input_type=str]
    For further information visit https://errors.pydantic.dev/2.13/v/literal_error
verified_by
  Input should be 'api' or 'manual' [type=literal_error, input_value='manual-rehydration-2026-08-06', input_type=str]
    For further information visit https://errors.pydantic.dev/2.13/v/literal_error
09:04:09 WARNING studio.ingest: rejeitado (licença): pexels_8113358.mp4 — registo de licença inválido: 2 validation errors for LicenseRecord
source
  Input should be 'pexels', 'pixabay', 'wikimedia', 'archive_org', 'youtube_cc' or 'owned' [type=literal_error, input_value='rehydration', input_type=str]
    For further information visit https://errors.pydantic.dev/2.13/v/literal_error
verified_by
  Input should be 'api' or 'manual' [type=literal_error, input_value='manual-rehydration-2026-08-06', input_type=str]
    For further information visit https://errors.pydantic.dev/2.13/v/literal_error
09:04:09 WARNING studio.ingest: rejeitado (licença): pexels_8187788.mp4 — registo de licença inválido: 2 validation errors for LicenseRecord
source
  Input should be 'pexels', 'pixabay', 'wikimedia', 'archive_org', 'youtube_cc' or 'owned' [type=literal_error, input_value='rehydration', input_type=str]
    For further information visit https://errors.pydantic.dev/2.13/v/literal_error
verified_by
  Input should be 'api' or 'manual' [type=literal_error, input_value='manual-rehydration-2026-08-06', input_type=str]
    For further information visit https://errors.pydantic.dev/2.13/v/literal_error
09:04:09 WARNING studio.ingest: rejeitado (licença): pexels_8247147.mp4 — registo de licença inválido: 2 validation errors for LicenseRecord
source
  Input should be 'pexels', 'pixabay', 'wikimedia', 'archive_org', 'youtube_cc' or 'owned' [type=literal_error, input_value='rehydration', input_type=str]
    For further information visit https://errors.pydantic.dev/2.13/v/literal_error
verified_by
  Input should be 'api' or 'manual' [type=literal_error, input_value='manual-rehydration-2026-08-06', input_type=str]
    For further information visit https://errors.pydantic.dev/2.13/v/literal_error
09:04:09 WARNING studio.ingest: rejeitado (licença): pexels_8358090.mp4 — registo de licença inválido: 2 validation errors for LicenseRecord
source
  Input should be 'pexels', 'pixabay', 'wikimedia', 'archive_org', 'youtube_cc' or 'owned' [type=literal_error, input_value='rehydration', input_type=str]
    For further information visit https://errors.pydantic.dev/2.13/v/literal_error
verified_by
  Input should be 'api' or 'manual' [type=literal_error, input_value='manual-rehydration-2026-08-06', input_type=str]
    For further information visit https://errors.pydantic.dev/2.13/v/literal_error
09:04:09 WARNING studio.ingest: rejeitado (licença): pexels_8428489.mp4 — registo de licença inválido: 2 validation errors for LicenseRecord
source
  Input should be 'pexels', 'pixabay', 'wikimedia', 'archive_org', 'youtube_cc' or 'owned' [type=literal_error, input_value='rehydration', input_type=str]
    For further information visit https://errors.pydantic.dev/2.13/v/literal_error
verified_by
  Input should be 'api' or 'manual' [type=literal_error, input_value='manual-rehydration-2026-08-06', input_type=str]
    For further information visit https://errors.pydantic.dev/2.13/v/literal_error
09:04:09 WARNING studio.ingest: rejeitado (licença): pexels_8480211.mp4 — registo de licença inválido: 2 validation errors for LicenseRecord
source
  Input should be 'pexels', 'pixabay', 'wikimedia', 'archive_org', 'youtube_cc' or 'owned' [type=literal_error, input_value='rehydration', input_type=str]
    For further information visit https://errors.pydantic.dev/2.13/v/literal_error
verified_by
  Input should be 'api' or 'manual' [type=literal_error, input_value='manual-rehydration-2026-08-06', input_type=str]
    For further information visit https://errors.pydantic.dev/2.13/v/literal_error
09:04:09 WARNING studio.ingest: rejeitado (licença): pexels_8491140.mp4 — registo de licença inválido: 2 validation errors for LicenseRecord
source
  Input should be 'pexels', 'pixabay', 'wikimedia', 'archive_org', 'youtube_cc' or 'owned' [type=literal_error, input_value='rehydration', input_type=str]
    For further information visit https://errors.pydantic.dev/2.13/v/literal_error
verified_by
  Input should be 'api' or 'manual' [type=literal_error, input_value='manual-rehydration-2026-08-06', input_type=str]
    For further information visit https://errors.pydantic.dev/2.13/v/literal_error
09:04:09 WARNING studio.ingest: rejeitado (licença): pexels_8512776.mp4 — registo de licença inválido: 2 validation errors for LicenseRecord
source
  Input should be 'pexels', 'pixabay', 'wikimedia', 'archive_org', 'youtube_cc' or 'owned' [type=literal_error, input_value='rehydration', input_type=str]
    For further information visit https://errors.pydantic.dev/2.13/v/literal_error
verified_by
  Input should be 'api' or 'manual' [type=literal_error, input_value='manual-rehydration-2026-08-06', input_type=str]
    For further information visit https://errors.pydantic.dev/2.13/v/literal_error
[ 610/1075] [rej]   0.0s  shots:+0  pexels_8512776.mp4 (ETA ~0min)
09:04:09 WARNING studio.ingest: rejeitado (licença): pexels_8519682.mp4 — registo de licença inválido: 2 validation errors for LicenseRecord
source
  Input should be 'pexels', 'pixabay', 'wikimedia', 'archive_org', 'youtube_cc' or 'owned' [type=literal_error, input_value='rehydration', input_type=str]
    For further information visit https://errors.pydantic.dev/2.13/v/literal_error
verified_by
  Input should be 'api' or 'manual' [type=literal_error, input_value='manual-rehydration-2026-08-06', input_type=str]
    For further information visit https://errors.pydantic.dev/2.13/v/literal_error
09:04:09 WARNING studio.ingest: rejeitado (licença): pexels_8522841.mp4 — registo de licença inválido: 2 validation errors for LicenseRecord
source
  Input should be 'pexels', 'pixabay', 'wikimedia', 'archive_org', 'youtube_cc' or 'owned' [type=literal_error, input_value='rehydration', input_type=str]
    For further information visit https://errors.pydantic.dev/2.13/v/literal_error
verified_by
  Input should be 'api' or 'manual' [type=literal_error, input_value='manual-rehydration-2026-08-06', input_type=str]
    For further information visit https://errors.pydantic.dev/2.13/v/literal_error
09:04:09 WARNING studio.ingest: rejeitado (licença): pexels_8522958.mp4 — registo de licença inválido: 2 validation errors for LicenseRecord
source
  Input should be 'pexels', 'pixabay', 'wikimedia', 'archive_org', 'youtube_cc' or 'owned' [type=literal_error, input_value='rehydration', input_type=str]
    For further information visit https://errors.pydantic.dev/2.13/v/literal_error
verified_by
  Input should be 'api' or 'manual' [type=literal_error, input_value='manual-rehydration-2026-08-06', input_type=str]
    For further information visit https://errors.pydantic.dev/2.13/v/literal_error
09:04:09 WARNING studio.ingest: rejeitado (licença): pexels_8532654.mp4 — registo de licença inválido: 2 validation errors for LicenseRecord
source
  Input should be 'pexels', 'pixabay', 'wikimedia', 'archive_org', 'youtube_cc' or 'owned' [type=literal_error, input_value='rehydration', input_type=str]
    For further information visit https://errors.pydantic.dev/2.13/v/literal_error
verified_by
  Input should be 'api' or 'manual' [type=literal_error, input_value='manual-rehydration-2026-08-06', input_type=str]
    For further information visit https://errors.pydantic.dev/2.13/v/literal_error
09:04:09 WARNING studio.ingest: rejeitado (licença): pexels_853928.mp4 — registo de licença inválido: 2 validation errors for LicenseRecord
source
  Input should be 'pexels', 'pixabay', 'wikimedia', 'archive_org', 'youtube_cc' or 'owned' [type=literal_error, input_value='rehydration', input_type=str]
    For further information visit https://errors.pydantic.dev/2.13/v/literal_error
verified_by
  Input should be 'api' or 'manual' [type=literal_error, input_value='manual-rehydration-2026-08-06', input_type=str]
    For further information visit https://errors.pydantic.dev/2.13/v/literal_error
09:04:09 WARNING studio.ingest: rejeitado (licença): pexels_854768.mp4 — registo de licença inválido: 2 validation errors for LicenseRecord
source
  Input should be 'pexels', 'pixabay', 'wikimedia', 'archive_org', 'youtube_cc' or 'owned' [type=literal_error, input_value='rehydration', input_type=str]
    For further information visit https://errors.pydantic.dev/2.13/v/literal_error
verified_by
  Input should be 'api' or 'manual' [type=literal_error, input_value='manual-rehydration-2026-08-06', input_type=str]
    For further information visit https://errors.pydantic.dev/2.13/v/literal_error
09:04:09 WARNING studio.ingest: rejeitado (licença): pexels_856144.mp4 — registo de licença inválido: 2 validation errors for LicenseRecord
source
  Input should be 'pexels', 'pixabay', 'wikimedia', 'archive_org', 'youtube_cc' or 'owned' [type=literal_error, input_value='rehydration', input_type=str]
    For further information visit https://errors.pydantic.dev/2.13/v/literal_error
verified_by
  Input should be 'api' or 'manual' [type=literal_error, input_value='manual-rehydration-2026-08-06', input_type=str]
    For further information visit https://errors.pydantic.dev/2.13/v/literal_error
09:04:09 WARNING studio.ingest: rejeitado (licença): pexels_8567117.mp4 — registo de licença inválido: 2 validation errors for LicenseRecord
source
  Input should be 'pexels', 'pixabay', 'wikimedia', 'archive_org', 'youtube_cc' or 'owned' [type=literal_error, input_value='rehydration', input_type=str]
    For further information visit https://errors.pydantic.dev/2.13/v/literal_error
verified_by
  Input should be 'api' or 'manual' [type=literal_error, input_value='manual-rehydration-2026-08-06', input_type=str]
    For further information visit https://errors.pydantic.dev/2.13/v/literal_error
09:04:09 WARNING studio.ingest: rejeitado (licença): pexels_857092.mp4 — registo de licença inválido: 2 validation errors for LicenseRecord
source
  Input should be 'pexels', 'pixabay', 'wikimedia', 'archive_org', 'youtube_cc' or 'owned' [type=literal_error, input_value='rehydration', input_type=str]
    For further information visit https://errors.pydantic.dev/2.13/v/literal_error
verified_by
  Input should be 'api' or 'manual' [type=literal_error, input_value='manual-rehydration-2026-08-06', input_type=str]
    For further information visit https://errors.pydantic.dev/2.13/v/literal_error
09:04:09 WARNING studio.ingest: rejeitado (licença): pexels_8629575.mp4 — registo de licença inválido: 2 validation errors for LicenseRecord
source
  Input should be 'pexels', 'pixabay', 'wikimedia', 'archive_org', 'youtube_cc' or 'owned' [type=literal_error, input_value='rehydration', input_type=str]
    For further information visit https://errors.pydantic.dev/2.13/v/literal_error
verified_by
  Input should be 'api' or 'manual' [type=literal_error, input_value='manual-rehydration-2026-08-06', input_type=str]
    For further information visit https://errors.pydantic.dev/2.13/v/literal_error
[ 620/1075] [rej]   0.0s  shots:+0  pexels_8629575.mp4 (ETA ~0min)
09:04:09 WARNING studio.ingest: rejeitado (licença): pexels_8836389.mp4 — registo de licença inválido: 2 validation errors for LicenseRecord
source
  Input should be 'pexels', 'pixabay', 'wikimedia', 'archive_org', 'youtube_cc' or 'owned' [type=literal_error, input_value='rehydration', input_type=str]
    For further information visit https://errors.pydantic.dev/2.13/v/literal_error
verified_by
  Input should be 'api' or 'manual' [type=literal_error, input_value='manual-rehydration-2026-08-06', input_type=str]
    For further information visit https://errors.pydantic.dev/2.13/v/literal_error
09:04:09 WARNING studio.ingest: rejeitado (licença): pexels_8854952.mp4 — registo de licença inválido: 2 validation errors for LicenseRecord
source
  Input should be 'pexels', 'pixabay', 'wikimedia', 'archive_org', 'youtube_cc' or 'owned' [type=literal_error, input_value='rehydration', input_type=str]
    For further information visit https://errors.pydantic.dev/2.13/v/literal_error
verified_by
  Input should be 'api' or 'manual' [type=literal_error, input_value='manual-rehydration-2026-08-06', input_type=str]
    For further information visit https://errors.pydantic.dev/2.13/v/literal_error
09:04:09 WARNING studio.ingest: rejeitado (licença): pexels_8880957.mp4 — registo de licença inválido: 2 validation errors for LicenseRecord
source
  Input should be 'pexels', 'pixabay', 'wikimedia', 'archive_org', 'youtube_cc' or 'owned' [type=literal_error, input_value='rehydration', input_type=str]
    For further information visit https://errors.pydantic.dev/2.13/v/literal_error
verified_by
  Input should be 'api' or 'manual' [type=literal_error, input_value='manual-rehydration-2026-08-06', input_type=str]
    For further information visit https://errors.pydantic.dev/2.13/v/literal_error
09:04:09 WARNING studio.ingest: rejeitado (licença): pexels_8899929.mp4 — registo de licença inválido: 2 validation errors for LicenseRecord
source
  Input should be 'pexels', 'pixabay', 'wikimedia', 'archive_org', 'youtube_cc' or 'owned' [type=literal_error, input_value='rehydration', input_type=str]
    For further information visit https://errors.pydantic.dev/2.13/v/literal_error
verified_by
  Input should be 'api' or 'manual' [type=literal_error, input_value='manual-rehydration-2026-08-06', input_type=str]
    For further information visit https://errors.pydantic.dev/2.13/v/literal_error
09:04:09 WARNING studio.ingest: rejeitado (licença): pexels_8903549.mp4 — registo de licença inválido: 2 validation errors for LicenseRecord
source
  Input should be 'pexels', 'pixabay', 'wikimedia', 'archive_org', 'youtube_cc' or 'owned' [type=literal_error, input_value='rehydration', input_type=str]
    For further information visit https://errors.pydantic.dev/2.13/v/literal_error
verified_by
  Input should be 'api' or 'manual' [type=literal_error, input_value='manual-rehydration-2026-08-06', input_type=str]
    For further information visit https://errors.pydantic.dev/2.13/v/literal_error
09:04:09 WARNING studio.ingest: rejeitado (licença): pexels_8921569.mp4 — registo de licença inválido: 2 validation errors for LicenseRecord
source
  Input should be 'pexels', 'pixabay', 'wikimedia', 'archive_org', 'youtube_cc' or 'owned' [type=literal_error, input_value='rehydration', input_type=str]
    For further information visit https://errors.pydantic.dev/2.13/v/literal_error
verified_by
  Input should be 'api' or 'manual' [type=literal_error, input_value='manual-rehydration-2026-08-06', input_type=str]
    For further information visit https://errors.pydantic.dev/2.13/v/literal_error
09:04:09 WARNING studio.ingest: rejeitado (licença): pexels_8942578.mp4 — registo de licença inválido: 2 validation errors for LicenseRecord
source
  Input should be 'pexels', 'pixabay', 'wikimedia', 'archive_org', 'youtube_cc' or 'owned' [type=literal_error, input_value='rehydration', input_type=str]
    For further information visit https://errors.pydantic.dev/2.13/v/literal_error
verified_by
  Input should be 'api' or 'manual' [type=literal_error, input_value='manual-rehydration-2026-08-06', input_type=str]
    For further information visit https://errors.pydantic.dev/2.13/v/literal_error
09:04:09 WARNING studio.ingest: rejeitado (licença): pexels_8964471.mp4 — registo de licença inválido: 2 validation errors for LicenseRecord
source
  Input should be 'pexels', 'pixabay', 'wikimedia', 'archive_org', 'youtube_cc' or 'owned' [type=literal_error, input_value='rehydration', input_type=str]
    For further information visit https://errors.pydantic.dev/2.13/v/literal_error
verified_by
  Input should be 'api' or 'manual' [type=literal_error, input_value='manual-rehydration-2026-08-06', input_type=str]
    For further information visit https://errors.pydantic.dev/2.13/v/literal_error
09:04:09 WARNING studio.ingest: rejeitado (licença): pexels_8964522.mp4 — registo de licença inválido: 2 validation errors for LicenseRecord
source
  Input should be 'pexels', 'pixabay', 'wikimedia', 'archive_org', 'youtube_cc' or 'owned' [type=literal_error, input_value='rehydration', input_type=str]
    For further information visit https://errors.pydantic.dev/2.13/v/literal_error
verified_by
  Input should be 'api' or 'manual' [type=literal_error, input_value='manual-rehydration-2026-08-06', input_type=str]
    For further information visit https://errors.pydantic.dev/2.13/v/literal_error
09:04:09 WARNING studio.ingest: rejeitado (licença): pexels_9003040.mp4 — registo de licença inválido: 2 validation errors for LicenseRecord
source
  Input should be 'pexels', 'pixabay', 'wikimedia', 'archive_org', 'youtube_cc' or 'owned' [type=literal_error, input_value='rehydration', input_type=str]
    For further information visit https://errors.pydantic.dev/2.13/v/literal_error
verified_by
  Input should be 'api' or 'manual' [type=literal_error, input_value='manual-rehydration-2026-08-06', input_type=str]
    For further information visit https://errors.pydantic.dev/2.13/v/literal_error
[ 630/1075] [rej]   0.0s  shots:+0  pexels_9003040.mp4 (ETA ~0min)
09:04:09 WARNING studio.ingest: rejeitado (licença): pexels_9058615.mp4 — registo de licença inválido: 2 validation errors for LicenseRecord
source
  Input should be 'pexels', 'pixabay', 'wikimedia', 'archive_org', 'youtube_cc' or 'owned' [type=literal_error, input_value='rehydration', input_type=str]
    For further information visit https://errors.pydantic.dev/2.13/v/literal_error
verified_by
  Input should be 'api' or 'manual' [type=literal_error, input_value='manual-rehydration-2026-08-06', input_type=str]
    For further information visit https://errors.pydantic.dev/2.13/v/literal_error
09:04:09 WARNING studio.ingest: rejeitado (licença): pexels_9155182.mp4 — registo de licença inválido: 2 validation errors for LicenseRecord
source
  Input should be 'pexels', 'pixabay', 'wikimedia', 'archive_org', 'youtube_cc' or 'owned' [type=literal_error, input_value='rehydration', input_type=str]
    For further information visit https://errors.pydantic.dev/2.13/v/literal_error
verified_by
  Input should be 'api' or 'manual' [type=literal_error, input_value='manual-rehydration-2026-08-06', input_type=str]
    For further information visit https://errors.pydantic.dev/2.13/v/literal_error
09:04:09 WARNING studio.ingest: rejeitado (licença): pexels_9722332.mp4 — registo de licença inválido: 2 validation errors for LicenseRecord
source
  Input should be 'pexels', 'pixabay', 'wikimedia', 'archive_org', 'youtube_cc' or 'owned' [type=literal_error, input_value='rehydration', input_type=str]
    For further information visit https://errors.pydantic.dev/2.13/v/literal_error
verified_by
  Input should be 'api' or 'manual' [type=literal_error, input_value='manual-rehydration-2026-08-06', input_type=str]
    For further information visit https://errors.pydantic.dev/2.13/v/literal_error
09:04:09 WARNING studio.ingest: rejeitado (licença): pexels_9737918.mp4 — registo de licença inválido: 2 validation errors for LicenseRecord
source
  Input should be 'pexels', 'pixabay', 'wikimedia', 'archive_org', 'youtube_cc' or 'owned' [type=literal_error, input_value='rehydration', input_type=str]
    For further information visit https://errors.pydantic.dev/2.13/v/literal_error
verified_by
  Input should be 'api' or 'manual' [type=literal_error, input_value='manual-rehydration-2026-08-06', input_type=str]
    For further information visit https://errors.pydantic.dev/2.13/v/literal_error
09:04:09 WARNING studio.ingest: rejeitado (licença): pexels_9756755.mp4 — registo de licença inválido: 2 validation errors for LicenseRecord
source
  Input should be 'pexels', 'pixabay', 'wikimedia', 'archive_org', 'youtube_cc' or 'owned' [type=literal_error, input_value='rehydration', input_type=str]
    For further information visit https://errors.pydantic.dev/2.13/v/literal_error
verified_by
  Input should be 'api' or 'manual' [type=literal_error, input_value='manual-rehydration-2026-08-06', input_type=str]
    For further information visit https://errors.pydantic.dev/2.13/v/literal_error
09:04:09 WARNING studio.ingest: rejeitado (licença): pexels_9789860.mp4 — registo de licença inválido: 2 validation errors for LicenseRecord
source
  Input should be 'pexels', 'pixabay', 'wikimedia', 'archive_org', 'youtube_cc' or 'owned' [type=literal_error, input_value='rehydration', input_type=str]
    For further information visit https://errors.pydantic.dev/2.13/v/literal_error
verified_by
  Input should be 'api' or 'manual' [type=literal_error, input_value='manual-rehydration-2026-08-06', input_type=str]
    For further information visit https://errors.pydantic.dev/2.13/v/literal_error
09:04:09 WARNING studio.ingest: rejeitado (licença): pexels_992605.mp4 — registo de licença inválido: 2 validation errors for LicenseRecord
source
  Input should be 'pexels', 'pixabay', 'wikimedia', 'archive_org', 'youtube_cc' or 'owned' [type=literal_error, input_value='rehydration', input_type=str]
    For further information visit https://errors.pydantic.dev/2.13/v/literal_error
verified_by
  Input should be 'api' or 'manual' [type=literal_error, input_value='manual-rehydration-2026-08-06', input_type=str]
    For further information visit https://errors.pydantic.dev/2.13/v/literal_error
09:04:09 WARNING studio.ingest: rejeitado (licença): pexels_992684.mp4 — registo de licença inválido: 2 validation errors for LicenseRecord
source
  Input should be 'pexels', 'pixabay', 'wikimedia', 'archive_org', 'youtube_cc' or 'owned' [type=literal_error, input_value='rehydration', input_type=str]
    For further information visit https://errors.pydantic.dev/2.13/v/literal_error
verified_by
  Input should be 'api' or 'manual' [type=literal_error, input_value='manual-rehydration-2026-08-06', input_type=str]
    For further information visit https://errors.pydantic.dev/2.13/v/literal_error
09:04:09 WARNING studio.ingest: rejeitado (licença): pexels_9947672.mp4 — registo de licença inválido: 2 validation errors for LicenseRecord
source
  Input should be 'pexels', 'pixabay', 'wikimedia', 'archive_org', 'youtube_cc' or 'owned' [type=literal_error, input_value='rehydration', input_type=str]
    For further information visit https://errors.pydantic.dev/2.13/v/literal_error
verified_by
  Input should be 'api' or 'manual' [type=literal_error, input_value='manual-rehydration-2026-08-06', input_type=str]
    For further information visit https://errors.pydantic.dev/2.13/v/literal_error
09:04:09 WARNING studio.ingest: rejeitado (licença): pexels_9947675.mp4 — registo de licença inválido: 2 validation errors for LicenseRecord
source
  Input should be 'pexels', 'pixabay', 'wikimedia', 'archive_org', 'youtube_cc' or 'owned' [type=literal_error, input_value='rehydration', input_type=str]
    For further information visit https://errors.pydantic.dev/2.13/v/literal_error
verified_by
  Input should be 'api' or 'manual' [type=literal_error, input_value='manual-rehydration-2026-08-06', input_type=str]
    For further information visit https://errors.pydantic.dev/2.13/v/literal_error
[ 640/1075] [rej]   0.0s  shots:+0  pexels_9947675.mp4 (ETA ~0min)
09:04:09 WARNING studio.ingest: rejeitado (licença): pixabay_1003.mp4 — registo de licença inválido: 2 validation errors for LicenseRecord
source
  Input should be 'pexels', 'pixabay', 'wikimedia', 'archive_org', 'youtube_cc' or 'owned' [type=literal_error, input_value='rehydration', input_type=str]
    For further information visit https://errors.pydantic.dev/2.13/v/literal_error
verified_by
  Input should be 'api' or 'manual' [type=literal_error, input_value='manual-rehydration-2026-08-06', input_type=str]
    For further information visit https://errors.pydantic.dev/2.13/v/literal_error
09:04:09 WARNING studio.ingest: rejeitado (licença): pixabay_1015.mp4 — registo de licença inválido: 2 validation errors for LicenseRecord
source
  Input should be 'pexels', 'pixabay', 'wikimedia', 'archive_org', 'youtube_cc' or 'owned' [type=literal_error, input_value='rehydration', input_type=str]
    For further information visit https://errors.pydantic.dev/2.13/v/literal_error
verified_by
  Input should be 'api' or 'manual' [type=literal_error, input_value='manual-rehydration-2026-08-06', input_type=str]
    For further information visit https://errors.pydantic.dev/2.13/v/literal_error
09:04:09 WARNING studio.ingest: rejeitado (licença): pixabay_10685.mp4 — registo de licença inválido: 2 validation errors for LicenseRecord
source
  Input should be 'pexels', 'pixabay', 'wikimedia', 'archive_org', 'youtube_cc' or 'owned' [type=literal_error, input_value='rehydration', input_type=str]
    For further information visit https://errors.pydantic.dev/2.13/v/literal_error
verified_by
  Input should be 'api' or 'manual' [type=literal_error, input_value='manual-rehydration-2026-08-06', input_type=str]
    For further information visit https://errors.pydantic.dev/2.13/v/literal_error
09:04:09 WARNING studio.ingest: rejeitado (licença): pixabay_10715.mp4 — registo de licença inválido: 2 validation errors for LicenseRecord
source
  Input should be 'pexels', 'pixabay', 'wikimedia', 'archive_org', 'youtube_cc' or 'owned' [type=literal_error, input_value='rehydration', input_type=str]
    For further information visit https://errors.pydantic.dev/2.13/v/literal_error
verified_by
  Input should be 'api' or 'manual' [type=literal_error, input_value='manual-rehydration-2026-08-06', input_type=str]
    For further information visit https://errors.pydantic.dev/2.13/v/literal_error
09:04:09 WARNING studio.ingest: rejeitado (licença): pixabay_10835.mp4 — registo de licença inválido: 2 validation errors for LicenseRecord
source
  Input should be 'pexels', 'pixabay', 'wikimedia', 'archive_org', 'youtube_cc' or 'owned' [type=literal_error, input_value='rehydration', input_type=str]
    For further information visit https://errors.pydantic.dev/2.13/v/literal_error
verified_by
  Input should be 'api' or 'manual' [type=literal_error, input_value='manual-rehydration-2026-08-06', input_type=str]
    For further information visit https://errors.pydantic.dev/2.13/v/literal_error
09:04:09 WARNING studio.ingest: rejeitado (licença): pixabay_10853.mp4 — registo de licença inválido: 2 validation errors for LicenseRecord
source
  Input should be 'pexels', 'pixabay', 'wikimedia', 'archive_org', 'youtube_cc' or 'owned' [type=literal_error, input_value='rehydration', input_type=str]
    For further information visit https://errors.pydantic.dev/2.13/v/literal_error
verified_by
  Input should be 'api' or 'manual' [type=literal_error, input_value='manual-rehydration-2026-08-06', input_type=str]
    For further information visit https://errors.pydantic.dev/2.13/v/literal_error
09:04:09 WARNING studio.ingest: rejeitado (licença): pixabay_1101.mp4 — registo de licença inválido: 2 validation errors for LicenseRecord
source
  Input should be 'pexels', 'pixabay', 'wikimedia', 'archive_org', 'youtube_cc' or 'owned' [type=literal_error, input_value='rehydration', input_type=str]
    For further information visit https://errors.pydantic.dev/2.13/v/literal_error
verified_by
  Input should be 'api' or 'manual' [type=literal_error, input_value='manual-rehydration-2026-08-06', input_type=str]
    For further information visit https://errors.pydantic.dev/2.13/v/literal_error
09:04:09 WARNING studio.ingest: rejeitado (licença): pixabay_111263.mp4 — registo de licença inválido: 2 validation errors for LicenseRecord
source
  Input should be 'pexels', 'pixabay', 'wikimedia', 'archive_org', 'youtube_cc' or 'owned' [type=literal_error, input_value='rehydration', input_type=str]
    For further information visit https://errors.pydantic.dev/2.13/v/literal_error
verified_by
  Input should be 'api' or 'manual' [type=literal_error, input_value='manual-rehydration-2026-08-06', input_type=str]
    For further information visit https://errors.pydantic.dev/2.13/v/literal_error
09:04:09 WARNING studio.ingest: rejeitado (licença): pixabay_11230.mp4 — registo de licença inválido: 2 validation errors for LicenseRecord
source
  Input should be 'pexels', 'pixabay', 'wikimedia', 'archive_org', 'youtube_cc' or 'owned' [type=literal_error, input_value='rehydration', input_type=str]
    For further information visit https://errors.pydantic.dev/2.13/v/literal_error
verified_by
  Input should be 'api' or 'manual' [type=literal_error, input_value='manual-rehydration-2026-08-06', input_type=str]
    For further information visit https://errors.pydantic.dev/2.13/v/literal_error
09:04:09 WARNING studio.ingest: rejeitado (licença): pixabay_112957.mp4 — registo de licença inválido: 2 validation errors for LicenseRecord
source
  Input should be 'pexels', 'pixabay', 'wikimedia', 'archive_org', 'youtube_cc' or 'owned' [type=literal_error, input_value='rehydration', input_type=str]
    For further information visit https://errors.pydantic.dev/2.13/v/literal_error
verified_by
  Input should be 'api' or 'manual' [type=literal_error, input_value='manual-rehydration-2026-08-06', input_type=str]
    For further information visit https://errors.pydantic.dev/2.13/v/literal_error
[ 650/1075] [rej]   0.0s  shots:+0  pixabay_112957.mp4 (ETA ~0min)
09:04:09 WARNING studio.ingest: rejeitado (licença): pixabay_11606.mp4 — registo de licença inválido: 2 validation errors for LicenseRecord
source
  Input should be 'pexels', 'pixabay', 'wikimedia', 'archive_org', 'youtube_cc' or 'owned' [type=literal_error, input_value='rehydration', input_type=str]
    For further information visit https://errors.pydantic.dev/2.13/v/literal_error
verified_by
  Input should be 'api' or 'manual' [type=literal_error, input_value='manual-rehydration-2026-08-06', input_type=str]
    For further information visit https://errors.pydantic.dev/2.13/v/literal_error
09:04:09 WARNING studio.ingest: rejeitado (licença): pixabay_11610.mp4 — registo de licença inválido: 2 validation errors for LicenseRecord
source
  Input should be 'pexels', 'pixabay', 'wikimedia', 'archive_org', 'youtube_cc' or 'owned' [type=literal_error, input_value='rehydration', input_type=str]
    For further information visit https://errors.pydantic.dev/2.13/v/literal_error
verified_by
  Input should be 'api' or 'manual' [type=literal_error, input_value='manual-rehydration-2026-08-06', input_type=str]
    For further information visit https://errors.pydantic.dev/2.13/v/literal_error
09:04:09 WARNING studio.ingest: rejeitado (licença): pixabay_11615.mp4 — registo de licença inválido: 2 validation errors for LicenseRecord
source
  Input should be 'pexels', 'pixabay', 'wikimedia', 'archive_org', 'youtube_cc' or 'owned' [type=literal_error, input_value='rehydration', input_type=str]
    For further information visit https://errors.pydantic.dev/2.13/v/literal_error
verified_by
  Input should be 'api' or 'manual' [type=literal_error, input_value='manual-rehydration-2026-08-06', input_type=str]
    For further information visit https://errors.pydantic.dev/2.13/v/literal_error
09:04:09 WARNING studio.ingest: rejeitado (licença): pixabay_11616.mp4 — registo de licença inválido: 2 validation errors for LicenseRecord
source
  Input should be 'pexels', 'pixabay', 'wikimedia', 'archive_org', 'youtube_cc' or 'owned' [type=literal_error, input_value='rehydration', input_type=str]
    For further information visit https://errors.pydantic.dev/2.13/v/literal_error
verified_by
  Input should be 'api' or 'manual' [type=literal_error, input_value='manual-rehydration-2026-08-06', input_type=str]
    For further information visit https://errors.pydantic.dev/2.13/v/literal_error
09:04:09 WARNING studio.ingest: rejeitado (licença): pixabay_11618.mp4 — registo de licença inválido: 2 validation errors for LicenseRecord
source
  Input should be 'pexels', 'pixabay', 'wikimedia', 'archive_org', 'youtube_cc' or 'owned' [type=literal_error, input_value='rehydration', input_type=str]
    For further information visit https://errors.pydantic.dev/2.13/v/literal_error
verified_by
  Input should be 'api' or 'manual' [type=literal_error, input_value='manual-rehydration-2026-08-06', input_type=str]
    For further information visit https://errors.pydantic.dev/2.13/v/literal_error
09:04:09 WARNING studio.ingest: rejeitado (licença): pixabay_11620.mp4 — registo de licença inválido: 2 validation errors for LicenseRecord
source
  Input should be 'pexels', 'pixabay', 'wikimedia', 'archive_org', 'youtube_cc' or 'owned' [type=literal_error, input_value='rehydration', input_type=str]
    For further information visit https://errors.pydantic.dev/2.13/v/literal_error
verified_by
  Input should be 'api' or 'manual' [type=literal_error, input_value='manual-rehydration-2026-08-06', input_type=str]
    For further information visit https://errors.pydantic.dev/2.13/v/literal_error
09:04:09 WARNING studio.ingest: rejeitado (licença): pixabay_11623.mp4 — registo de licença inválido: 2 validation errors for LicenseRecord
source
  Input should be 'pexels', 'pixabay', 'wikimedia', 'archive_org', 'youtube_cc' or 'owned' [type=literal_error, input_value='rehydration', input_type=str]
    For further information visit https://errors.pydantic.dev/2.13/v/literal_error
verified_by
  Input should be 'api' or 'manual' [type=literal_error, input_value='manual-rehydration-2026-08-06', input_type=str]
    For further information visit https://errors.pydantic.dev/2.13/v/literal_error
09:04:09 WARNING studio.ingest: rejeitado (licença): pixabay_11628.mp4 — registo de licença inválido: 2 validation errors for LicenseRecord
source
  Input should be 'pexels', 'pixabay', 'wikimedia', 'archive_org', 'youtube_cc' or 'owned' [type=literal_error, input_value='rehydration', input_type=str]
    For further information visit https://errors.pydantic.dev/2.13/v/literal_error
verified_by
  Input should be 'api' or 'manual' [type=literal_error, input_value='manual-rehydration-2026-08-06', input_type=str]
    For further information visit https://errors.pydantic.dev/2.13/v/literal_error
09:04:09 WARNING studio.ingest: rejeitado (licença): pixabay_11635.mp4 — registo de licença inválido: 2 validation errors for LicenseRecord
source
  Input should be 'pexels', 'pixabay', 'wikimedia', 'archive_org', 'youtube_cc' or 'owned' [type=literal_error, input_value='rehydration', input_type=str]
    For further information visit https://errors.pydantic.dev/2.13/v/literal_error
verified_by
  Input should be 'api' or 'manual' [type=literal_error, input_value='manual-rehydration-2026-08-06', input_type=str]
    For further information visit https://errors.pydantic.dev/2.13/v/literal_error
09:04:09 WARNING studio.ingest: rejeitado (licença): pixabay_11666.mp4 — registo de licença inválido: 2 validation errors for LicenseRecord
source
  Input should be 'pexels', 'pixabay', 'wikimedia', 'archive_org', 'youtube_cc' or 'owned' [type=literal_error, input_value='rehydration', input_type=str]
    For further information visit https://errors.pydantic.dev/2.13/v/literal_error
verified_by
  Input should be 'api' or 'manual' [type=literal_error, input_value='manual-rehydration-2026-08-06', input_type=str]
    For further information visit https://errors.pydantic.dev/2.13/v/literal_error
[ 660/1075] [rej]   0.0s  shots:+0  pixabay_11666.mp4 (ETA ~0min)
09:04:09 WARNING studio.ingest: rejeitado (licença): pixabay_11697.mp4 — registo de licença inválido: 2 validation errors for LicenseRecord
source
  Input should be 'pexels', 'pixabay', 'wikimedia', 'archive_org', 'youtube_cc' or 'owned' [type=literal_error, input_value='rehydration', input_type=str]
    For further information visit https://errors.pydantic.dev/2.13/v/literal_error
verified_by
  Input should be 'api' or 'manual' [type=literal_error, input_value='manual-rehydration-2026-08-06', input_type=str]
    For further information visit https://errors.pydantic.dev/2.13/v/literal_error
09:04:09 WARNING studio.ingest: rejeitado (licença): pixabay_11713.mp4 — registo de licença inválido: 2 validation errors for LicenseRecord
source
  Input should be 'pexels', 'pixabay', 'wikimedia', 'archive_org', 'youtube_cc' or 'owned' [type=literal_error, input_value='rehydration', input_type=str]
    For further information visit https://errors.pydantic.dev/2.13/v/literal_error
verified_by
  Input should be 'api' or 'manual' [type=literal_error, input_value='manual-rehydration-2026-08-06', input_type=str]
    For further information visit https://errors.pydantic.dev/2.13/v/literal_error
09:04:09 WARNING studio.ingest: rejeitado (licença): pixabay_119186.mp4 — registo de licença inválido: 2 validation errors for LicenseRecord
source
  Input should be 'pexels', 'pixabay', 'wikimedia', 'archive_org', 'youtube_cc' or 'owned' [type=literal_error, input_value='rehydration', input_type=str]
    For further information visit https://errors.pydantic.dev/2.13/v/literal_error
verified_by
  Input should be 'api' or 'manual' [type=literal_error, input_value='manual-rehydration-2026-08-06', input_type=str]
    For further information visit https://errors.pydantic.dev/2.13/v/literal_error
09:04:09 WARNING studio.ingest: rejeitado (licença): pixabay_1192.mp4 — registo de licença inválido: 2 validation errors for LicenseRecord
source
  Input should be 'pexels', 'pixabay', 'wikimedia', 'archive_org', 'youtube_cc' or 'owned' [type=literal_error, input_value='rehydration', input_type=str]
    For further information visit https://errors.pydantic.dev/2.13/v/literal_error
verified_by
  Input should be 'api' or 'manual' [type=literal_error, input_value='manual-rehydration-2026-08-06', input_type=str]
    For further information visit https://errors.pydantic.dev/2.13/v/literal_error
09:04:09 WARNING studio.ingest: rejeitado (licença): pixabay_1200.mp4 — registo de licença inválido: 2 validation errors for LicenseRecord
source
  Input should be 'pexels', 'pixabay', 'wikimedia', 'archive_org', 'youtube_cc' or 'owned' [type=literal_error, input_value='rehydration', input_type=str]
    For further information visit https://errors.pydantic.dev/2.13/v/literal_error
verified_by
  Input should be 'api' or 'manual' [type=literal_error, input_value='manual-rehydration-2026-08-06', input_type=str]
    For further information visit https://errors.pydantic.dev/2.13/v/literal_error
09:04:09 WARNING studio.ingest: rejeitado (licença): pixabay_120287.mp4 — registo de licença inválido: 2 validation errors for LicenseRecord
source
  Input should be 'pexels', 'pixabay', 'wikimedia', 'archive_org', 'youtube_cc' or 'owned' [type=literal_error, input_value='rehydration', input_type=str]
    For further information visit https://errors.pydantic.dev/2.13/v/literal_error
verified_by
  Input should be 'api' or 'manual' [type=literal_error, input_value='manual-rehydration-2026-08-06', input_type=str]
    For further information visit https://errors.pydantic.dev/2.13/v/literal_error
09:04:09 WARNING studio.ingest: rejeitado (licença): pixabay_12127.mp4 — registo de licença inválido: 2 validation errors for LicenseRecord
source
  Input should be 'pexels', 'pixabay', 'wikimedia', 'archive_org', 'youtube_cc' or 'owned' [type=literal_error, input_value='rehydration', input_type=str]
    For further information visit https://errors.pydantic.dev/2.13/v/literal_error
verified_by
  Input should be 'api' or 'manual' [type=literal_error, input_value='manual-rehydration-2026-08-06', input_type=str]
    For further information visit https://errors.pydantic.dev/2.13/v/literal_error
09:04:09 WARNING studio.ingest: rejeitado (licença): pixabay_122852.mp4 — registo de licença inválido: 2 validation errors for LicenseRecord
source
  Input should be 'pexels', 'pixabay', 'wikimedia', 'archive_org', 'youtube_cc' or 'owned' [type=literal_error, input_value='rehydration', input_type=str]
    For further information visit https://errors.pydantic.dev/2.13/v/literal_error
verified_by
  Input should be 'api' or 'manual' [type=literal_error, input_value='manual-rehydration-2026-08-06', input_type=str]
    For further information visit https://errors.pydantic.dev/2.13/v/literal_error
09:04:09 WARNING studio.ingest: rejeitado (licença): pixabay_124154.mp4 — registo de licença inválido: 2 validation errors for LicenseRecord
source
  Input should be 'pexels', 'pixabay', 'wikimedia', 'archive_org', 'youtube_cc' or 'owned' [type=literal_error, input_value='rehydration', input_type=str]
    For further information visit https://errors.pydantic.dev/2.13/v/literal_error
verified_by
  Input should be 'api' or 'manual' [type=literal_error, input_value='manual-rehydration-2026-08-06', input_type=str]
    For further information visit https://errors.pydantic.dev/2.13/v/literal_error
09:04:09 WARNING studio.ingest: rejeitado (licença): pixabay_124156.mp4 — registo de licença inválido: 2 validation errors for LicenseRecord
source
  Input should be 'pexels', 'pixabay', 'wikimedia', 'archive_org', 'youtube_cc' or 'owned' [type=literal_error, input_value='rehydration', input_type=str]
    For further information visit https://errors.pydantic.dev/2.13/v/literal_error
verified_by
  Input should be 'api' or 'manual' [type=literal_error, input_value='manual-rehydration-2026-08-06', input_type=str]
    For further information visit https://errors.pydantic.dev/2.13/v/literal_error
[ 670/1075] [rej]   0.0s  shots:+0  pixabay_124156.mp4 (ETA ~0min)
09:04:09 WARNING studio.ingest: rejeitado (licença): pixabay_124162.mp4 — registo de licença inválido: 2 validation errors for LicenseRecord
source
  Input should be 'pexels', 'pixabay', 'wikimedia', 'archive_org', 'youtube_cc' or 'owned' [type=literal_error, input_value='rehydration', input_type=str]
    For further information visit https://errors.pydantic.dev/2.13/v/literal_error
verified_by
  Input should be 'api' or 'manual' [type=literal_error, input_value='manual-rehydration-2026-08-06', input_type=str]
    For further information visit https://errors.pydantic.dev/2.13/v/literal_error
09:04:09 WARNING studio.ingest: rejeitado (licença): pixabay_124163.mp4 — registo de licença inválido: 2 validation errors for LicenseRecord
source
  Input should be 'pexels', 'pixabay', 'wikimedia', 'archive_org', 'youtube_cc' or 'owned' [type=literal_error, input_value='rehydration', input_type=str]
    For further information visit https://errors.pydantic.dev/2.13/v/literal_error
verified_by
  Input should be 'api' or 'manual' [type=literal_error, input_value='manual-rehydration-2026-08-06', input_type=str]
    For further information visit https://errors.pydantic.dev/2.13/v/literal_error
09:04:09 WARNING studio.ingest: rejeitado (licença): pixabay_124170.mp4 — registo de licença inválido: 2 validation errors for LicenseRecord
source
  Input should be 'pexels', 'pixabay', 'wikimedia', 'archive_org', 'youtube_cc' or 'owned' [type=literal_error, input_value='rehydration', input_type=str]
    For further information visit https://errors.pydantic.dev/2.13/v/literal_error
verified_by
  Input should be 'api' or 'manual' [type=literal_error, input_value='manual-rehydration-2026-08-06', input_type=str]
    For further information visit https://errors.pydantic.dev/2.13/v/literal_error
09:04:09 WARNING studio.ingest: rejeitado (licença): pixabay_12421.mp4 — registo de licença inválido: 2 validation errors for LicenseRecord
source
  Input should be 'pexels', 'pixabay', 'wikimedia', 'archive_org', 'youtube_cc' or 'owned' [type=literal_error, input_value='rehydration', input_type=str]
    For further information visit https://errors.pydantic.dev/2.13/v/literal_error
verified_by
  Input should be 'api' or 'manual' [type=literal_error, input_value='manual-rehydration-2026-08-06', input_type=str]
    For further information visit https://errors.pydantic.dev/2.13/v/literal_error
09:04:09 WARNING studio.ingest: rejeitado (licença): pixabay_124746.mp4 — registo de licença inválido: 2 validation errors for LicenseRecord
source
  Input should be 'pexels', 'pixabay', 'wikimedia', 'archive_org', 'youtube_cc' or 'owned' [type=literal_error, input_value='rehydration', input_type=str]
    For further information visit https://errors.pydantic.dev/2.13/v/literal_error
verified_by
  Input should be 'api' or 'manual' [type=literal_error, input_value='manual-rehydration-2026-08-06', input_type=str]
    For further information visit https://errors.pydantic.dev/2.13/v/literal_error
09:04:09 WARNING studio.ingest: rejeitado (licença): pixabay_124823.mp4 — registo de licença inválido: 2 validation errors for LicenseRecord
source
  Input should be 'pexels', 'pixabay', 'wikimedia', 'archive_org', 'youtube_cc' or 'owned' [type=literal_error, input_value='rehydration', input_type=str]
    For further information visit https://errors.pydantic.dev/2.13/v/literal_error
verified_by
  Input should be 'api' or 'manual' [type=literal_error, input_value='manual-rehydration-2026-08-06', input_type=str]
    For further information visit https://errors.pydantic.dev/2.13/v/literal_error
09:04:09 WARNING studio.ingest: rejeitado (licença): pixabay_124829.mp4 — registo de licença inválido: 2 validation errors for LicenseRecord
source
  Input should be 'pexels', 'pixabay', 'wikimedia', 'archive_org', 'youtube_cc' or 'owned' [type=literal_error, input_value='rehydration', input_type=str]
    For further information visit https://errors.pydantic.dev/2.13/v/literal_error
verified_by
  Input should be 'api' or 'manual' [type=literal_error, input_value='manual-rehydration-2026-08-06', input_type=str]
    For further information visit https://errors.pydantic.dev/2.13/v/literal_error
09:04:09 WARNING studio.ingest: rejeitado (licença): pixabay_124830.mp4 — registo de licença inválido: 2 validation errors for LicenseRecord
source
  Input should be 'pexels', 'pixabay', 'wikimedia', 'archive_org', 'youtube_cc' or 'owned' [type=literal_error, input_value='rehydration', input_type=str]
    For further information visit https://errors.pydantic.dev/2.13/v/literal_error
verified_by
  Input should be 'api' or 'manual' [type=literal_error, input_value='manual-rehydration-2026-08-06', input_type=str]
    For further information visit https://errors.pydantic.dev/2.13/v/literal_error
09:04:09 WARNING studio.ingest: rejeitado (licença): pixabay_124831.mp4 — registo de licença inválido: 2 validation errors for LicenseRecord
source
  Input should be 'pexels', 'pixabay', 'wikimedia', 'archive_org', 'youtube_cc' or 'owned' [type=literal_error, input_value='rehydration', input_type=str]
    For further information visit https://errors.pydantic.dev/2.13/v/literal_error
verified_by
  Input should be 'api' or 'manual' [type=literal_error, input_value='manual-rehydration-2026-08-06', input_type=str]
    For further information visit https://errors.pydantic.dev/2.13/v/literal_error
09:04:09 WARNING studio.ingest: rejeitado (licença): pixabay_125028.mp4 — registo de licença inválido: 2 validation errors for LicenseRecord
source
  Input should be 'pexels', 'pixabay', 'wikimedia', 'archive_org', 'youtube_cc' or 'owned' [type=literal_error, input_value='rehydration', input_type=str]
    For further information visit https://errors.pydantic.dev/2.13/v/literal_error
verified_by
  Input should be 'api' or 'manual' [type=literal_error, input_value='manual-rehydration-2026-08-06', input_type=str]
    For further information visit https://errors.pydantic.dev/2.13/v/literal_error
[ 680/1075] [rej]   0.0s  shots:+0  pixabay_125028.mp4 (ETA ~0min)
09:04:09 WARNING studio.ingest: rejeitado (licença): pixabay_125030.mp4 — registo de licença inválido: 2 validation errors for LicenseRecord
source
  Input should be 'pexels', 'pixabay', 'wikimedia', 'archive_org', 'youtube_cc' or 'owned' [type=literal_error, input_value='rehydration', input_type=str]
    For further information visit https://errors.pydantic.dev/2.13/v/literal_error
verified_by
  Input should be 'api' or 'manual' [type=literal_error, input_value='manual-rehydration-2026-08-06', input_type=str]
    For further information visit https://errors.pydantic.dev/2.13/v/literal_error
09:04:09 WARNING studio.ingest: rejeitado (licença): pixabay_1261.mp4 — registo de licença inválido: 2 validation errors for LicenseRecord
source
  Input should be 'pexels', 'pixabay', 'wikimedia', 'archive_org', 'youtube_cc' or 'owned' [type=literal_error, input_value='rehydration', input_type=str]
    For further information visit https://errors.pydantic.dev/2.13/v/literal_error
verified_by
  Input should be 'api' or 'manual' [type=literal_error, input_value='manual-rehydration-2026-08-06', input_type=str]
    For further information visit https://errors.pydantic.dev/2.13/v/literal_error
09:04:09 WARNING studio.ingest: rejeitado (licença): pixabay_126678.mp4 — registo de licença inválido: 2 validation errors for LicenseRecord
source
  Input should be 'pexels', 'pixabay', 'wikimedia', 'archive_org', 'youtube_cc' or 'owned' [type=literal_error, input_value='rehydration', input_type=str]
    For further information visit https://errors.pydantic.dev/2.13/v/literal_error
verified_by
  Input should be 'api' or 'manual' [type=literal_error, input_value='manual-rehydration-2026-08-06', input_type=str]
    For further information visit https://errors.pydantic.dev/2.13/v/literal_error
09:04:09 WARNING studio.ingest: rejeitado (licença): pixabay_127216.mp4 — registo de licença inválido: 2 validation errors for LicenseRecord
source
  Input should be 'pexels', 'pixabay', 'wikimedia', 'archive_org', 'youtube_cc' or 'owned' [type=literal_error, input_value='rehydration', input_type=str]
    For further information visit https://errors.pydantic.dev/2.13/v/literal_error
verified_by
  Input should be 'api' or 'manual' [type=literal_error, input_value='manual-rehydration-2026-08-06', input_type=str]
    For further information visit https://errors.pydantic.dev/2.13/v/literal_error
09:04:09 WARNING studio.ingest: rejeitado (licença): pixabay_127446.mp4 — registo de licença inválido: 2 validation errors for LicenseRecord
source
  Input should be 'pexels', 'pixabay', 'wikimedia', 'archive_org', 'youtube_cc' or 'owned' [type=literal_error, input_value='rehydration', input_type=str]
    For further information visit https://errors.pydantic.dev/2.13/v/literal_error
verified_by
  Input should be 'api' or 'manual' [type=literal_error, input_value='manual-rehydration-2026-08-06', input_type=str]
    For further information visit https://errors.pydantic.dev/2.13/v/literal_error
09:04:09 WARNING studio.ingest: rejeitado (licença): pixabay_127451.mp4 — registo de licença inválido: 2 validation errors for LicenseRecord
source
  Input should be 'pexels', 'pixabay', 'wikimedia', 'archive_org', 'youtube_cc' or 'owned' [type=literal_error, input_value='rehydration', input_type=str]
    For further information visit https://errors.pydantic.dev/2.13/v/literal_error
verified_by
  Input should be 'api' or 'manual' [type=literal_error, input_value='manual-rehydration-2026-08-06', input_type=str]
    For further information visit https://errors.pydantic.dev/2.13/v/literal_error
09:04:09 WARNING studio.ingest: rejeitado (licença): pixabay_127452.mp4 — registo de licença inválido: 2 validation errors for LicenseRecord
source
  Input should be 'pexels', 'pixabay', 'wikimedia', 'archive_org', 'youtube_cc' or 'owned' [type=literal_error, input_value='rehydration', input_type=str]
    For further information visit https://errors.pydantic.dev/2.13/v/literal_error
verified_by
  Input should be 'api' or 'manual' [type=literal_error, input_value='manual-rehydration-2026-08-06', input_type=str]
    For further information visit https://errors.pydantic.dev/2.13/v/literal_error
09:04:09 WARNING studio.ingest: rejeitado (licença): pixabay_127453.mp4 — registo de licença inválido: 2 validation errors for LicenseRecord
source
  Input should be 'pexels', 'pixabay', 'wikimedia', 'archive_org', 'youtube_cc' or 'owned' [type=literal_error, input_value='rehydration', input_type=str]
    For further information visit https://errors.pydantic.dev/2.13/v/literal_error
verified_by
  Input should be 'api' or 'manual' [type=literal_error, input_value='manual-rehydration-2026-08-06', input_type=str]
    For further information visit https://errors.pydantic.dev/2.13/v/literal_error
09:04:09 WARNING studio.ingest: rejeitado (licença): pixabay_127454.mp4 — registo de licença inválido: 2 validation errors for LicenseRecord
source
  Input should be 'pexels', 'pixabay', 'wikimedia', 'archive_org', 'youtube_cc' or 'owned' [type=literal_error, input_value='rehydration', input_type=str]
    For further information visit https://errors.pydantic.dev/2.13/v/literal_error
verified_by
  Input should be 'api' or 'manual' [type=literal_error, input_value='manual-rehydration-2026-08-06', input_type=str]
    For further information visit https://errors.pydantic.dev/2.13/v/literal_error
09:04:09 WARNING studio.ingest: rejeitado (licença): pixabay_127455.mp4 — registo de licença inválido: 2 validation errors for LicenseRecord
source
  Input should be 'pexels', 'pixabay', 'wikimedia', 'archive_org', 'youtube_cc' or 'owned' [type=literal_error, input_value='rehydration', input_type=str]
    For further information visit https://errors.pydantic.dev/2.13/v/literal_error
verified_by
  Input should be 'api' or 'manual' [type=literal_error, input_value='manual-rehydration-2026-08-06', input_type=str]
    For further information visit https://errors.pydantic.dev/2.13/v/literal_error
[ 690/1075] [rej]   0.0s  shots:+0  pixabay_127455.mp4 (ETA ~0min)
09:04:09 WARNING studio.ingest: rejeitado (licença): pixabay_127462.mp4 — registo de licença inválido: 2 validation errors for LicenseRecord
source
  Input should be 'pexels', 'pixabay', 'wikimedia', 'archive_org', 'youtube_cc' or 'owned' [type=literal_error, input_value='rehydration', input_type=str]
    For further information visit https://errors.pydantic.dev/2.13/v/literal_error
verified_by
  Input should be 'api' or 'manual' [type=literal_error, input_value='manual-rehydration-2026-08-06', input_type=str]
    For further information visit https://errors.pydantic.dev/2.13/v/literal_error
09:04:09 WARNING studio.ingest: rejeitado (licença): pixabay_128158.mp4 — registo de licença inválido: 2 validation errors for LicenseRecord
source
  Input should be 'pexels', 'pixabay', 'wikimedia', 'archive_org', 'youtube_cc' or 'owned' [type=literal_error, input_value='rehydration', input_type=str]
    For further information visit https://errors.pydantic.dev/2.13/v/literal_error
verified_by
  Input should be 'api' or 'manual' [type=literal_error, input_value='manual-rehydration-2026-08-06', input_type=str]
    For further information visit https://errors.pydantic.dev/2.13/v/literal_error
09:04:09 WARNING studio.ingest: rejeitado (licença): pixabay_128162.mp4 — registo de licença inválido: 2 validation errors for LicenseRecord
source
  Input should be 'pexels', 'pixabay', 'wikimedia', 'archive_org', 'youtube_cc' or 'owned' [type=literal_error, input_value='rehydration', input_type=str]
    For further information visit https://errors.pydantic.dev/2.13/v/literal_error
verified_by
  Input should be 'api' or 'manual' [type=literal_error, input_value='manual-rehydration-2026-08-06', input_type=str]
    For further information visit https://errors.pydantic.dev/2.13/v/literal_error
09:04:09 WARNING studio.ingest: rejeitado (licença): pixabay_128186.mp4 — registo de licença inválido: 2 validation errors for LicenseRecord
source
  Input should be 'pexels', 'pixabay', 'wikimedia', 'archive_org', 'youtube_cc' or 'owned' [type=literal_error, input_value='rehydration', input_type=str]
    For further information visit https://errors.pydantic.dev/2.13/v/literal_error
verified_by
  Input should be 'api' or 'manual' [type=literal_error, input_value='manual-rehydration-2026-08-06', input_type=str]
    For further information visit https://errors.pydantic.dev/2.13/v/literal_error
09:04:09 WARNING studio.ingest: rejeitado (licença): pixabay_1287.mp4 — registo de licença inválido: 2 validation errors for LicenseRecord
source
  Input should be 'pexels', 'pixabay', 'wikimedia', 'archive_org', 'youtube_cc' or 'owned' [type=literal_error, input_value='rehydration', input_type=str]
    For further information visit https://errors.pydantic.dev/2.13/v/literal_error
verified_by
  Input should be 'api' or 'manual' [type=literal_error, input_value='manual-rehydration-2026-08-06', input_type=str]
    For further information visit https://errors.pydantic.dev/2.13/v/literal_error
09:04:09 WARNING studio.ingest: rejeitado (licença): pixabay_12902.mp4 — registo de licença inválido: 2 validation errors for LicenseRecord
source
  Input should be 'pexels', 'pixabay', 'wikimedia', 'archive_org', 'youtube_cc' or 'owned' [type=literal_error, input_value='rehydration', input_type=str]
    For further information visit https://errors.pydantic.dev/2.13/v/literal_error
verified_by
  Input should be 'api' or 'manual' [type=literal_error, input_value='manual-rehydration-2026-08-06', input_type=str]
    For further information visit https://errors.pydantic.dev/2.13/v/literal_error
09:04:09 WARNING studio.ingest: rejeitado (licença): pixabay_129704.mp4 — registo de licença inválido: 2 validation errors for LicenseRecord
source
  Input should be 'pexels', 'pixabay', 'wikimedia', 'archive_org', 'youtube_cc' or 'owned' [type=literal_error, input_value='rehydration', input_type=str]
    For further information visit https://errors.pydantic.dev/2.13/v/literal_error
verified_by
  Input should be 'api' or 'manual' [type=literal_error, input_value='manual-rehydration-2026-08-06', input_type=str]
    For further information visit https://errors.pydantic.dev/2.13/v/literal_error
09:04:09 WARNING studio.ingest: rejeitado (licença): pixabay_130294.mp4 — registo de licença inválido: 2 validation errors for LicenseRecord
source
  Input should be 'pexels', 'pixabay', 'wikimedia', 'archive_org', 'youtube_cc' or 'owned' [type=literal_error, input_value='rehydration', input_type=str]
    For further information visit https://errors.pydantic.dev/2.13/v/literal_error
verified_by
  Input should be 'api' or 'manual' [type=literal_error, input_value='manual-rehydration-2026-08-06', input_type=str]
    For further information visit https://errors.pydantic.dev/2.13/v/literal_error
09:04:09 WARNING studio.ingest: rejeitado (licença): pixabay_1303.mp4 — registo de licença inválido: 2 validation errors for LicenseRecord
source
  Input should be 'pexels', 'pixabay', 'wikimedia', 'archive_org', 'youtube_cc' or 'owned' [type=literal_error, input_value='rehydration', input_type=str]
    For further information visit https://errors.pydantic.dev/2.13/v/literal_error
verified_by
  Input should be 'api' or 'manual' [type=literal_error, input_value='manual-rehydration-2026-08-06', input_type=str]
    For further information visit https://errors.pydantic.dev/2.13/v/literal_error
09:04:09 WARNING studio.ingest: rejeitado (licença): pixabay_131.mp4 — registo de licença inválido: 2 validation errors for LicenseRecord
source
  Input should be 'pexels', 'pixabay', 'wikimedia', 'archive_org', 'youtube_cc' or 'owned' [type=literal_error, input_value='rehydration', input_type=str]
    For further information visit https://errors.pydantic.dev/2.13/v/literal_error
verified_by
  Input should be 'api' or 'manual' [type=literal_error, input_value='manual-rehydration-2026-08-06', input_type=str]
    For further information visit https://errors.pydantic.dev/2.13/v/literal_error
[ 700/1075] [rej]   0.0s  shots:+0  pixabay_131.mp4 (ETA ~0min)
09:04:09 WARNING studio.ingest: rejeitado (licença): pixabay_13100.mp4 — registo de licença inválido: 2 validation errors for LicenseRecord
source
  Input should be 'pexels', 'pixabay', 'wikimedia', 'archive_org', 'youtube_cc' or 'owned' [type=literal_error, input_value='rehydration', input_type=str]
    For further information visit https://errors.pydantic.dev/2.13/v/literal_error
verified_by
  Input should be 'api' or 'manual' [type=literal_error, input_value='manual-rehydration-2026-08-06', input_type=str]
    For further information visit https://errors.pydantic.dev/2.13/v/literal_error
09:04:09 WARNING studio.ingest: rejeitado (licença): pixabay_131304.mp4 — registo de licença inválido: 2 validation errors for LicenseRecord
source
  Input should be 'pexels', 'pixabay', 'wikimedia', 'archive_org', 'youtube_cc' or 'owned' [type=literal_error, input_value='rehydration', input_type=str]
    For further information visit https://errors.pydantic.dev/2.13/v/literal_error
verified_by
  Input should be 'api' or 'manual' [type=literal_error, input_value='manual-rehydration-2026-08-06', input_type=str]
    For further information visit https://errors.pydantic.dev/2.13/v/literal_error
09:04:09 WARNING studio.ingest: rejeitado (licença): pixabay_132583.mp4 — registo de licença inválido: 2 validation errors for LicenseRecord
source
  Input should be 'pexels', 'pixabay', 'wikimedia', 'archive_org', 'youtube_cc' or 'owned' [type=literal_error, input_value='rehydration', input_type=str]
    For further information visit https://errors.pydantic.dev/2.13/v/literal_error
verified_by
  Input should be 'api' or 'manual' [type=literal_error, input_value='manual-rehydration-2026-08-06', input_type=str]
    For further information visit https://errors.pydantic.dev/2.13/v/literal_error
09:04:09 WARNING studio.ingest: rejeitado (licença): pixabay_132932.mp4 — registo de licença inválido: 2 validation errors for LicenseRecord
source
  Input should be 'pexels', 'pixabay', 'wikimedia', 'archive_org', 'youtube_cc' or 'owned' [type=literal_error, input_value='rehydration', input_type=str]
    For further information visit https://errors.pydantic.dev/2.13/v/literal_error
verified_by
  Input should be 'api' or 'manual' [type=literal_error, input_value='manual-rehydration-2026-08-06', input_type=str]
    For further information visit https://errors.pydantic.dev/2.13/v/literal_error
09:04:09 WARNING studio.ingest: rejeitado (licença): pixabay_13306.mp4 — registo de licença inválido: 2 validation errors for LicenseRecord
source
  Input should be 'pexels', 'pixabay', 'wikimedia', 'archive_org', 'youtube_cc' or 'owned' [type=literal_error, input_value='rehydration', input_type=str]
    For further information visit https://errors.pydantic.dev/2.13/v/literal_error
verified_by
  Input should be 'api' or 'manual' [type=literal_error, input_value='manual-rehydration-2026-08-06', input_type=str]
    For further information visit https://errors.pydantic.dev/2.13/v/literal_error
09:04:09 WARNING studio.ingest: rejeitado (licença): pixabay_133539.mp4 — registo de licença inválido: 2 validation errors for LicenseRecord
source
  Input should be 'pexels', 'pixabay', 'wikimedia', 'archive_org', 'youtube_cc' or 'owned' [type=literal_error, input_value='rehydration', input_type=str]
    For further information visit https://errors.pydantic.dev/2.13/v/literal_error
verified_by
  Input should be 'api' or 'manual' [type=literal_error, input_value='manual-rehydration-2026-08-06', input_type=str]
    For further information visit https://errors.pydantic.dev/2.13/v/literal_error
09:04:09 WARNING studio.ingest: rejeitado (licença): pixabay_134112.mp4 — registo de licença inválido: 2 validation errors for LicenseRecord
source
  Input should be 'pexels', 'pixabay', 'wikimedia', 'archive_org', 'youtube_cc' or 'owned' [type=literal_error, input_value='rehydration', input_type=str]
    For further information visit https://errors.pydantic.dev/2.13/v/literal_error
verified_by
  Input should be 'api' or 'manual' [type=literal_error, input_value='manual-rehydration-2026-08-06', input_type=str]
    For further information visit https://errors.pydantic.dev/2.13/v/literal_error
09:04:09 WARNING studio.ingest: rejeitado (licença): pixabay_134515.mp4 — registo de licença inválido: 2 validation errors for LicenseRecord
source
  Input should be 'pexels', 'pixabay', 'wikimedia', 'archive_org', 'youtube_cc' or 'owned' [type=literal_error, input_value='rehydration', input_type=str]
    For further information visit https://errors.pydantic.dev/2.13/v/literal_error
verified_by
  Input should be 'api' or 'manual' [type=literal_error, input_value='manual-rehydration-2026-08-06', input_type=str]
    For further information visit https://errors.pydantic.dev/2.13/v/literal_error
09:04:09 WARNING studio.ingest: rejeitado (licença): pixabay_135643.mp4 — registo de licença inválido: 2 validation errors for LicenseRecord
source
  Input should be 'pexels', 'pixabay', 'wikimedia', 'archive_org', 'youtube_cc' or 'owned' [type=literal_error, input_value='rehydration', input_type=str]
    For further information visit https://errors.pydantic.dev/2.13/v/literal_error
verified_by
  Input should be 'api' or 'manual' [type=literal_error, input_value='manual-rehydration-2026-08-06', input_type=str]
    For further information visit https://errors.pydantic.dev/2.13/v/literal_error
09:04:09 WARNING studio.ingest: rejeitado (licença): pixabay_135647.mp4 — registo de licença inválido: 2 validation errors for LicenseRecord
source
  Input should be 'pexels', 'pixabay', 'wikimedia', 'archive_org', 'youtube_cc' or 'owned' [type=literal_error, input_value='rehydration', input_type=str]
    For further information visit https://errors.pydantic.dev/2.13/v/literal_error
verified_by
  Input should be 'api' or 'manual' [type=literal_error, input_value='manual-rehydration-2026-08-06', input_type=str]
    For further information visit https://errors.pydantic.dev/2.13/v/literal_error
[ 710/1075] [rej]   0.0s  shots:+0  pixabay_135647.mp4 (ETA ~0min)
09:04:09 WARNING studio.ingest: rejeitado (licença): pixabay_135877.mp4 — registo de licença inválido: 2 validation errors for LicenseRecord
source
  Input should be 'pexels', 'pixabay', 'wikimedia', 'archive_org', 'youtube_cc' or 'owned' [type=literal_error, input_value='rehydration', input_type=str]
    For further information visit https://errors.pydantic.dev/2.13/v/literal_error
verified_by
  Input should be 'api' or 'manual' [type=literal_error, input_value='manual-rehydration-2026-08-06', input_type=str]
    For further information visit https://errors.pydantic.dev/2.13/v/literal_error
09:04:09 WARNING studio.ingest: rejeitado (licença): pixabay_137.mp4 — registo de licença inválido: 2 validation errors for LicenseRecord
source
  Input should be 'pexels', 'pixabay', 'wikimedia', 'archive_org', 'youtube_cc' or 'owned' [type=literal_error, input_value='rehydration', input_type=str]
    For further information visit https://errors.pydantic.dev/2.13/v/literal_error
verified_by
  Input should be 'api' or 'manual' [type=literal_error, input_value='manual-rehydration-2026-08-06', input_type=str]
    For further information visit https://errors.pydantic.dev/2.13/v/literal_error
09:04:09 WARNING studio.ingest: rejeitado (licença): pixabay_137036.mp4 — registo de licença inválido: 2 validation errors for LicenseRecord
source
  Input should be 'pexels', 'pixabay', 'wikimedia', 'archive_org', 'youtube_cc' or 'owned' [type=literal_error, input_value='rehydration', input_type=str]
    For further information visit https://errors.pydantic.dev/2.13/v/literal_error
verified_by
  Input should be 'api' or 'manual' [type=literal_error, input_value='manual-rehydration-2026-08-06', input_type=str]
    For further information visit https://errors.pydantic.dev/2.13/v/literal_error
09:04:09 WARNING studio.ingest: rejeitado (licença): pixabay_137113.mp4 — registo de licença inválido: 2 validation errors for LicenseRecord
source
  Input should be 'pexels', 'pixabay', 'wikimedia', 'archive_org', 'youtube_cc' or 'owned' [type=literal_error, input_value='rehydration', input_type=str]
    For further information visit https://errors.pydantic.dev/2.13/v/literal_error
verified_by
  Input should be 'api' or 'manual' [type=literal_error, input_value='manual-rehydration-2026-08-06', input_type=str]
    For further information visit https://errors.pydantic.dev/2.13/v/literal_error
09:04:09 WARNING studio.ingest: rejeitado (licença): pixabay_13772.mp4 — registo de licença inválido: 2 validation errors for LicenseRecord
source
  Input should be 'pexels', 'pixabay', 'wikimedia', 'archive_org', 'youtube_cc' or 'owned' [type=literal_error, input_value='rehydration', input_type=str]
    For further information visit https://errors.pydantic.dev/2.13/v/literal_error
verified_by
  Input should be 'api' or 'manual' [type=literal_error, input_value='manual-rehydration-2026-08-06', input_type=str]
    For further information visit https://errors.pydantic.dev/2.13/v/literal_error
09:04:09 WARNING studio.ingest: rejeitado (licença): pixabay_138115.mp4 — registo de licença inválido: 2 validation errors for LicenseRecord
source
  Input should be 'pexels', 'pixabay', 'wikimedia', 'archive_org', 'youtube_cc' or 'owned' [type=literal_error, input_value='rehydration', input_type=str]
    For further information visit https://errors.pydantic.dev/2.13/v/literal_error
verified_by
  Input should be 'api' or 'manual' [type=literal_error, input_value='manual-rehydration-2026-08-06', input_type=str]
    For further information visit https://errors.pydantic.dev/2.13/v/literal_error
09:04:09 WARNING studio.ingest: rejeitado (licença): pixabay_1383.mp4 — registo de licença inválido: 2 validation errors for LicenseRecord
source
  Input should be 'pexels', 'pixabay', 'wikimedia', 'archive_org', 'youtube_cc' or 'owned' [type=literal_error, input_value='rehydration', input_type=str]
    For further information visit https://errors.pydantic.dev/2.13/v/literal_error
verified_by
  Input should be 'api' or 'manual' [type=literal_error, input_value='manual-rehydration-2026-08-06', input_type=str]
    For further information visit https://errors.pydantic.dev/2.13/v/literal_error
09:04:09 WARNING studio.ingest: rejeitado (licença): pixabay_138931.mp4 — registo de licença inválido: 2 validation errors for LicenseRecord
source
  Input should be 'pexels', 'pixabay', 'wikimedia', 'archive_org', 'youtube_cc' or 'owned' [type=literal_error, input_value='rehydration', input_type=str]
    For further information visit https://errors.pydantic.dev/2.13/v/literal_error
verified_by
  Input should be 'api' or 'manual' [type=literal_error, input_value='manual-rehydration-2026-08-06', input_type=str]
    For further information visit https://errors.pydantic.dev/2.13/v/literal_error
09:04:09 WARNING studio.ingest: rejeitado (licença): pixabay_138959.mp4 — registo de licença inválido: 2 validation errors for LicenseRecord
source
  Input should be 'pexels', 'pixabay', 'wikimedia', 'archive_org', 'youtube_cc' or 'owned' [type=literal_error, input_value='rehydration', input_type=str]
    For further information visit https://errors.pydantic.dev/2.13/v/literal_error
verified_by
  Input should be 'api' or 'manual' [type=literal_error, input_value='manual-rehydration-2026-08-06', input_type=str]
    For further information visit https://errors.pydantic.dev/2.13/v/literal_error
09:04:09 WARNING studio.ingest: rejeitado (licença): pixabay_140322.mp4 — registo de licença inválido: 2 validation errors for LicenseRecord
source
  Input should be 'pexels', 'pixabay', 'wikimedia', 'archive_org', 'youtube_cc' or 'owned' [type=literal_error, input_value='rehydration', input_type=str]
    For further information visit https://errors.pydantic.dev/2.13/v/literal_error
verified_by
  Input should be 'api' or 'manual' [type=literal_error, input_value='manual-rehydration-2026-08-06', input_type=str]
    For further information visit https://errors.pydantic.dev/2.13/v/literal_error
[ 720/1075] [rej]   0.0s  shots:+0  pixabay_140322.mp4 (ETA ~0min)
09:04:09 WARNING studio.ingest: rejeitado (licença): pixabay_140346.mp4 — registo de licença inválido: 2 validation errors for LicenseRecord
source
  Input should be 'pexels', 'pixabay', 'wikimedia', 'archive_org', 'youtube_cc' or 'owned' [type=literal_error, input_value='rehydration', input_type=str]
    For further information visit https://errors.pydantic.dev/2.13/v/literal_error
verified_by
  Input should be 'api' or 'manual' [type=literal_error, input_value='manual-rehydration-2026-08-06', input_type=str]
    For further information visit https://errors.pydantic.dev/2.13/v/literal_error
09:04:09 WARNING studio.ingest: rejeitado (licença): pixabay_14088.mp4 — registo de licença inválido: 2 validation errors for LicenseRecord
source
  Input should be 'pexels', 'pixabay', 'wikimedia', 'archive_org', 'youtube_cc' or 'owned' [type=literal_error, input_value='rehydration', input_type=str]
    For further information visit https://errors.pydantic.dev/2.13/v/literal_error
verified_by
  Input should be 'api' or 'manual' [type=literal_error, input_value='manual-rehydration-2026-08-06', input_type=str]
    For further information visit https://errors.pydantic.dev/2.13/v/literal_error
09:04:09 WARNING studio.ingest: rejeitado (licença): pixabay_1409.mp4 — registo de licença inválido: 2 validation errors for LicenseRecord
source
  Input should be 'pexels', 'pixabay', 'wikimedia', 'archive_org', 'youtube_cc' or 'owned' [type=literal_error, input_value='rehydration', input_type=str]
    For further information visit https://errors.pydantic.dev/2.13/v/literal_error
verified_by
  Input should be 'api' or 'manual' [type=literal_error, input_value='manual-rehydration-2026-08-06', input_type=str]
    For further information visit https://errors.pydantic.dev/2.13/v/literal_error
09:04:09 WARNING studio.ingest: rejeitado (licença): pixabay_141046.mp4 — registo de licença inválido: 2 validation errors for LicenseRecord
source
  Input should be 'pexels', 'pixabay', 'wikimedia', 'archive_org', 'youtube_cc' or 'owned' [type=literal_error, input_value='rehydration', input_type=str]
    For further information visit https://errors.pydantic.dev/2.13/v/literal_error
verified_by
  Input should be 'api' or 'manual' [type=literal_error, input_value='manual-rehydration-2026-08-06', input_type=str]
    For further information visit https://errors.pydantic.dev/2.13/v/literal_error
09:04:09 WARNING studio.ingest: rejeitado (licença): pixabay_14127.mp4 — registo de licença inválido: 2 validation errors for LicenseRecord
source
  Input should be 'pexels', 'pixabay', 'wikimedia', 'archive_org', 'youtube_cc' or 'owned' [type=literal_error, input_value='rehydration', input_type=str]
    For further information visit https://errors.pydantic.dev/2.13/v/literal_error
verified_by
  Input should be 'api' or 'manual' [type=literal_error, input_value='manual-rehydration-2026-08-06', input_type=str]
    For further information visit https://errors.pydantic.dev/2.13/v/literal_error
09:04:09 WARNING studio.ingest: rejeitado (licença): pixabay_14133.mp4 — registo de licença inválido: 2 validation errors for LicenseRecord
source
  Input should be 'pexels', 'pixabay', 'wikimedia', 'archive_org', 'youtube_cc' or 'owned' [type=literal_error, input_value='rehydration', input_type=str]
    For further information visit https://errors.pydantic.dev/2.13/v/literal_error
verified_by
  Input should be 'api' or 'manual' [type=literal_error, input_value='manual-rehydration-2026-08-06', input_type=str]
    For further information visit https://errors.pydantic.dev/2.13/v/literal_error
09:04:09 WARNING studio.ingest: rejeitado (licença): pixabay_141354.mp4 — registo de licença inválido: 2 validation errors for LicenseRecord
source
  Input should be 'pexels', 'pixabay', 'wikimedia', 'archive_org', 'youtube_cc' or 'owned' [type=literal_error, input_value='rehydration', input_type=str]
    For further information visit https://errors.pydantic.dev/2.13/v/literal_error
verified_by
  Input should be 'api' or 'manual' [type=literal_error, input_value='manual-rehydration-2026-08-06', input_type=str]
    For further information visit https://errors.pydantic.dev/2.13/v/literal_error
09:04:09 WARNING studio.ingest: rejeitado (licença): pixabay_141519.mp4 — registo de licença inválido: 2 validation errors for LicenseRecord
source
  Input should be 'pexels', 'pixabay', 'wikimedia', 'archive_org', 'youtube_cc' or 'owned' [type=literal_error, input_value='rehydration', input_type=str]
    For further information visit https://errors.pydantic.dev/2.13/v/literal_error
verified_by
  Input should be 'api' or 'manual' [type=literal_error, input_value='manual-rehydration-2026-08-06', input_type=str]
    For further information visit https://errors.pydantic.dev/2.13/v/literal_error
09:04:09 WARNING studio.ingest: rejeitado (licença): pixabay_14205.mp4 — registo de licença inválido: 2 validation errors for LicenseRecord
source
  Input should be 'pexels', 'pixabay', 'wikimedia', 'archive_org', 'youtube_cc' or 'owned' [type=literal_error, input_value='rehydration', input_type=str]
    For further information visit https://errors.pydantic.dev/2.13/v/literal_error
verified_by
  Input should be 'api' or 'manual' [type=literal_error, input_value='manual-rehydration-2026-08-06', input_type=str]
    For further information visit https://errors.pydantic.dev/2.13/v/literal_error
09:04:09 WARNING studio.ingest: rejeitado (licença): pixabay_142219.mp4 — registo de licença inválido: 2 validation errors for LicenseRecord
source
  Input should be 'pexels', 'pixabay', 'wikimedia', 'archive_org', 'youtube_cc' or 'owned' [type=literal_error, input_value='rehydration', input_type=str]
    For further information visit https://errors.pydantic.dev/2.13/v/literal_error
verified_by
  Input should be 'api' or 'manual' [type=literal_error, input_value='manual-rehydration-2026-08-06', input_type=str]
    For further information visit https://errors.pydantic.dev/2.13/v/literal_error
[ 730/1075] [rej]   0.0s  shots:+0  pixabay_142219.mp4 (ETA ~0min)
09:04:09 WARNING studio.ingest: rejeitado (licença): pixabay_14239.mp4 — registo de licença inválido: 2 validation errors for LicenseRecord
source
  Input should be 'pexels', 'pixabay', 'wikimedia', 'archive_org', 'youtube_cc' or 'owned' [type=literal_error, input_value='rehydration', input_type=str]
    For further information visit https://errors.pydantic.dev/2.13/v/literal_error
verified_by
  Input should be 'api' or 'manual' [type=literal_error, input_value='manual-rehydration-2026-08-06', input_type=str]
    For further information visit https://errors.pydantic.dev/2.13/v/literal_error
09:04:09 WARNING studio.ingest: rejeitado (licença): pixabay_14264.mp4 — registo de licença inválido: 2 validation errors for LicenseRecord
source
  Input should be 'pexels', 'pixabay', 'wikimedia', 'archive_org', 'youtube_cc' or 'owned' [type=literal_error, input_value='rehydration', input_type=str]
    For further information visit https://errors.pydantic.dev/2.13/v/literal_error
verified_by
  Input should be 'api' or 'manual' [type=literal_error, input_value='manual-rehydration-2026-08-06', input_type=str]
    For further information visit https://errors.pydantic.dev/2.13/v/literal_error
09:04:09 WARNING studio.ingest: rejeitado (licença): pixabay_142754.mp4 — registo de licença inválido: 2 validation errors for LicenseRecord
source
  Input should be 'pexels', 'pixabay', 'wikimedia', 'archive_org', 'youtube_cc' or 'owned' [type=literal_error, input_value='rehydration', input_type=str]
    For further information visit https://errors.pydantic.dev/2.13/v/literal_error
verified_by
  Input should be 'api' or 'manual' [type=literal_error, input_value='manual-rehydration-2026-08-06', input_type=str]
    For further information visit https://errors.pydantic.dev/2.13/v/literal_error
09:04:09 WARNING studio.ingest: rejeitado (licença): pixabay_143020.mp4 — registo de licença inválido: 2 validation errors for LicenseRecord
source
  Input should be 'pexels', 'pixabay', 'wikimedia', 'archive_org', 'youtube_cc' or 'owned' [type=literal_error, input_value='rehydration', input_type=str]
    For further information visit https://errors.pydantic.dev/2.13/v/literal_error
verified_by
  Input should be 'api' or 'manual' [type=literal_error, input_value='manual-rehydration-2026-08-06', input_type=str]
    For further information visit https://errors.pydantic.dev/2.13/v/literal_error
09:04:09 WARNING studio.ingest: rejeitado (licença): pixabay_14419.mp4 — registo de licença inválido: 2 validation errors for LicenseRecord
source
  Input should be 'pexels', 'pixabay', 'wikimedia', 'archive_org', 'youtube_cc' or 'owned' [type=literal_error, input_value='rehydration', input_type=str]
    For further information visit https://errors.pydantic.dev/2.13/v/literal_error
verified_by
  Input should be 'api' or 'manual' [type=literal_error, input_value='manual-rehydration-2026-08-06', input_type=str]
    For further information visit https://errors.pydantic.dev/2.13/v/literal_error
09:04:09 WARNING studio.ingest: rejeitado (licença): pixabay_14476.mp4 — registo de licença inválido: 2 validation errors for LicenseRecord
source
  Input should be 'pexels', 'pixabay', 'wikimedia', 'archive_org', 'youtube_cc' or 'owned' [type=literal_error, input_value='rehydration', input_type=str]
    For further information visit https://errors.pydantic.dev/2.13/v/literal_error
verified_by
  Input should be 'api' or 'manual' [type=literal_error, input_value='manual-rehydration-2026-08-06', input_type=str]
    For further information visit https://errors.pydantic.dev/2.13/v/literal_error
09:04:09 WARNING studio.ingest: rejeitado (licença): pixabay_147235.mp4 — registo de licença inválido: 2 validation errors for LicenseRecord
source
  Input should be 'pexels', 'pixabay', 'wikimedia', 'archive_org', 'youtube_cc' or 'owned' [type=literal_error, input_value='rehydration', input_type=str]
    For further information visit https://errors.pydantic.dev/2.13/v/literal_error
verified_by
  Input should be 'api' or 'manual' [type=literal_error, input_value='manual-rehydration-2026-08-06', input_type=str]
    For further information visit https://errors.pydantic.dev/2.13/v/literal_error
09:04:09 WARNING studio.ingest: rejeitado (licença): pixabay_14840.mp4 — registo de licença inválido: 2 validation errors for LicenseRecord
source
  Input should be 'pexels', 'pixabay', 'wikimedia', 'archive_org', 'youtube_cc' or 'owned' [type=literal_error, input_value='rehydration', input_type=str]
    For further information visit https://errors.pydantic.dev/2.13/v/literal_error
verified_by
  Input should be 'api' or 'manual' [type=literal_error, input_value='manual-rehydration-2026-08-06', input_type=str]
    For further information visit https://errors.pydantic.dev/2.13/v/literal_error
09:04:09 WARNING studio.ingest: rejeitado (licença): pixabay_149980.mp4 — registo de licença inválido: 2 validation errors for LicenseRecord
source
  Input should be 'pexels', 'pixabay', 'wikimedia', 'archive_org', 'youtube_cc' or 'owned' [type=literal_error, input_value='rehydration', input_type=str]
    For further information visit https://errors.pydantic.dev/2.13/v/literal_error
verified_by
  Input should be 'api' or 'manual' [type=literal_error, input_value='manual-rehydration-2026-08-06', input_type=str]
    For further information visit https://errors.pydantic.dev/2.13/v/literal_error
09:04:09 WARNING studio.ingest: rejeitado (licença): pixabay_150333.mp4 — registo de licença inválido: 2 validation errors for LicenseRecord
source
  Input should be 'pexels', 'pixabay', 'wikimedia', 'archive_org', 'youtube_cc' or 'owned' [type=literal_error, input_value='rehydration', input_type=str]
    For further information visit https://errors.pydantic.dev/2.13/v/literal_error
verified_by
  Input should be 'api' or 'manual' [type=literal_error, input_value='manual-rehydration-2026-08-06', input_type=str]
    For further information visit https://errors.pydantic.dev/2.13/v/literal_error
[ 740/1075] [rej]   0.0s  shots:+0  pixabay_150333.mp4 (ETA ~0min)
09:04:09 WARNING studio.ingest: rejeitado (licença): pixabay_150343.mp4 — registo de licença inválido: 2 validation errors for LicenseRecord
source
  Input should be 'pexels', 'pixabay', 'wikimedia', 'archive_org', 'youtube_cc' or 'owned' [type=literal_error, input_value='rehydration', input_type=str]
    For further information visit https://errors.pydantic.dev/2.13/v/literal_error
verified_by
  Input should be 'api' or 'manual' [type=literal_error, input_value='manual-rehydration-2026-08-06', input_type=str]
    For further information visit https://errors.pydantic.dev/2.13/v/literal_error
09:04:09 WARNING studio.ingest: rejeitado (licença): pixabay_15055.mp4 — registo de licença inválido: 2 validation errors for LicenseRecord
source
  Input should be 'pexels', 'pixabay', 'wikimedia', 'archive_org', 'youtube_cc' or 'owned' [type=literal_error, input_value='rehydration', input_type=str]
    For further information visit https://errors.pydantic.dev/2.13/v/literal_error
verified_by
  Input should be 'api' or 'manual' [type=literal_error, input_value='manual-rehydration-2026-08-06', input_type=str]
    For further information visit https://errors.pydantic.dev/2.13/v/literal_error
09:04:09 WARNING studio.ingest: rejeitado (licença): pixabay_150922.mp4 — registo de licença inválido: 2 validation errors for LicenseRecord
source
  Input should be 'pexels', 'pixabay', 'wikimedia', 'archive_org', 'youtube_cc' or 'owned' [type=literal_error, input_value='rehydration', input_type=str]
    For further information visit https://errors.pydantic.dev/2.13/v/literal_error
verified_by
  Input should be 'api' or 'manual' [type=literal_error, input_value='manual-rehydration-2026-08-06', input_type=str]
    For further information visit https://errors.pydantic.dev/2.13/v/literal_error
09:04:09 WARNING studio.ingest: rejeitado (licença): pixabay_151217.mp4 — registo de licença inválido: 2 validation errors for LicenseRecord
source
  Input should be 'pexels', 'pixabay', 'wikimedia', 'archive_org', 'youtube_cc' or 'owned' [type=literal_error, input_value='rehydration', input_type=str]
    For further information visit https://errors.pydantic.dev/2.13/v/literal_error
verified_by
  Input should be 'api' or 'manual' [type=literal_error, input_value='manual-rehydration-2026-08-06', input_type=str]
    For further information visit https://errors.pydantic.dev/2.13/v/literal_error
09:04:09 WARNING studio.ingest: rejeitado (licença): pixabay_151218.mp4 — registo de licença inválido: 2 validation errors for LicenseRecord
source
  Input should be 'pexels', 'pixabay', 'wikimedia', 'archive_org', 'youtube_cc' or 'owned' [type=literal_error, input_value='rehydration', input_type=str]
    For further information visit https://errors.pydantic.dev/2.13/v/literal_error
verified_by
  Input should be 'api' or 'manual' [type=literal_error, input_value='manual-rehydration-2026-08-06', input_type=str]
    For further information visit https://errors.pydantic.dev/2.13/v/literal_error
09:04:09 WARNING studio.ingest: rejeitado (licença): pixabay_151267.mp4 — registo de licença inválido: 2 validation errors for LicenseRecord
source
  Input should be 'pexels', 'pixabay', 'wikimedia', 'archive_org', 'youtube_cc' or 'owned' [type=literal_error, input_value='rehydration', input_type=str]
    For further information visit https://errors.pydantic.dev/2.13/v/literal_error
verified_by
  Input should be 'api' or 'manual' [type=literal_error, input_value='manual-rehydration-2026-08-06', input_type=str]
    For further information visit https://errors.pydantic.dev/2.13/v/literal_error
09:04:09 WARNING studio.ingest: rejeitado (licença): pixabay_152203.mp4 — registo de licença inválido: 2 validation errors for LicenseRecord
source
  Input should be 'pexels', 'pixabay', 'wikimedia', 'archive_org', 'youtube_cc' or 'owned' [type=literal_error, input_value='rehydration', input_type=str]
    For further information visit https://errors.pydantic.dev/2.13/v/literal_error
verified_by
  Input should be 'api' or 'manual' [type=literal_error, input_value='manual-rehydration-2026-08-06', input_type=str]
    For further information visit https://errors.pydantic.dev/2.13/v/literal_error
09:04:09 WARNING studio.ingest: rejeitado (licença): pixabay_152798.mp4 — registo de licença inválido: 2 validation errors for LicenseRecord
source
  Input should be 'pexels', 'pixabay', 'wikimedia', 'archive_org', 'youtube_cc' or 'owned' [type=literal_error, input_value='rehydration', input_type=str]
    For further information visit https://errors.pydantic.dev/2.13/v/literal_error
verified_by
  Input should be 'api' or 'manual' [type=literal_error, input_value='manual-rehydration-2026-08-06', input_type=str]
    For further information visit https://errors.pydantic.dev/2.13/v/literal_error
09:04:09 WARNING studio.ingest: rejeitado (licença): pixabay_152830.mp4 — registo de licença inválido: 2 validation errors for LicenseRecord
source
  Input should be 'pexels', 'pixabay', 'wikimedia', 'archive_org', 'youtube_cc' or 'owned' [type=literal_error, input_value='rehydration', input_type=str]
    For further information visit https://errors.pydantic.dev/2.13/v/literal_error
verified_by
  Input should be 'api' or 'manual' [type=literal_error, input_value='manual-rehydration-2026-08-06', input_type=str]
    For further information visit https://errors.pydantic.dev/2.13/v/literal_error
09:04:09 WARNING studio.ingest: rejeitado (licença): pixabay_152831.mp4 — registo de licença inválido: 2 validation errors for LicenseRecord
source
  Input should be 'pexels', 'pixabay', 'wikimedia', 'archive_org', 'youtube_cc' or 'owned' [type=literal_error, input_value='rehydration', input_type=str]
    For further information visit https://errors.pydantic.dev/2.13/v/literal_error
verified_by
  Input should be 'api' or 'manual' [type=literal_error, input_value='manual-rehydration-2026-08-06', input_type=str]
    For further information visit https://errors.pydantic.dev/2.13/v/literal_error
[ 750/1075] [rej]   0.0s  shots:+0  pixabay_152831.mp4 (ETA ~0min)
09:04:09 WARNING studio.ingest: rejeitado (licença): pixabay_153456.mp4 — registo de licença inválido: 2 validation errors for LicenseRecord
source
  Input should be 'pexels', 'pixabay', 'wikimedia', 'archive_org', 'youtube_cc' or 'owned' [type=literal_error, input_value='rehydration', input_type=str]
    For further information visit https://errors.pydantic.dev/2.13/v/literal_error
verified_by
  Input should be 'api' or 'manual' [type=literal_error, input_value='manual-rehydration-2026-08-06', input_type=str]
    For further information visit https://errors.pydantic.dev/2.13/v/literal_error
09:04:09 WARNING studio.ingest: rejeitado (licença): pixabay_153817.mp4 — registo de licença inválido: 2 validation errors for LicenseRecord
source
  Input should be 'pexels', 'pixabay', 'wikimedia', 'archive_org', 'youtube_cc' or 'owned' [type=literal_error, input_value='rehydration', input_type=str]
    For further information visit https://errors.pydantic.dev/2.13/v/literal_error
verified_by
  Input should be 'api' or 'manual' [type=literal_error, input_value='manual-rehydration-2026-08-06', input_type=str]
    For further information visit https://errors.pydantic.dev/2.13/v/literal_error
09:04:09 WARNING studio.ingest: rejeitado (licença): pixabay_15421.mp4 — registo de licença inválido: 2 validation errors for LicenseRecord
source
  Input should be 'pexels', 'pixabay', 'wikimedia', 'archive_org', 'youtube_cc' or 'owned' [type=literal_error, input_value='rehydration', input_type=str]
    For further information visit https://errors.pydantic.dev/2.13/v/literal_error
verified_by
  Input should be 'api' or 'manual' [type=literal_error, input_value='manual-rehydration-2026-08-06', input_type=str]
    For further information visit https://errors.pydantic.dev/2.13/v/literal_error
09:04:09 WARNING studio.ingest: rejeitado (licença): pixabay_15614.mp4 — registo de licença inválido: 2 validation errors for LicenseRecord
source
  Input should be 'pexels', 'pixabay', 'wikimedia', 'archive_org', 'youtube_cc' or 'owned' [type=literal_error, input_value='rehydration', input_type=str]
    For further information visit https://errors.pydantic.dev/2.13/v/literal_error
verified_by
  Input should be 'api' or 'manual' [type=literal_error, input_value='manual-rehydration-2026-08-06', input_type=str]
    For further information visit https://errors.pydantic.dev/2.13/v/literal_error
09:04:09 WARNING studio.ingest: rejeitado (licença): pixabay_156221.mp4 — registo de licença inválido: 2 validation errors for LicenseRecord
source
  Input should be 'pexels', 'pixabay', 'wikimedia', 'archive_org', 'youtube_cc' or 'owned' [type=literal_error, input_value='rehydration', input_type=str]
    For further information visit https://errors.pydantic.dev/2.13/v/literal_error
verified_by
  Input should be 'api' or 'manual' [type=literal_error, input_value='manual-rehydration-2026-08-06', input_type=str]
    For further information visit https://errors.pydantic.dev/2.13/v/literal_error
09:04:09 WARNING studio.ingest: rejeitado (licença): pixabay_156373.mp4 — registo de licença inválido: 2 validation errors for LicenseRecord
source
  Input should be 'pexels', 'pixabay', 'wikimedia', 'archive_org', 'youtube_cc' or 'owned' [type=literal_error, input_value='rehydration', input_type=str]
    For further information visit https://errors.pydantic.dev/2.13/v/literal_error
verified_by
  Input should be 'api' or 'manual' [type=literal_error, input_value='manual-rehydration-2026-08-06', input_type=str]
    For further information visit https://errors.pydantic.dev/2.13/v/literal_error
09:04:09 WARNING studio.ingest: rejeitado (licença): pixabay_156471.mp4 — registo de licença inválido: 2 validation errors for LicenseRecord
source
  Input should be 'pexels', 'pixabay', 'wikimedia', 'archive_org', 'youtube_cc' or 'owned' [type=literal_error, input_value='rehydration', input_type=str]
    For further information visit https://errors.pydantic.dev/2.13/v/literal_error
verified_by
  Input should be 'api' or 'manual' [type=literal_error, input_value='manual-rehydration-2026-08-06', input_type=str]
    For further information visit https://errors.pydantic.dev/2.13/v/literal_error
09:04:09 WARNING studio.ingest: rejeitado (licença): pixabay_15983.mp4 — registo de licença inválido: 2 validation errors for LicenseRecord
source
  Input should be 'pexels', 'pixabay', 'wikimedia', 'archive_org', 'youtube_cc' or 'owned' [type=literal_error, input_value='rehydration', input_type=str]
    For further information visit https://errors.pydantic.dev/2.13/v/literal_error
verified_by
  Input should be 'api' or 'manual' [type=literal_error, input_value='manual-rehydration-2026-08-06', input_type=str]
    For further information visit https://errors.pydantic.dev/2.13/v/literal_error
09:04:09 WARNING studio.ingest: rejeitado (licença): pixabay_160.mp4 — registo de licença inválido: 2 validation errors for LicenseRecord
source
  Input should be 'pexels', 'pixabay', 'wikimedia', 'archive_org', 'youtube_cc' or 'owned' [type=literal_error, input_value='rehydration', input_type=str]
    For further information visit https://errors.pydantic.dev/2.13/v/literal_error
verified_by
  Input should be 'api' or 'manual' [type=literal_error, input_value='manual-rehydration-2026-08-06', input_type=str]
    For further information visit https://errors.pydantic.dev/2.13/v/literal_error
09:04:09 WARNING studio.ingest: rejeitado (licença): pixabay_160436.mp4 — registo de licença inválido: 2 validation errors for LicenseRecord
source
  Input should be 'pexels', 'pixabay', 'wikimedia', 'archive_org', 'youtube_cc' or 'owned' [type=literal_error, input_value='rehydration', input_type=str]
    For further information visit https://errors.pydantic.dev/2.13/v/literal_error
verified_by
  Input should be 'api' or 'manual' [type=literal_error, input_value='manual-rehydration-2026-08-06', input_type=str]
    For further information visit https://errors.pydantic.dev/2.13/v/literal_error
[ 760/1075] [rej]   0.0s  shots:+0  pixabay_160436.mp4 (ETA ~0min)
09:04:09 WARNING studio.ingest: rejeitado (licença): pixabay_160767.mp4 — registo de licença inválido: 2 validation errors for LicenseRecord
source
  Input should be 'pexels', 'pixabay', 'wikimedia', 'archive_org', 'youtube_cc' or 'owned' [type=literal_error, input_value='rehydration', input_type=str]
    For further information visit https://errors.pydantic.dev/2.13/v/literal_error
verified_by
  Input should be 'api' or 'manual' [type=literal_error, input_value='manual-rehydration-2026-08-06', input_type=str]
    For further information visit https://errors.pydantic.dev/2.13/v/literal_error
09:04:09 WARNING studio.ingest: rejeitado (licença): pixabay_161010.mp4 — registo de licença inválido: 2 validation errors for LicenseRecord
source
  Input should be 'pexels', 'pixabay', 'wikimedia', 'archive_org', 'youtube_cc' or 'owned' [type=literal_error, input_value='rehydration', input_type=str]
    For further information visit https://errors.pydantic.dev/2.13/v/literal_error
verified_by
  Input should be 'api' or 'manual' [type=literal_error, input_value='manual-rehydration-2026-08-06', input_type=str]
    For further information visit https://errors.pydantic.dev/2.13/v/literal_error
09:04:09 WARNING studio.ingest: rejeitado (licença): pixabay_16111.mp4 — registo de licença inválido: 2 validation errors for LicenseRecord
source
  Input should be 'pexels', 'pixabay', 'wikimedia', 'archive_org', 'youtube_cc' or 'owned' [type=literal_error, input_value='rehydration', input_type=str]
    For further information visit https://errors.pydantic.dev/2.13/v/literal_error
verified_by
  Input should be 'api' or 'manual' [type=literal_error, input_value='manual-rehydration-2026-08-06', input_type=str]
    For further information visit https://errors.pydantic.dev/2.13/v/literal_error
09:04:09 WARNING studio.ingest: rejeitado (licença): pixabay_16160.mp4 — registo de licença inválido: 2 validation errors for LicenseRecord
source
  Input should be 'pexels', 'pixabay', 'wikimedia', 'archive_org', 'youtube_cc' or 'owned' [type=literal_error, input_value='rehydration', input_type=str]
    For further information visit https://errors.pydantic.dev/2.13/v/literal_error
verified_by
  Input should be 'api' or 'manual' [type=literal_error, input_value='manual-rehydration-2026-08-06', input_type=str]
    For further information visit https://errors.pydantic.dev/2.13/v/literal_error
09:04:09 WARNING studio.ingest: rejeitado (licença): pixabay_1633.mp4 — registo de licença inválido: 2 validation errors for LicenseRecord
source
  Input should be 'pexels', 'pixabay', 'wikimedia', 'archive_org', 'youtube_cc' or 'owned' [type=literal_error, input_value='rehydration', input_type=str]
    For further information visit https://errors.pydantic.dev/2.13/v/literal_error
verified_by
  Input should be 'api' or 'manual' [type=literal_error, input_value='manual-rehydration-2026-08-06', input_type=str]
    For further information visit https://errors.pydantic.dev/2.13/v/literal_error
09:04:09 WARNING studio.ingest: rejeitado (licença): pixabay_1643.mp4 — registo de licença inválido: 2 validation errors for LicenseRecord
source
  Input should be 'pexels', 'pixabay', 'wikimedia', 'archive_org', 'youtube_cc' or 'owned' [type=literal_error, input_value='rehydration', input_type=str]
    For further information visit https://errors.pydantic.dev/2.13/v/literal_error
verified_by
  Input should be 'api' or 'manual' [type=literal_error, input_value='manual-rehydration-2026-08-06', input_type=str]
    For further information visit https://errors.pydantic.dev/2.13/v/literal_error
09:04:09 WARNING studio.ingest: rejeitado (licença): pixabay_1645.mp4 — registo de licença inválido: 2 validation errors for LicenseRecord
source
  Input should be 'pexels', 'pixabay', 'wikimedia', 'archive_org', 'youtube_cc' or 'owned' [type=literal_error, input_value='rehydration', input_type=str]
    For further information visit https://errors.pydantic.dev/2.13/v/literal_error
verified_by
  Input should be 'api' or 'manual' [type=literal_error, input_value='manual-rehydration-2026-08-06', input_type=str]
    For further information visit https://errors.pydantic.dev/2.13/v/literal_error
09:04:09 WARNING studio.ingest: rejeitado (licença): pixabay_166808.mp4 — registo de licença inválido: 2 validation errors for LicenseRecord
source
  Input should be 'pexels', 'pixabay', 'wikimedia', 'archive_org', 'youtube_cc' or 'owned' [type=literal_error, input_value='rehydration', input_type=str]
    For further information visit https://errors.pydantic.dev/2.13/v/literal_error
verified_by
  Input should be 'api' or 'manual' [type=literal_error, input_value='manual-rehydration-2026-08-06', input_type=str]
    For further information visit https://errors.pydantic.dev/2.13/v/literal_error
09:04:09 WARNING studio.ingest: rejeitado (licença): pixabay_167976.mp4 — registo de licença inválido: 2 validation errors for LicenseRecord
source
  Input should be 'pexels', 'pixabay', 'wikimedia', 'archive_org', 'youtube_cc' or 'owned' [type=literal_error, input_value='rehydration', input_type=str]
    For further information visit https://errors.pydantic.dev/2.13/v/literal_error
verified_by
  Input should be 'api' or 'manual' [type=literal_error, input_value='manual-rehydration-2026-08-06', input_type=str]
    For further information visit https://errors.pydantic.dev/2.13/v/literal_error
09:04:09 WARNING studio.ingest: rejeitado (licença): pixabay_168811.mp4 — registo de licença inválido: 2 validation errors for LicenseRecord
source
  Input should be 'pexels', 'pixabay', 'wikimedia', 'archive_org', 'youtube_cc' or 'owned' [type=literal_error, input_value='rehydration', input_type=str]
    For further information visit https://errors.pydantic.dev/2.13/v/literal_error
verified_by
  Input should be 'api' or 'manual' [type=literal_error, input_value='manual-rehydration-2026-08-06', input_type=str]
    For further information visit https://errors.pydantic.dev/2.13/v/literal_error
[ 770/1075] [rej]   0.0s  shots:+0  pixabay_168811.mp4 (ETA ~0min)
09:04:09 WARNING studio.ingest: rejeitado (licença): pixabay_170111.mp4 — registo de licença inválido: 2 validation errors for LicenseRecord
source
  Input should be 'pexels', 'pixabay', 'wikimedia', 'archive_org', 'youtube_cc' or 'owned' [type=literal_error, input_value='rehydration', input_type=str]
    For further information visit https://errors.pydantic.dev/2.13/v/literal_error
verified_by
  Input should be 'api' or 'manual' [type=literal_error, input_value='manual-rehydration-2026-08-06', input_type=str]
    For further information visit https://errors.pydantic.dev/2.13/v/literal_error
09:04:09 WARNING studio.ingest: rejeitado (licença): pixabay_170759.mp4 — registo de licença inválido: 2 validation errors for LicenseRecord
source
  Input should be 'pexels', 'pixabay', 'wikimedia', 'archive_org', 'youtube_cc' or 'owned' [type=literal_error, input_value='rehydration', input_type=str]
    For further information visit https://errors.pydantic.dev/2.13/v/literal_error
verified_by
  Input should be 'api' or 'manual' [type=literal_error, input_value='manual-rehydration-2026-08-06', input_type=str]
    For further information visit https://errors.pydantic.dev/2.13/v/literal_error
09:04:09 WARNING studio.ingest: rejeitado (licença): pixabay_17176.mp4 — registo de licença inválido: 2 validation errors for LicenseRecord
source
  Input should be 'pexels', 'pixabay', 'wikimedia', 'archive_org', 'youtube_cc' or 'owned' [type=literal_error, input_value='rehydration', input_type=str]
    For further information visit https://errors.pydantic.dev/2.13/v/literal_error
verified_by
  Input should be 'api' or 'manual' [type=literal_error, input_value='manual-rehydration-2026-08-06', input_type=str]
    For further information visit https://errors.pydantic.dev/2.13/v/literal_error
09:04:09 WARNING studio.ingest: rejeitado (licença): pixabay_172757.mp4 — registo de licença inválido: 2 validation errors for LicenseRecord
source
  Input should be 'pexels', 'pixabay', 'wikimedia', 'archive_org', 'youtube_cc' or 'owned' [type=literal_error, input_value='rehydration', input_type=str]
    For further information visit https://errors.pydantic.dev/2.13/v/literal_error
verified_by
  Input should be 'api' or 'manual' [type=literal_error, input_value='manual-rehydration-2026-08-06', input_type=str]
    For further information visit https://errors.pydantic.dev/2.13/v/literal_error
09:04:09 WARNING studio.ingest: rejeitado (licença): pixabay_17285.mp4 — registo de licença inválido: 2 validation errors for LicenseRecord
source
  Input should be 'pexels', 'pixabay', 'wikimedia', 'archive_org', 'youtube_cc' or 'owned' [type=literal_error, input_value='rehydration', input_type=str]
    For further information visit https://errors.pydantic.dev/2.13/v/literal_error
verified_by
  Input should be 'api' or 'manual' [type=literal_error, input_value='manual-rehydration-2026-08-06', input_type=str]
    For further information visit https://errors.pydantic.dev/2.13/v/literal_error
09:04:09 WARNING studio.ingest: rejeitado (licença): pixabay_173522.mp4 — registo de licença inválido: 2 validation errors for LicenseRecord
source
  Input should be 'pexels', 'pixabay', 'wikimedia', 'archive_org', 'youtube_cc' or 'owned' [type=literal_error, input_value='rehydration', input_type=str]
    For further information visit https://errors.pydantic.dev/2.13/v/literal_error
verified_by
  Input should be 'api' or 'manual' [type=literal_error, input_value='manual-rehydration-2026-08-06', input_type=str]
    For further information visit https://errors.pydantic.dev/2.13/v/literal_error
09:04:09 WARNING studio.ingest: rejeitado (licença): pixabay_173836.mp4 — registo de licença inválido: 2 validation errors for LicenseRecord
source
  Input should be 'pexels', 'pixabay', 'wikimedia', 'archive_org', 'youtube_cc' or 'owned' [type=literal_error, input_value='rehydration', input_type=str]
    For further information visit https://errors.pydantic.dev/2.13/v/literal_error
verified_by
  Input should be 'api' or 'manual' [type=literal_error, input_value='manual-rehydration-2026-08-06', input_type=str]
    For further information visit https://errors.pydantic.dev/2.13/v/literal_error
09:04:09 WARNING studio.ingest: rejeitado (licença): pixabay_174860.mp4 — registo de licença inválido: 2 validation errors for LicenseRecord
source
  Input should be 'pexels', 'pixabay', 'wikimedia', 'archive_org', 'youtube_cc' or 'owned' [type=literal_error, input_value='rehydration', input_type=str]
    For further information visit https://errors.pydantic.dev/2.13/v/literal_error
verified_by
  Input should be 'api' or 'manual' [type=literal_error, input_value='manual-rehydration-2026-08-06', input_type=str]
    For further information visit https://errors.pydantic.dev/2.13/v/literal_error
09:04:09 WARNING studio.ingest: rejeitado (licença): pixabay_175876.mp4 — registo de licença inválido: 2 validation errors for LicenseRecord
source
  Input should be 'pexels', 'pixabay', 'wikimedia', 'archive_org', 'youtube_cc' or 'owned' [type=literal_error, input_value='rehydration', input_type=str]
    For further information visit https://errors.pydantic.dev/2.13/v/literal_error
verified_by
  Input should be 'api' or 'manual' [type=literal_error, input_value='manual-rehydration-2026-08-06', input_type=str]
    For further information visit https://errors.pydantic.dev/2.13/v/literal_error
09:04:09 WARNING studio.ingest: rejeitado (licença): pixabay_176.mp4 — registo de licença inválido: 2 validation errors for LicenseRecord
source
  Input should be 'pexels', 'pixabay', 'wikimedia', 'archive_org', 'youtube_cc' or 'owned' [type=literal_error, input_value='rehydration', input_type=str]
    For further information visit https://errors.pydantic.dev/2.13/v/literal_error
verified_by
  Input should be 'api' or 'manual' [type=literal_error, input_value='manual-rehydration-2026-08-06', input_type=str]
    For further information visit https://errors.pydantic.dev/2.13/v/literal_error
[ 780/1075] [rej]   0.0s  shots:+0  pixabay_176.mp4 (ETA ~0min)
09:04:09 WARNING studio.ingest: rejeitado (licença): pixabay_177032.mp4 — registo de licença inválido: 2 validation errors for LicenseRecord
source
  Input should be 'pexels', 'pixabay', 'wikimedia', 'archive_org', 'youtube_cc' or 'owned' [type=literal_error, input_value='rehydration', input_type=str]
    For further information visit https://errors.pydantic.dev/2.13/v/literal_error
verified_by
  Input should be 'api' or 'manual' [type=literal_error, input_value='manual-rehydration-2026-08-06', input_type=str]
    For further information visit https://errors.pydantic.dev/2.13/v/literal_error
09:04:09 WARNING studio.ingest: rejeitado (licença): pixabay_177036.mp4 — registo de licença inválido: 2 validation errors for LicenseRecord
source
  Input should be 'pexels', 'pixabay', 'wikimedia', 'archive_org', 'youtube_cc' or 'owned' [type=literal_error, input_value='rehydration', input_type=str]
    For further information visit https://errors.pydantic.dev/2.13/v/literal_error
verified_by
  Input should be 'api' or 'manual' [type=literal_error, input_value='manual-rehydration-2026-08-06', input_type=str]
    For further information visit https://errors.pydantic.dev/2.13/v/literal_error
09:04:09 WARNING studio.ingest: rejeitado (licença): pixabay_178427.mp4 — registo de licença inválido: 2 validation errors for LicenseRecord
source
  Input should be 'pexels', 'pixabay', 'wikimedia', 'archive_org', 'youtube_cc' or 'owned' [type=literal_error, input_value='rehydration', input_type=str]
    For further information visit https://errors.pydantic.dev/2.13/v/literal_error
verified_by
  Input should be 'api' or 'manual' [type=literal_error, input_value='manual-rehydration-2026-08-06', input_type=str]
    For further information visit https://errors.pydantic.dev/2.13/v/literal_error
09:04:09 WARNING studio.ingest: rejeitado (licença): pixabay_17869.mp4 — registo de licença inválido: 2 validation errors for LicenseRecord
source
  Input should be 'pexels', 'pixabay', 'wikimedia', 'archive_org', 'youtube_cc' or 'owned' [type=literal_error, input_value='rehydration', input_type=str]
    For further information visit https://errors.pydantic.dev/2.13/v/literal_error
verified_by
  Input should be 'api' or 'manual' [type=literal_error, input_value='manual-rehydration-2026-08-06', input_type=str]
    For further information visit https://errors.pydantic.dev/2.13/v/literal_error
09:04:09 WARNING studio.ingest: rejeitado (licença): pixabay_179950.mp4 — registo de licença inválido: 2 validation errors for LicenseRecord
source
  Input should be 'pexels', 'pixabay', 'wikimedia', 'archive_org', 'youtube_cc' or 'owned' [type=literal_error, input_value='rehydration', input_type=str]
    For further information visit https://errors.pydantic.dev/2.13/v/literal_error
verified_by
  Input should be 'api' or 'manual' [type=literal_error, input_value='manual-rehydration-2026-08-06', input_type=str]
    For further information visit https://errors.pydantic.dev/2.13/v/literal_error
09:04:09 WARNING studio.ingest: rejeitado (licença): pixabay_18089.mp4 — registo de licença inválido: 2 validation errors for LicenseRecord
source
  Input should be 'pexels', 'pixabay', 'wikimedia', 'archive_org', 'youtube_cc' or 'owned' [type=literal_error, input_value='rehydration', input_type=str]
    For further information visit https://errors.pydantic.dev/2.13/v/literal_error
verified_by
  Input should be 'api' or 'manual' [type=literal_error, input_value='manual-rehydration-2026-08-06', input_type=str]
    For further information visit https://errors.pydantic.dev/2.13/v/literal_error
09:04:09 WARNING studio.ingest: rejeitado (licença): pixabay_18091.mp4 — registo de licença inválido: 2 validation errors for LicenseRecord
source
  Input should be 'pexels', 'pixabay', 'wikimedia', 'archive_org', 'youtube_cc' or 'owned' [type=literal_error, input_value='rehydration', input_type=str]
    For further information visit https://errors.pydantic.dev/2.13/v/literal_error
verified_by
  Input should be 'api' or 'manual' [type=literal_error, input_value='manual-rehydration-2026-08-06', input_type=str]
    For further information visit https://errors.pydantic.dev/2.13/v/literal_error
09:04:09 WARNING studio.ingest: rejeitado (licença): pixabay_181376.mp4 — registo de licença inválido: 2 validation errors for LicenseRecord
source
  Input should be 'pexels', 'pixabay', 'wikimedia', 'archive_org', 'youtube_cc' or 'owned' [type=literal_error, input_value='rehydration', input_type=str]
    For further information visit https://errors.pydantic.dev/2.13/v/literal_error
verified_by
  Input should be 'api' or 'manual' [type=literal_error, input_value='manual-rehydration-2026-08-06', input_type=str]
    For further information visit https://errors.pydantic.dev/2.13/v/literal_error
09:04:09 WARNING studio.ingest: rejeitado (licença): pixabay_182082.mp4 — registo de licença inválido: 2 validation errors for LicenseRecord
source
  Input should be 'pexels', 'pixabay', 'wikimedia', 'archive_org', 'youtube_cc' or 'owned' [type=literal_error, input_value='rehydration', input_type=str]
    For further information visit https://errors.pydantic.dev/2.13/v/literal_error
verified_by
  Input should be 'api' or 'manual' [type=literal_error, input_value='manual-rehydration-2026-08-06', input_type=str]
    For further information visit https://errors.pydantic.dev/2.13/v/literal_error
09:04:09 WARNING studio.ingest: rejeitado (licença): pixabay_1823.mp4 — registo de licença inválido: 2 validation errors for LicenseRecord
source
  Input should be 'pexels', 'pixabay', 'wikimedia', 'archive_org', 'youtube_cc' or 'owned' [type=literal_error, input_value='rehydration', input_type=str]
    For further information visit https://errors.pydantic.dev/2.13/v/literal_error
verified_by
  Input should be 'api' or 'manual' [type=literal_error, input_value='manual-rehydration-2026-08-06', input_type=str]
    For further information visit https://errors.pydantic.dev/2.13/v/literal_error
[ 790/1075] [rej]   0.0s  shots:+0  pixabay_1823.mp4 (ETA ~0min)
09:04:09 WARNING studio.ingest: rejeitado (licença): pixabay_183136.mp4 — registo de licença inválido: 2 validation errors for LicenseRecord
source
  Input should be 'pexels', 'pixabay', 'wikimedia', 'archive_org', 'youtube_cc' or 'owned' [type=literal_error, input_value='rehydration', input_type=str]
    For further information visit https://errors.pydantic.dev/2.13/v/literal_error
verified_by
  Input should be 'api' or 'manual' [type=literal_error, input_value='manual-rehydration-2026-08-06', input_type=str]
    For further information visit https://errors.pydantic.dev/2.13/v/literal_error
09:04:09 WARNING studio.ingest: rejeitado (licença): pixabay_18390.mp4 — registo de licença inválido: 2 validation errors for LicenseRecord
source
  Input should be 'pexels', 'pixabay', 'wikimedia', 'archive_org', 'youtube_cc' or 'owned' [type=literal_error, input_value='rehydration', input_type=str]
    For further information visit https://errors.pydantic.dev/2.13/v/literal_error
verified_by
  Input should be 'api' or 'manual' [type=literal_error, input_value='manual-rehydration-2026-08-06', input_type=str]
    For further information visit https://errors.pydantic.dev/2.13/v/literal_error
09:04:09 WARNING studio.ingest: rejeitado (licença): pixabay_18392.mp4 — registo de licença inválido: 2 validation errors for LicenseRecord
source
  Input should be 'pexels', 'pixabay', 'wikimedia', 'archive_org', 'youtube_cc' or 'owned' [type=literal_error, input_value='rehydration', input_type=str]
    For further information visit https://errors.pydantic.dev/2.13/v/literal_error
verified_by
  Input should be 'api' or 'manual' [type=literal_error, input_value='manual-rehydration-2026-08-06', input_type=str]
    For further information visit https://errors.pydantic.dev/2.13/v/literal_error
09:04:09 WARNING studio.ingest: rejeitado (licença): pixabay_184480.mp4 — registo de licença inválido: 2 validation errors for LicenseRecord
source
  Input should be 'pexels', 'pixabay', 'wikimedia', 'archive_org', 'youtube_cc' or 'owned' [type=literal_error, input_value='rehydration', input_type=str]
    For further information visit https://errors.pydantic.dev/2.13/v/literal_error
verified_by
  Input should be 'api' or 'manual' [type=literal_error, input_value='manual-rehydration-2026-08-06', input_type=str]
    For further information visit https://errors.pydantic.dev/2.13/v/literal_error
09:04:09 WARNING studio.ingest: rejeitado (licença): pixabay_184972.mp4 — registo de licença inválido: 2 validation errors for LicenseRecord
source
  Input should be 'pexels', 'pixabay', 'wikimedia', 'archive_org', 'youtube_cc' or 'owned' [type=literal_error, input_value='rehydration', input_type=str]
    For further information visit https://errors.pydantic.dev/2.13/v/literal_error
verified_by
  Input should be 'api' or 'manual' [type=literal_error, input_value='manual-rehydration-2026-08-06', input_type=str]
    For further information visit https://errors.pydantic.dev/2.13/v/literal_error
09:04:09 WARNING studio.ingest: rejeitado (licença): pixabay_186026.mp4 — registo de licença inválido: 2 validation errors for LicenseRecord
source
  Input should be 'pexels', 'pixabay', 'wikimedia', 'archive_org', 'youtube_cc' or 'owned' [type=literal_error, input_value='rehydration', input_type=str]
    For further information visit https://errors.pydantic.dev/2.13/v/literal_error
verified_by
  Input should be 'api' or 'manual' [type=literal_error, input_value='manual-rehydration-2026-08-06', input_type=str]
    For further information visit https://errors.pydantic.dev/2.13/v/literal_error
09:04:09 WARNING studio.ingest: rejeitado (licença): pixabay_186115.mp4 — registo de licença inválido: 2 validation errors for LicenseRecord
source
  Input should be 'pexels', 'pixabay', 'wikimedia', 'archive_org', 'youtube_cc' or 'owned' [type=literal_error, input_value='rehydration', input_type=str]
    For further information visit https://errors.pydantic.dev/2.13/v/literal_error
verified_by
  Input should be 'api' or 'manual' [type=literal_error, input_value='manual-rehydration-2026-08-06', input_type=str]
    For further information visit https://errors.pydantic.dev/2.13/v/literal_error
09:04:09 WARNING studio.ingest: rejeitado (licença): pixabay_187401.mp4 — registo de licença inválido: 2 validation errors for LicenseRecord
source
  Input should be 'pexels', 'pixabay', 'wikimedia', 'archive_org', 'youtube_cc' or 'owned' [type=literal_error, input_value='rehydration', input_type=str]
    For further information visit https://errors.pydantic.dev/2.13/v/literal_error
verified_by
  Input should be 'api' or 'manual' [type=literal_error, input_value='manual-rehydration-2026-08-06', input_type=str]
    For further information visit https://errors.pydantic.dev/2.13/v/literal_error
09:04:09 WARNING studio.ingest: rejeitado (licença): pixabay_187403.mp4 — registo de licença inválido: 2 validation errors for LicenseRecord
source
  Input should be 'pexels', 'pixabay', 'wikimedia', 'archive_org', 'youtube_cc' or 'owned' [type=literal_error, input_value='rehydration', input_type=str]
    For further information visit https://errors.pydantic.dev/2.13/v/literal_error
verified_by
  Input should be 'api' or 'manual' [type=literal_error, input_value='manual-rehydration-2026-08-06', input_type=str]
    For further information visit https://errors.pydantic.dev/2.13/v/literal_error
09:04:09 WARNING studio.ingest: rejeitado (licença): pixabay_187422.mp4 — registo de licença inválido: 2 validation errors for LicenseRecord
source
  Input should be 'pexels', 'pixabay', 'wikimedia', 'archive_org', 'youtube_cc' or 'owned' [type=literal_error, input_value='rehydration', input_type=str]
    For further information visit https://errors.pydantic.dev/2.13/v/literal_error
verified_by
  Input should be 'api' or 'manual' [type=literal_error, input_value='manual-rehydration-2026-08-06', input_type=str]
    For further information visit https://errors.pydantic.dev/2.13/v/literal_error
[ 800/1075] [rej]   0.0s  shots:+0  pixabay_187422.mp4 (ETA ~0min)
09:04:09 WARNING studio.ingest: rejeitado (licença): pixabay_187863.mp4 — registo de licença inválido: 2 validation errors for LicenseRecord
source
  Input should be 'pexels', 'pixabay', 'wikimedia', 'archive_org', 'youtube_cc' or 'owned' [type=literal_error, input_value='rehydration', input_type=str]
    For further information visit https://errors.pydantic.dev/2.13/v/literal_error
verified_by
  Input should be 'api' or 'manual' [type=literal_error, input_value='manual-rehydration-2026-08-06', input_type=str]
    For further information visit https://errors.pydantic.dev/2.13/v/literal_error
09:04:09 WARNING studio.ingest: rejeitado (licença): pixabay_187864.mp4 — registo de licença inválido: 2 validation errors for LicenseRecord
source
  Input should be 'pexels', 'pixabay', 'wikimedia', 'archive_org', 'youtube_cc' or 'owned' [type=literal_error, input_value='rehydration', input_type=str]
    For further information visit https://errors.pydantic.dev/2.13/v/literal_error
verified_by
  Input should be 'api' or 'manual' [type=literal_error, input_value='manual-rehydration-2026-08-06', input_type=str]
    For further information visit https://errors.pydantic.dev/2.13/v/literal_error
09:04:09 WARNING studio.ingest: rejeitado (licença): pixabay_188057.mp4 — registo de licença inválido: 2 validation errors for LicenseRecord
source
  Input should be 'pexels', 'pixabay', 'wikimedia', 'archive_org', 'youtube_cc' or 'owned' [type=literal_error, input_value='rehydration', input_type=str]
    For further information visit https://errors.pydantic.dev/2.13/v/literal_error
verified_by
  Input should be 'api' or 'manual' [type=literal_error, input_value='manual-rehydration-2026-08-06', input_type=str]
    For further information visit https://errors.pydantic.dev/2.13/v/literal_error
09:04:09 WARNING studio.ingest: rejeitado (licença): pixabay_18818.mp4 — registo de licença inválido: 2 validation errors for LicenseRecord
source
  Input should be 'pexels', 'pixabay', 'wikimedia', 'archive_org', 'youtube_cc' or 'owned' [type=literal_error, input_value='rehydration', input_type=str]
    For further information visit https://errors.pydantic.dev/2.13/v/literal_error
verified_by
  Input should be 'api' or 'manual' [type=literal_error, input_value='manual-rehydration-2026-08-06', input_type=str]
    For further information visit https://errors.pydantic.dev/2.13/v/literal_error
09:04:09 WARNING studio.ingest: rejeitado (licença): pixabay_1890.mp4 — registo de licença inválido: 2 validation errors for LicenseRecord
source
  Input should be 'pexels', 'pixabay', 'wikimedia', 'archive_org', 'youtube_cc' or 'owned' [type=literal_error, input_value='rehydration', input_type=str]
    For further information visit https://errors.pydantic.dev/2.13/v/literal_error
verified_by
  Input should be 'api' or 'manual' [type=literal_error, input_value='manual-rehydration-2026-08-06', input_type=str]
    For further information visit https://errors.pydantic.dev/2.13/v/literal_error
09:04:09 WARNING studio.ingest: rejeitado (licença): pixabay_189018.mp4 — registo de licença inválido: 2 validation errors for LicenseRecord
source
  Input should be 'pexels', 'pixabay', 'wikimedia', 'archive_org', 'youtube_cc' or 'owned' [type=literal_error, input_value='rehydration', input_type=str]
    For further information visit https://errors.pydantic.dev/2.13/v/literal_error
verified_by
  Input should be 'api' or 'manual' [type=literal_error, input_value='manual-rehydration-2026-08-06', input_type=str]
    For further information visit https://errors.pydantic.dev/2.13/v/literal_error
09:04:09 WARNING studio.ingest: rejeitado (licença): pixabay_189457.mp4 — registo de licença inválido: 2 validation errors for LicenseRecord
source
  Input should be 'pexels', 'pixabay', 'wikimedia', 'archive_org', 'youtube_cc' or 'owned' [type=literal_error, input_value='rehydration', input_type=str]
    For further information visit https://errors.pydantic.dev/2.13/v/literal_error
verified_by
  Input should be 'api' or 'manual' [type=literal_error, input_value='manual-rehydration-2026-08-06', input_type=str]
    For further information visit https://errors.pydantic.dev/2.13/v/literal_error
09:04:09 WARNING studio.ingest: rejeitado (licença): pixabay_190332.mp4 — registo de licença inválido: 2 validation errors for LicenseRecord
source
  Input should be 'pexels', 'pixabay', 'wikimedia', 'archive_org', 'youtube_cc' or 'owned' [type=literal_error, input_value='rehydration', input_type=str]
    For further information visit https://errors.pydantic.dev/2.13/v/literal_error
verified_by
  Input should be 'api' or 'manual' [type=literal_error, input_value='manual-rehydration-2026-08-06', input_type=str]
    For further information visit https://errors.pydantic.dev/2.13/v/literal_error
09:04:09 WARNING studio.ingest: rejeitado (licença): pixabay_191429.mp4 — registo de licença inválido: 2 validation errors for LicenseRecord
source
  Input should be 'pexels', 'pixabay', 'wikimedia', 'archive_org', 'youtube_cc' or 'owned' [type=literal_error, input_value='rehydration', input_type=str]
    For further information visit https://errors.pydantic.dev/2.13/v/literal_error
verified_by
  Input should be 'api' or 'manual' [type=literal_error, input_value='manual-rehydration-2026-08-06', input_type=str]
    For further information visit https://errors.pydantic.dev/2.13/v/literal_error
09:04:09 WARNING studio.ingest: rejeitado (licença): pixabay_191588.mp4 — registo de licença inválido: 2 validation errors for LicenseRecord
source
  Input should be 'pexels', 'pixabay', 'wikimedia', 'archive_org', 'youtube_cc' or 'owned' [type=literal_error, input_value='rehydration', input_type=str]
    For further information visit https://errors.pydantic.dev/2.13/v/literal_error
verified_by
  Input should be 'api' or 'manual' [type=literal_error, input_value='manual-rehydration-2026-08-06', input_type=str]
    For further information visit https://errors.pydantic.dev/2.13/v/literal_error
[ 810/1075] [rej]   0.0s  shots:+0  pixabay_191588.mp4 (ETA ~0min)
09:04:09 WARNING studio.ingest: rejeitado (licença): pixabay_191724.mp4 — registo de licença inválido: 2 validation errors for LicenseRecord
source
  Input should be 'pexels', 'pixabay', 'wikimedia', 'archive_org', 'youtube_cc' or 'owned' [type=literal_error, input_value='rehydration', input_type=str]
    For further information visit https://errors.pydantic.dev/2.13/v/literal_error
verified_by
  Input should be 'api' or 'manual' [type=literal_error, input_value='manual-rehydration-2026-08-06', input_type=str]
    For further information visit https://errors.pydantic.dev/2.13/v/literal_error
09:04:09 WARNING studio.ingest: rejeitado (licença): pixabay_19627.mp4 — registo de licença inválido: 2 validation errors for LicenseRecord
source
  Input should be 'pexels', 'pixabay', 'wikimedia', 'archive_org', 'youtube_cc' or 'owned' [type=literal_error, input_value='rehydration', input_type=str]
    For further information visit https://errors.pydantic.dev/2.13/v/literal_error
verified_by
  Input should be 'api' or 'manual' [type=literal_error, input_value='manual-rehydration-2026-08-06', input_type=str]
    For further information visit https://errors.pydantic.dev/2.13/v/literal_error
09:04:09 WARNING studio.ingest: rejeitado (licença): pixabay_197205.mp4 — registo de licença inválido: 2 validation errors for LicenseRecord
source
  Input should be 'pexels', 'pixabay', 'wikimedia', 'archive_org', 'youtube_cc' or 'owned' [type=literal_error, input_value='rehydration', input_type=str]
    For further information visit https://errors.pydantic.dev/2.13/v/literal_error
verified_by
  Input should be 'api' or 'manual' [type=literal_error, input_value='manual-rehydration-2026-08-06', input_type=str]
    For further information visit https://errors.pydantic.dev/2.13/v/literal_error
09:04:09 WARNING studio.ingest: rejeitado (licença): pixabay_197564.mp4 — registo de licença inválido: 2 validation errors for LicenseRecord
source
  Input should be 'pexels', 'pixabay', 'wikimedia', 'archive_org', 'youtube_cc' or 'owned' [type=literal_error, input_value='rehydration', input_type=str]
    For further information visit https://errors.pydantic.dev/2.13/v/literal_error
verified_by
  Input should be 'api' or 'manual' [type=literal_error, input_value='manual-rehydration-2026-08-06', input_type=str]
    For further information visit https://errors.pydantic.dev/2.13/v/literal_error
09:04:09 WARNING studio.ingest: rejeitado (licença): pixabay_197946.mp4 — registo de licença inválido: 2 validation errors for LicenseRecord
source
  Input should be 'pexels', 'pixabay', 'wikimedia', 'archive_org', 'youtube_cc' or 'owned' [type=literal_error, input_value='rehydration', input_type=str]
    For further information visit https://errors.pydantic.dev/2.13/v/literal_error
verified_by
  Input should be 'api' or 'manual' [type=literal_error, input_value='manual-rehydration-2026-08-06', input_type=str]
    For further information visit https://errors.pydantic.dev/2.13/v/literal_error
09:04:09 WARNING studio.ingest: rejeitado (licença): pixabay_197970.mp4 — registo de licença inválido: 2 validation errors for LicenseRecord
source
  Input should be 'pexels', 'pixabay', 'wikimedia', 'archive_org', 'youtube_cc' or 'owned' [type=literal_error, input_value='rehydration', input_type=str]
    For further information visit https://errors.pydantic.dev/2.13/v/literal_error
verified_by
  Input should be 'api' or 'manual' [type=literal_error, input_value='manual-rehydration-2026-08-06', input_type=str]
    For further information visit https://errors.pydantic.dev/2.13/v/literal_error
09:04:09 WARNING studio.ingest: rejeitado (licença): pixabay_198979.mp4 — registo de licença inválido: 2 validation errors for LicenseRecord
source
  Input should be 'pexels', 'pixabay', 'wikimedia', 'archive_org', 'youtube_cc' or 'owned' [type=literal_error, input_value='rehydration', input_type=str]
    For further information visit https://errors.pydantic.dev/2.13/v/literal_error
verified_by
  Input should be 'api' or 'manual' [type=literal_error, input_value='manual-rehydration-2026-08-06', input_type=str]
    For further information visit https://errors.pydantic.dev/2.13/v/literal_error
09:04:09 WARNING studio.ingest: rejeitado (licença): pixabay_199094.mp4 — registo de licença inválido: 2 validation errors for LicenseRecord
source
  Input should be 'pexels', 'pixabay', 'wikimedia', 'archive_org', 'youtube_cc' or 'owned' [type=literal_error, input_value='rehydration', input_type=str]
    For further information visit https://errors.pydantic.dev/2.13/v/literal_error
verified_by
  Input should be 'api' or 'manual' [type=literal_error, input_value='manual-rehydration-2026-08-06', input_type=str]
    For further information visit https://errors.pydantic.dev/2.13/v/literal_error
09:04:09 WARNING studio.ingest: rejeitado (licença): pixabay_199127.mp4 — registo de licença inválido: 2 validation errors for LicenseRecord
source
  Input should be 'pexels', 'pixabay', 'wikimedia', 'archive_org', 'youtube_cc' or 'owned' [type=literal_error, input_value='rehydration', input_type=str]
    For further information visit https://errors.pydantic.dev/2.13/v/literal_error
verified_by
  Input should be 'api' or 'manual' [type=literal_error, input_value='manual-rehydration-2026-08-06', input_type=str]
    For further information visit https://errors.pydantic.dev/2.13/v/literal_error
09:04:09 WARNING studio.ingest: rejeitado (licença): pixabay_199545.mp4 — registo de licença inválido: 2 validation errors for LicenseRecord
source
  Input should be 'pexels', 'pixabay', 'wikimedia', 'archive_org', 'youtube_cc' or 'owned' [type=literal_error, input_value='rehydration', input_type=str]
    For further information visit https://errors.pydantic.dev/2.13/v/literal_error
verified_by
  Input should be 'api' or 'manual' [type=literal_error, input_value='manual-rehydration-2026-08-06', input_type=str]
    For further information visit https://errors.pydantic.dev/2.13/v/literal_error
[ 820/1075] [rej]   0.0s  shots:+0  pixabay_199545.mp4 (ETA ~0min)
09:04:09 WARNING studio.ingest: rejeitado (licença): pixabay_199788.mp4 — registo de licença inválido: 2 validation errors for LicenseRecord
source
  Input should be 'pexels', 'pixabay', 'wikimedia', 'archive_org', 'youtube_cc' or 'owned' [type=literal_error, input_value='rehydration', input_type=str]
    For further information visit https://errors.pydantic.dev/2.13/v/literal_error
verified_by
  Input should be 'api' or 'manual' [type=literal_error, input_value='manual-rehydration-2026-08-06', input_type=str]
    For further information visit https://errors.pydantic.dev/2.13/v/literal_error
09:04:09 WARNING studio.ingest: rejeitado (licença): pixabay_200933.mp4 — registo de licença inválido: 2 validation errors for LicenseRecord
source
  Input should be 'pexels', 'pixabay', 'wikimedia', 'archive_org', 'youtube_cc' or 'owned' [type=literal_error, input_value='rehydration', input_type=str]
    For further information visit https://errors.pydantic.dev/2.13/v/literal_error
verified_by
  Input should be 'api' or 'manual' [type=literal_error, input_value='manual-rehydration-2026-08-06', input_type=str]
    For further information visit https://errors.pydantic.dev/2.13/v/literal_error
09:04:09 WARNING studio.ingest: rejeitado (licença): pixabay_202537.mp4 — registo de licença inválido: 2 validation errors for LicenseRecord
source
  Input should be 'pexels', 'pixabay', 'wikimedia', 'archive_org', 'youtube_cc' or 'owned' [type=literal_error, input_value='rehydration', input_type=str]
    For further information visit https://errors.pydantic.dev/2.13/v/literal_error
verified_by
  Input should be 'api' or 'manual' [type=literal_error, input_value='manual-rehydration-2026-08-06', input_type=str]
    For further information visit https://errors.pydantic.dev/2.13/v/literal_error
09:04:09 WARNING studio.ingest: rejeitado (licença): pixabay_202560.mp4 — registo de licença inválido: 2 validation errors for LicenseRecord
source
  Input should be 'pexels', 'pixabay', 'wikimedia', 'archive_org', 'youtube_cc' or 'owned' [type=literal_error, input_value='rehydration', input_type=str]
    For further information visit https://errors.pydantic.dev/2.13/v/literal_error
verified_by
  Input should be 'api' or 'manual' [type=literal_error, input_value='manual-rehydration-2026-08-06', input_type=str]
    For further information visit https://errors.pydantic.dev/2.13/v/literal_error
09:04:09 WARNING studio.ingest: rejeitado (licença): pixabay_202910.mp4 — registo de licença inválido: 2 validation errors for LicenseRecord
source
  Input should be 'pexels', 'pixabay', 'wikimedia', 'archive_org', 'youtube_cc' or 'owned' [type=literal_error, input_value='rehydration', input_type=str]
    For further information visit https://errors.pydantic.dev/2.13/v/literal_error
verified_by
  Input should be 'api' or 'manual' [type=literal_error, input_value='manual-rehydration-2026-08-06', input_type=str]
    For further information visit https://errors.pydantic.dev/2.13/v/literal_error
09:04:09 WARNING studio.ingest: rejeitado (licença): pixabay_203124.mp4 — registo de licença inválido: 2 validation errors for LicenseRecord
source
  Input should be 'pexels', 'pixabay', 'wikimedia', 'archive_org', 'youtube_cc' or 'owned' [type=literal_error, input_value='rehydration', input_type=str]
    For further information visit https://errors.pydantic.dev/2.13/v/literal_error
verified_by
  Input should be 'api' or 'manual' [type=literal_error, input_value='manual-rehydration-2026-08-06', input_type=str]
    For further information visit https://errors.pydantic.dev/2.13/v/literal_error
09:04:09 WARNING studio.ingest: rejeitado (licença): pixabay_203974.mp4 — registo de licença inválido: 2 validation errors for LicenseRecord
source
  Input should be 'pexels', 'pixabay', 'wikimedia', 'archive_org', 'youtube_cc' or 'owned' [type=literal_error, input_value='rehydration', input_type=str]
    For further information visit https://errors.pydantic.dev/2.13/v/literal_error
verified_by
  Input should be 'api' or 'manual' [type=literal_error, input_value='manual-rehydration-2026-08-06', input_type=str]
    For further information visit https://errors.pydantic.dev/2.13/v/literal_error
09:04:09 WARNING studio.ingest: rejeitado (licença): pixabay_204006.mp4 — registo de licença inválido: 2 validation errors for LicenseRecord
source
  Input should be 'pexels', 'pixabay', 'wikimedia', 'archive_org', 'youtube_cc' or 'owned' [type=literal_error, input_value='rehydration', input_type=str]
    For further information visit https://errors.pydantic.dev/2.13/v/literal_error
verified_by
  Input should be 'api' or 'manual' [type=literal_error, input_value='manual-rehydration-2026-08-06', input_type=str]
    For further information visit https://errors.pydantic.dev/2.13/v/literal_error
09:04:09 WARNING studio.ingest: rejeitado (licença): pixabay_204326.mp4 — registo de licença inválido: 2 validation errors for LicenseRecord
source
  Input should be 'pexels', 'pixabay', 'wikimedia', 'archive_org', 'youtube_cc' or 'owned' [type=literal_error, input_value='rehydration', input_type=str]
    For further information visit https://errors.pydantic.dev/2.13/v/literal_error
verified_by
  Input should be 'api' or 'manual' [type=literal_error, input_value='manual-rehydration-2026-08-06', input_type=str]
    For further information visit https://errors.pydantic.dev/2.13/v/literal_error
09:04:09 WARNING studio.ingest: rejeitado (licença): pixabay_205194.mp4 — registo de licença inválido: 2 validation errors for LicenseRecord
source
  Input should be 'pexels', 'pixabay', 'wikimedia', 'archive_org', 'youtube_cc' or 'owned' [type=literal_error, input_value='rehydration', input_type=str]
    For further information visit https://errors.pydantic.dev/2.13/v/literal_error
verified_by
  Input should be 'api' or 'manual' [type=literal_error, input_value='manual-rehydration-2026-08-06', input_type=str]
    For further information visit https://errors.pydantic.dev/2.13/v/literal_error
[ 830/1075] [rej]   0.0s  shots:+0  pixabay_205194.mp4 (ETA ~0min)
09:04:09 WARNING studio.ingest: rejeitado (licença): pixabay_205422.mp4 — registo de licença inválido: 2 validation errors for LicenseRecord
source
  Input should be 'pexels', 'pixabay', 'wikimedia', 'archive_org', 'youtube_cc' or 'owned' [type=literal_error, input_value='rehydration', input_type=str]
    For further information visit https://errors.pydantic.dev/2.13/v/literal_error
verified_by
  Input should be 'api' or 'manual' [type=literal_error, input_value='manual-rehydration-2026-08-06', input_type=str]
    For further information visit https://errors.pydantic.dev/2.13/v/literal_error
09:04:09 WARNING studio.ingest: rejeitado (licença): pixabay_205890.mp4 — registo de licença inválido: 2 validation errors for LicenseRecord
source
  Input should be 'pexels', 'pixabay', 'wikimedia', 'archive_org', 'youtube_cc' or 'owned' [type=literal_error, input_value='rehydration', input_type=str]
    For further information visit https://errors.pydantic.dev/2.13/v/literal_error
verified_by
  Input should be 'api' or 'manual' [type=literal_error, input_value='manual-rehydration-2026-08-06', input_type=str]
    For further information visit https://errors.pydantic.dev/2.13/v/literal_error
09:04:09 WARNING studio.ingest: rejeitado (licença): pixabay_20773.mp4 — registo de licença inválido: 2 validation errors for LicenseRecord
source
  Input should be 'pexels', 'pixabay', 'wikimedia', 'archive_org', 'youtube_cc' or 'owned' [type=literal_error, input_value='rehydration', input_type=str]
    For further information visit https://errors.pydantic.dev/2.13/v/literal_error
verified_by
  Input should be 'api' or 'manual' [type=literal_error, input_value='manual-rehydration-2026-08-06', input_type=str]
    For further information visit https://errors.pydantic.dev/2.13/v/literal_error
09:04:09 WARNING studio.ingest: rejeitado (licença): pixabay_208442.mp4 — registo de licença inválido: 2 validation errors for LicenseRecord
source
  Input should be 'pexels', 'pixabay', 'wikimedia', 'archive_org', 'youtube_cc' or 'owned' [type=literal_error, input_value='rehydration', input_type=str]
    For further information visit https://errors.pydantic.dev/2.13/v/literal_error
verified_by
  Input should be 'api' or 'manual' [type=literal_error, input_value='manual-rehydration-2026-08-06', input_type=str]
    For further information visit https://errors.pydantic.dev/2.13/v/literal_error
09:04:09 WARNING studio.ingest: rejeitado (licença): pixabay_209424.mp4 — registo de licença inválido: 2 validation errors for LicenseRecord
source
  Input should be 'pexels', 'pixabay', 'wikimedia', 'archive_org', 'youtube_cc' or 'owned' [type=literal_error, input_value='rehydration', input_type=str]
    For further information visit https://errors.pydantic.dev/2.13/v/literal_error
verified_by
  Input should be 'api' or 'manual' [type=literal_error, input_value='manual-rehydration-2026-08-06', input_type=str]
    For further information visit https://errors.pydantic.dev/2.13/v/literal_error
09:04:09 WARNING studio.ingest: rejeitado (licença): pixabay_210886.mp4 — registo de licença inválido: 2 validation errors for LicenseRecord
source
  Input should be 'pexels', 'pixabay', 'wikimedia', 'archive_org', 'youtube_cc' or 'owned' [type=literal_error, input_value='rehydration', input_type=str]
    For further information visit https://errors.pydantic.dev/2.13/v/literal_error
verified_by
  Input should be 'api' or 'manual' [type=literal_error, input_value='manual-rehydration-2026-08-06', input_type=str]
    For further information visit https://errors.pydantic.dev/2.13/v/literal_error
09:04:09 WARNING studio.ingest: rejeitado (licença): pixabay_21115.mp4 — registo de licença inválido: 2 validation errors for LicenseRecord
source
  Input should be 'pexels', 'pixabay', 'wikimedia', 'archive_org', 'youtube_cc' or 'owned' [type=literal_error, input_value='rehydration', input_type=str]
    For further information visit https://errors.pydantic.dev/2.13/v/literal_error
verified_by
  Input should be 'api' or 'manual' [type=literal_error, input_value='manual-rehydration-2026-08-06', input_type=str]
    For further information visit https://errors.pydantic.dev/2.13/v/literal_error
09:04:09 WARNING studio.ingest: rejeitado (licença): pixabay_21116.mp4 — registo de licença inválido: 2 validation errors for LicenseRecord
source
  Input should be 'pexels', 'pixabay', 'wikimedia', 'archive_org', 'youtube_cc' or 'owned' [type=literal_error, input_value='rehydration', input_type=str]
    For further information visit https://errors.pydantic.dev/2.13/v/literal_error
verified_by
  Input should be 'api' or 'manual' [type=literal_error, input_value='manual-rehydration-2026-08-06', input_type=str]
    For further information visit https://errors.pydantic.dev/2.13/v/literal_error
09:04:09 WARNING studio.ingest: rejeitado (licença): pixabay_211685.mp4 — registo de licença inválido: 2 validation errors for LicenseRecord
source
  Input should be 'pexels', 'pixabay', 'wikimedia', 'archive_org', 'youtube_cc' or 'owned' [type=literal_error, input_value='rehydration', input_type=str]
    For further information visit https://errors.pydantic.dev/2.13/v/literal_error
verified_by
  Input should be 'api' or 'manual' [type=literal_error, input_value='manual-rehydration-2026-08-06', input_type=str]
    For further information visit https://errors.pydantic.dev/2.13/v/literal_error
09:04:09 WARNING studio.ingest: rejeitado (licença): pixabay_212453.mp4 — registo de licença inválido: 2 validation errors for LicenseRecord
source
  Input should be 'pexels', 'pixabay', 'wikimedia', 'archive_org', 'youtube_cc' or 'owned' [type=literal_error, input_value='rehydration', input_type=str]
    For further information visit https://errors.pydantic.dev/2.13/v/literal_error
verified_by
  Input should be 'api' or 'manual' [type=literal_error, input_value='manual-rehydration-2026-08-06', input_type=str]
    For further information visit https://errors.pydantic.dev/2.13/v/literal_error
[ 840/1075] [rej]   0.0s  shots:+0  pixabay_212453.mp4 (ETA ~0min)
09:04:09 WARNING studio.ingest: rejeitado (licença): pixabay_213398.mp4 — registo de licença inválido: 2 validation errors for LicenseRecord
source
  Input should be 'pexels', 'pixabay', 'wikimedia', 'archive_org', 'youtube_cc' or 'owned' [type=literal_error, input_value='rehydration', input_type=str]
    For further information visit https://errors.pydantic.dev/2.13/v/literal_error
verified_by
  Input should be 'api' or 'manual' [type=literal_error, input_value='manual-rehydration-2026-08-06', input_type=str]
    For further information visit https://errors.pydantic.dev/2.13/v/literal_error
09:04:09 WARNING studio.ingest: rejeitado (licença): pixabay_214512.mp4 — registo de licença inválido: 2 validation errors for LicenseRecord
source
  Input should be 'pexels', 'pixabay', 'wikimedia', 'archive_org', 'youtube_cc' or 'owned' [type=literal_error, input_value='rehydration', input_type=str]
    For further information visit https://errors.pydantic.dev/2.13/v/literal_error
verified_by
  Input should be 'api' or 'manual' [type=literal_error, input_value='manual-rehydration-2026-08-06', input_type=str]
    For further information visit https://errors.pydantic.dev/2.13/v/literal_error
09:04:09 WARNING studio.ingest: rejeitado (licença): pixabay_214661.mp4 — registo de licença inválido: 2 validation errors for LicenseRecord
source
  Input should be 'pexels', 'pixabay', 'wikimedia', 'archive_org', 'youtube_cc' or 'owned' [type=literal_error, input_value='rehydration', input_type=str]
    For further information visit https://errors.pydantic.dev/2.13/v/literal_error
verified_by
  Input should be 'api' or 'manual' [type=literal_error, input_value='manual-rehydration-2026-08-06', input_type=str]
    For further information visit https://errors.pydantic.dev/2.13/v/literal_error
09:04:09 WARNING studio.ingest: rejeitado (licença): pixabay_21472.mp4 — registo de licença inválido: 2 validation errors for LicenseRecord
source
  Input should be 'pexels', 'pixabay', 'wikimedia', 'archive_org', 'youtube_cc' or 'owned' [type=literal_error, input_value='rehydration', input_type=str]
    For further information visit https://errors.pydantic.dev/2.13/v/literal_error
verified_by
  Input should be 'api' or 'manual' [type=literal_error, input_value='manual-rehydration-2026-08-06', input_type=str]
    For further information visit https://errors.pydantic.dev/2.13/v/literal_error
09:04:09 WARNING studio.ingest: rejeitado (licença): pixabay_21526.mp4 — registo de licença inválido: 2 validation errors for LicenseRecord
source
  Input should be 'pexels', 'pixabay', 'wikimedia', 'archive_org', 'youtube_cc' or 'owned' [type=literal_error, input_value='rehydration', input_type=str]
    For further information visit https://errors.pydantic.dev/2.13/v/literal_error
verified_by
  Input should be 'api' or 'manual' [type=literal_error, input_value='manual-rehydration-2026-08-06', input_type=str]
    For further information visit https://errors.pydantic.dev/2.13/v/literal_error
09:04:09 WARNING studio.ingest: rejeitado (licença): pixabay_215421.mp4 — registo de licença inválido: 2 validation errors for LicenseRecord
source
  Input should be 'pexels', 'pixabay', 'wikimedia', 'archive_org', 'youtube_cc' or 'owned' [type=literal_error, input_value='rehydration', input_type=str]
    For further information visit https://errors.pydantic.dev/2.13/v/literal_error
verified_by
  Input should be 'api' or 'manual' [type=literal_error, input_value='manual-rehydration-2026-08-06', input_type=str]
    For further information visit https://errors.pydantic.dev/2.13/v/literal_error
09:04:09 WARNING studio.ingest: rejeitado (licença): pixabay_215534.mp4 — registo de licença inválido: 2 validation errors for LicenseRecord
source
  Input should be 'pexels', 'pixabay', 'wikimedia', 'archive_org', 'youtube_cc' or 'owned' [type=literal_error, input_value='rehydration', input_type=str]
    For further information visit https://errors.pydantic.dev/2.13/v/literal_error
verified_by
  Input should be 'api' or 'manual' [type=literal_error, input_value='manual-rehydration-2026-08-06', input_type=str]
    For further information visit https://errors.pydantic.dev/2.13/v/literal_error
09:04:09 WARNING studio.ingest: rejeitado (licença): pixabay_216058.mp4 — registo de licença inválido: 2 validation errors for LicenseRecord
source
  Input should be 'pexels', 'pixabay', 'wikimedia', 'archive_org', 'youtube_cc' or 'owned' [type=literal_error, input_value='rehydration', input_type=str]
    For further information visit https://errors.pydantic.dev/2.13/v/literal_error
verified_by
  Input should be 'api' or 'manual' [type=literal_error, input_value='manual-rehydration-2026-08-06', input_type=str]
    For further information visit https://errors.pydantic.dev/2.13/v/literal_error
09:04:09 WARNING studio.ingest: rejeitado (licença): pixabay_216060.mp4 — registo de licença inválido: 2 validation errors for LicenseRecord
source
  Input should be 'pexels', 'pixabay', 'wikimedia', 'archive_org', 'youtube_cc' or 'owned' [type=literal_error, input_value='rehydration', input_type=str]
    For further information visit https://errors.pydantic.dev/2.13/v/literal_error
verified_by
  Input should be 'api' or 'manual' [type=literal_error, input_value='manual-rehydration-2026-08-06', input_type=str]
    For further information visit https://errors.pydantic.dev/2.13/v/literal_error
09:04:09 WARNING studio.ingest: rejeitado (licença): pixabay_2165.mp4 — registo de licença inválido: 2 validation errors for LicenseRecord
source
  Input should be 'pexels', 'pixabay', 'wikimedia', 'archive_org', 'youtube_cc' or 'owned' [type=literal_error, input_value='rehydration', input_type=str]
    For further information visit https://errors.pydantic.dev/2.13/v/literal_error
verified_by
  Input should be 'api' or 'manual' [type=literal_error, input_value='manual-rehydration-2026-08-06', input_type=str]
    For further information visit https://errors.pydantic.dev/2.13/v/literal_error
[ 850/1075] [rej]   0.0s  shots:+0  pixabay_2165.mp4 (ETA ~0min)
09:04:09 WARNING studio.ingest: rejeitado (licença): pixabay_216737.mp4 — registo de licença inválido: 2 validation errors for LicenseRecord
source
  Input should be 'pexels', 'pixabay', 'wikimedia', 'archive_org', 'youtube_cc' or 'owned' [type=literal_error, input_value='rehydration', input_type=str]
    For further information visit https://errors.pydantic.dev/2.13/v/literal_error
verified_by
  Input should be 'api' or 'manual' [type=literal_error, input_value='manual-rehydration-2026-08-06', input_type=str]
    For further information visit https://errors.pydantic.dev/2.13/v/literal_error
09:04:09 WARNING studio.ingest: rejeitado (licença): pixabay_216912.mp4 — registo de licença inválido: 2 validation errors for LicenseRecord
source
  Input should be 'pexels', 'pixabay', 'wikimedia', 'archive_org', 'youtube_cc' or 'owned' [type=literal_error, input_value='rehydration', input_type=str]
    For further information visit https://errors.pydantic.dev/2.13/v/literal_error
verified_by
  Input should be 'api' or 'manual' [type=literal_error, input_value='manual-rehydration-2026-08-06', input_type=str]
    For further information visit https://errors.pydantic.dev/2.13/v/literal_error
09:04:09 WARNING studio.ingest: rejeitado (licença): pixabay_217115.mp4 — registo de licença inválido: 2 validation errors for LicenseRecord
source
  Input should be 'pexels', 'pixabay', 'wikimedia', 'archive_org', 'youtube_cc' or 'owned' [type=literal_error, input_value='rehydration', input_type=str]
    For further information visit https://errors.pydantic.dev/2.13/v/literal_error
verified_by
  Input should be 'api' or 'manual' [type=literal_error, input_value='manual-rehydration-2026-08-06', input_type=str]
    For further information visit https://errors.pydantic.dev/2.13/v/literal_error
09:04:09 WARNING studio.ingest: rejeitado (licença): pixabay_217404.mp4 — registo de licença inválido: 2 validation errors for LicenseRecord
source
  Input should be 'pexels', 'pixabay', 'wikimedia', 'archive_org', 'youtube_cc' or 'owned' [type=literal_error, input_value='rehydration', input_type=str]
    For further information visit https://errors.pydantic.dev/2.13/v/literal_error
verified_by
  Input should be 'api' or 'manual' [type=literal_error, input_value='manual-rehydration-2026-08-06', input_type=str]
    For further information visit https://errors.pydantic.dev/2.13/v/literal_error
09:04:09 WARNING studio.ingest: rejeitado (licença): pixabay_21782.mp4 — registo de licença inválido: 2 validation errors for LicenseRecord
source
  Input should be 'pexels', 'pixabay', 'wikimedia', 'archive_org', 'youtube_cc' or 'owned' [type=literal_error, input_value='rehydration', input_type=str]
    For further information visit https://errors.pydantic.dev/2.13/v/literal_error
verified_by
  Input should be 'api' or 'manual' [type=literal_error, input_value='manual-rehydration-2026-08-06', input_type=str]
    For further information visit https://errors.pydantic.dev/2.13/v/literal_error
09:04:09 WARNING studio.ingest: rejeitado (licença): pixabay_222215.mp4 — registo de licença inválido: 2 validation errors for LicenseRecord
source
  Input should be 'pexels', 'pixabay', 'wikimedia', 'archive_org', 'youtube_cc' or 'owned' [type=literal_error, input_value='rehydration', input_type=str]
    For further information visit https://errors.pydantic.dev/2.13/v/literal_error
verified_by
  Input should be 'api' or 'manual' [type=literal_error, input_value='manual-rehydration-2026-08-06', input_type=str]
    For further information visit https://errors.pydantic.dev/2.13/v/literal_error
09:04:09 WARNING studio.ingest: rejeitado (licença): pixabay_225461.mp4 — registo de licença inválido: 2 validation errors for LicenseRecord
source
  Input should be 'pexels', 'pixabay', 'wikimedia', 'archive_org', 'youtube_cc' or 'owned' [type=literal_error, input_value='rehydration', input_type=str]
    For further information visit https://errors.pydantic.dev/2.13/v/literal_error
verified_by
  Input should be 'api' or 'manual' [type=literal_error, input_value='manual-rehydration-2026-08-06', input_type=str]
    For further information visit https://errors.pydantic.dev/2.13/v/literal_error
09:04:09 WARNING studio.ingest: rejeitado (licença): pixabay_22555.mp4 — registo de licença inválido: 2 validation errors for LicenseRecord
source
  Input should be 'pexels', 'pixabay', 'wikimedia', 'archive_org', 'youtube_cc' or 'owned' [type=literal_error, input_value='rehydration', input_type=str]
    For further information visit https://errors.pydantic.dev/2.13/v/literal_error
verified_by
  Input should be 'api' or 'manual' [type=literal_error, input_value='manual-rehydration-2026-08-06', input_type=str]
    For further information visit https://errors.pydantic.dev/2.13/v/literal_error
09:04:09 WARNING studio.ingest: rejeitado (licença): pixabay_22609.mp4 — registo de licença inválido: 2 validation errors for LicenseRecord
source
  Input should be 'pexels', 'pixabay', 'wikimedia', 'archive_org', 'youtube_cc' or 'owned' [type=literal_error, input_value='rehydration', input_type=str]
    For further information visit https://errors.pydantic.dev/2.13/v/literal_error
verified_by
  Input should be 'api' or 'manual' [type=literal_error, input_value='manual-rehydration-2026-08-06', input_type=str]
    For further information visit https://errors.pydantic.dev/2.13/v/literal_error
09:04:09 WARNING studio.ingest: rejeitado (licença): pixabay_22705.mp4 — registo de licença inválido: 2 validation errors for LicenseRecord
source
  Input should be 'pexels', 'pixabay', 'wikimedia', 'archive_org', 'youtube_cc' or 'owned' [type=literal_error, input_value='rehydration', input_type=str]
    For further information visit https://errors.pydantic.dev/2.13/v/literal_error
verified_by
  Input should be 'api' or 'manual' [type=literal_error, input_value='manual-rehydration-2026-08-06', input_type=str]
    For further information visit https://errors.pydantic.dev/2.13/v/literal_error
[ 860/1075] [rej]   0.0s  shots:+0  pixabay_22705.mp4 (ETA ~0min)
09:04:09 WARNING studio.ingest: rejeitado (licença): pixabay_227128.mp4 — registo de licença inválido: 2 validation errors for LicenseRecord
source
  Input should be 'pexels', 'pixabay', 'wikimedia', 'archive_org', 'youtube_cc' or 'owned' [type=literal_error, input_value='rehydration', input_type=str]
    For further information visit https://errors.pydantic.dev/2.13/v/literal_error
verified_by
  Input should be 'api' or 'manual' [type=literal_error, input_value='manual-rehydration-2026-08-06', input_type=str]
    For further information visit https://errors.pydantic.dev/2.13/v/literal_error
09:04:09 WARNING studio.ingest: rejeitado (licença): pixabay_227131.mp4 — registo de licença inválido: 2 validation errors for LicenseRecord
source
  Input should be 'pexels', 'pixabay', 'wikimedia', 'archive_org', 'youtube_cc' or 'owned' [type=literal_error, input_value='rehydration', input_type=str]
    For further information visit https://errors.pydantic.dev/2.13/v/literal_error
verified_by
  Input should be 'api' or 'manual' [type=literal_error, input_value='manual-rehydration-2026-08-06', input_type=str]
    For further information visit https://errors.pydantic.dev/2.13/v/literal_error
09:04:09 WARNING studio.ingest: rejeitado (licença): pixabay_227134.mp4 — registo de licença inválido: 2 validation errors for LicenseRecord
source
  Input should be 'pexels', 'pixabay', 'wikimedia', 'archive_org', 'youtube_cc' or 'owned' [type=literal_error, input_value='rehydration', input_type=str]
    For further information visit https://errors.pydantic.dev/2.13/v/literal_error
verified_by
  Input should be 'api' or 'manual' [type=literal_error, input_value='manual-rehydration-2026-08-06', input_type=str]
    For further information visit https://errors.pydantic.dev/2.13/v/literal_error
09:04:09 WARNING studio.ingest: rejeitado (licença): pixabay_227137.mp4 — registo de licença inválido: 2 validation errors for LicenseRecord
source
  Input should be 'pexels', 'pixabay', 'wikimedia', 'archive_org', 'youtube_cc' or 'owned' [type=literal_error, input_value='rehydration', input_type=str]
    For further information visit https://errors.pydantic.dev/2.13/v/literal_error
verified_by
  Input should be 'api' or 'manual' [type=literal_error, input_value='manual-rehydration-2026-08-06', input_type=str]
    For further information visit https://errors.pydantic.dev/2.13/v/literal_error
09:04:09 WARNING studio.ingest: rejeitado (licença): pixabay_2272.mp4 — registo de licença inválido: 2 validation errors for LicenseRecord
source
  Input should be 'pexels', 'pixabay', 'wikimedia', 'archive_org', 'youtube_cc' or 'owned' [type=literal_error, input_value='rehydration', input_type=str]
    For further information visit https://errors.pydantic.dev/2.13/v/literal_error
verified_by
  Input should be 'api' or 'manual' [type=literal_error, input_value='manual-rehydration-2026-08-06', input_type=str]
    For further information visit https://errors.pydantic.dev/2.13/v/literal_error
09:04:09 WARNING studio.ingest: rejeitado (licença): pixabay_227233.mp4 — registo de licença inválido: 2 validation errors for LicenseRecord
source
  Input should be 'pexels', 'pixabay', 'wikimedia', 'archive_org', 'youtube_cc' or 'owned' [type=literal_error, input_value='rehydration', input_type=str]
    For further information visit https://errors.pydantic.dev/2.13/v/literal_error
verified_by
  Input should be 'api' or 'manual' [type=literal_error, input_value='manual-rehydration-2026-08-06', input_type=str]
    For further information visit https://errors.pydantic.dev/2.13/v/literal_error
09:04:09 WARNING studio.ingest: rejeitado (licença): pixabay_22761.mp4 — registo de licença inválido: 2 validation errors for LicenseRecord
source
  Input should be 'pexels', 'pixabay', 'wikimedia', 'archive_org', 'youtube_cc' or 'owned' [type=literal_error, input_value='rehydration', input_type=str]
    For further information visit https://errors.pydantic.dev/2.13/v/literal_error
verified_by
  Input should be 'api' or 'manual' [type=literal_error, input_value='manual-rehydration-2026-08-06', input_type=str]
    For further information visit https://errors.pydantic.dev/2.13/v/literal_error
09:04:09 WARNING studio.ingest: rejeitado (licença): pixabay_228847.mp4 — registo de licença inválido: 2 validation errors for LicenseRecord
source
  Input should be 'pexels', 'pixabay', 'wikimedia', 'archive_org', 'youtube_cc' or 'owned' [type=literal_error, input_value='rehydration', input_type=str]
    For further information visit https://errors.pydantic.dev/2.13/v/literal_error
verified_by
  Input should be 'api' or 'manual' [type=literal_error, input_value='manual-rehydration-2026-08-06', input_type=str]
    For further information visit https://errors.pydantic.dev/2.13/v/literal_error
09:04:09 WARNING studio.ingest: rejeitado (licença): pixabay_230060.mp4 — registo de licença inválido: 2 validation errors for LicenseRecord
source
  Input should be 'pexels', 'pixabay', 'wikimedia', 'archive_org', 'youtube_cc' or 'owned' [type=literal_error, input_value='rehydration', input_type=str]
    For further information visit https://errors.pydantic.dev/2.13/v/literal_error
verified_by
  Input should be 'api' or 'manual' [type=literal_error, input_value='manual-rehydration-2026-08-06', input_type=str]
    For further information visit https://errors.pydantic.dev/2.13/v/literal_error
09:04:09 WARNING studio.ingest: rejeitado (licença): pixabay_2302.mp4 — registo de licença inválido: 2 validation errors for LicenseRecord
source
  Input should be 'pexels', 'pixabay', 'wikimedia', 'archive_org', 'youtube_cc' or 'owned' [type=literal_error, input_value='rehydration', input_type=str]
    For further information visit https://errors.pydantic.dev/2.13/v/literal_error
verified_by
  Input should be 'api' or 'manual' [type=literal_error, input_value='manual-rehydration-2026-08-06', input_type=str]
    For further information visit https://errors.pydantic.dev/2.13/v/literal_error
[ 870/1075] [rej]   0.0s  shots:+0  pixabay_2302.mp4 (ETA ~0min)
09:04:09 WARNING studio.ingest: rejeitado (licença): pixabay_23232.mp4 — registo de licença inválido: 2 validation errors for LicenseRecord
source
  Input should be 'pexels', 'pixabay', 'wikimedia', 'archive_org', 'youtube_cc' or 'owned' [type=literal_error, input_value='rehydration', input_type=str]
    For further information visit https://errors.pydantic.dev/2.13/v/literal_error
verified_by
  Input should be 'api' or 'manual' [type=literal_error, input_value='manual-rehydration-2026-08-06', input_type=str]
    For further information visit https://errors.pydantic.dev/2.13/v/literal_error
09:04:09 WARNING studio.ingest: rejeitado (licença): pixabay_23263.mp4 — registo de licença inválido: 2 validation errors for LicenseRecord
source
  Input should be 'pexels', 'pixabay', 'wikimedia', 'archive_org', 'youtube_cc' or 'owned' [type=literal_error, input_value='rehydration', input_type=str]
    For further information visit https://errors.pydantic.dev/2.13/v/literal_error
verified_by
  Input should be 'api' or 'manual' [type=literal_error, input_value='manual-rehydration-2026-08-06', input_type=str]
    For further information visit https://errors.pydantic.dev/2.13/v/literal_error
09:04:09 WARNING studio.ingest: rejeitado (licença): pixabay_23334.mp4 — registo de licença inválido: 2 validation errors for LicenseRecord
source
  Input should be 'pexels', 'pixabay', 'wikimedia', 'archive_org', 'youtube_cc' or 'owned' [type=literal_error, input_value='rehydration', input_type=str]
    For further information visit https://errors.pydantic.dev/2.13/v/literal_error
verified_by
  Input should be 'api' or 'manual' [type=literal_error, input_value='manual-rehydration-2026-08-06', input_type=str]
    For further information visit https://errors.pydantic.dev/2.13/v/literal_error
09:04:09 WARNING studio.ingest: rejeitado (licença): pixabay_2336.mp4 — registo de licença inválido: 2 validation errors for LicenseRecord
source
  Input should be 'pexels', 'pixabay', 'wikimedia', 'archive_org', 'youtube_cc' or 'owned' [type=literal_error, input_value='rehydration', input_type=str]
    For further information visit https://errors.pydantic.dev/2.13/v/literal_error
verified_by
  Input should be 'api' or 'manual' [type=literal_error, input_value='manual-rehydration-2026-08-06', input_type=str]
    For further information visit https://errors.pydantic.dev/2.13/v/literal_error
09:04:09 WARNING studio.ingest: rejeitado (licença): pixabay_23544.mp4 — registo de licença inválido: 2 validation errors for LicenseRecord
source
  Input should be 'pexels', 'pixabay', 'wikimedia', 'archive_org', 'youtube_cc' or 'owned' [type=literal_error, input_value='rehydration', input_type=str]
    For further information visit https://errors.pydantic.dev/2.13/v/literal_error
verified_by
  Input should be 'api' or 'manual' [type=literal_error, input_value='manual-rehydration-2026-08-06', input_type=str]
    For further information visit https://errors.pydantic.dev/2.13/v/literal_error
09:04:09 WARNING studio.ingest: rejeitado (licença): pixabay_236083.mp4 — registo de licença inválido: 2 validation errors for LicenseRecord
source
  Input should be 'pexels', 'pixabay', 'wikimedia', 'archive_org', 'youtube_cc' or 'owned' [type=literal_error, input_value='rehydration', input_type=str]
    For further information visit https://errors.pydantic.dev/2.13/v/literal_error
verified_by
  Input should be 'api' or 'manual' [type=literal_error, input_value='manual-rehydration-2026-08-06', input_type=str]
    For further information visit https://errors.pydantic.dev/2.13/v/literal_error
09:04:09 WARNING studio.ingest: rejeitado (licença): pixabay_236316.mp4 — registo de licença inválido: 2 validation errors for LicenseRecord
source
  Input should be 'pexels', 'pixabay', 'wikimedia', 'archive_org', 'youtube_cc' or 'owned' [type=literal_error, input_value='rehydration', input_type=str]
    For further information visit https://errors.pydantic.dev/2.13/v/literal_error
verified_by
  Input should be 'api' or 'manual' [type=literal_error, input_value='manual-rehydration-2026-08-06', input_type=str]
    For further information visit https://errors.pydantic.dev/2.13/v/literal_error
09:04:09 WARNING studio.ingest: rejeitado (licença): pixabay_237249.mp4 — registo de licença inválido: 2 validation errors for LicenseRecord
source
  Input should be 'pexels', 'pixabay', 'wikimedia', 'archive_org', 'youtube_cc' or 'owned' [type=literal_error, input_value='rehydration', input_type=str]
    For further information visit https://errors.pydantic.dev/2.13/v/literal_error
verified_by
  Input should be 'api' or 'manual' [type=literal_error, input_value='manual-rehydration-2026-08-06', input_type=str]
    For further information visit https://errors.pydantic.dev/2.13/v/literal_error
09:04:09 WARNING studio.ingest: rejeitado (licença): pixabay_237279.mp4 — registo de licença inválido: 2 validation errors for LicenseRecord
source
  Input should be 'pexels', 'pixabay', 'wikimedia', 'archive_org', 'youtube_cc' or 'owned' [type=literal_error, input_value='rehydration', input_type=str]
    For further information visit https://errors.pydantic.dev/2.13/v/literal_error
verified_by
  Input should be 'api' or 'manual' [type=literal_error, input_value='manual-rehydration-2026-08-06', input_type=str]
    For further information visit https://errors.pydantic.dev/2.13/v/literal_error
09:04:09 WARNING studio.ingest: rejeitado (licença): pixabay_23796.mp4 — registo de licença inválido: 2 validation errors for LicenseRecord
source
  Input should be 'pexels', 'pixabay', 'wikimedia', 'archive_org', 'youtube_cc' or 'owned' [type=literal_error, input_value='rehydration', input_type=str]
    For further information visit https://errors.pydantic.dev/2.13/v/literal_error
verified_by
  Input should be 'api' or 'manual' [type=literal_error, input_value='manual-rehydration-2026-08-06', input_type=str]
    For further information visit https://errors.pydantic.dev/2.13/v/literal_error
[ 880/1075] [rej]   0.0s  shots:+0  pixabay_23796.mp4 (ETA ~0min)
09:04:09 WARNING studio.ingest: rejeitado (licença): pixabay_240531.mp4 — registo de licença inválido: 2 validation errors for LicenseRecord
source
  Input should be 'pexels', 'pixabay', 'wikimedia', 'archive_org', 'youtube_cc' or 'owned' [type=literal_error, input_value='rehydration', input_type=str]
    For further information visit https://errors.pydantic.dev/2.13/v/literal_error
verified_by
  Input should be 'api' or 'manual' [type=literal_error, input_value='manual-rehydration-2026-08-06', input_type=str]
    For further information visit https://errors.pydantic.dev/2.13/v/literal_error
09:04:09 WARNING studio.ingest: rejeitado (licença): pixabay_24105.mp4 — registo de licença inválido: 2 validation errors for LicenseRecord
source
  Input should be 'pexels', 'pixabay', 'wikimedia', 'archive_org', 'youtube_cc' or 'owned' [type=literal_error, input_value='rehydration', input_type=str]
    For further information visit https://errors.pydantic.dev/2.13/v/literal_error
verified_by
  Input should be 'api' or 'manual' [type=literal_error, input_value='manual-rehydration-2026-08-06', input_type=str]
    For further information visit https://errors.pydantic.dev/2.13/v/literal_error
09:04:09 WARNING studio.ingest: rejeitado (licença): pixabay_24125.mp4 — registo de licença inválido: 2 validation errors for LicenseRecord
source
  Input should be 'pexels', 'pixabay', 'wikimedia', 'archive_org', 'youtube_cc' or 'owned' [type=literal_error, input_value='rehydration', input_type=str]
    For further information visit https://errors.pydantic.dev/2.13/v/literal_error
verified_by
  Input should be 'api' or 'manual' [type=literal_error, input_value='manual-rehydration-2026-08-06', input_type=str]
    For further information visit https://errors.pydantic.dev/2.13/v/literal_error
09:04:09 WARNING studio.ingest: rejeitado (licença): pixabay_24216.mp4 — registo de licença inválido: 2 validation errors for LicenseRecord
source
  Input should be 'pexels', 'pixabay', 'wikimedia', 'archive_org', 'youtube_cc' or 'owned' [type=literal_error, input_value='rehydration', input_type=str]
    For further information visit https://errors.pydantic.dev/2.13/v/literal_error
verified_by
  Input should be 'api' or 'manual' [type=literal_error, input_value='manual-rehydration-2026-08-06', input_type=str]
    For further information visit https://errors.pydantic.dev/2.13/v/literal_error
09:04:09 WARNING studio.ingest: rejeitado (licença): pixabay_243727.mp4 — registo de licença inválido: 2 validation errors for LicenseRecord
source
  Input should be 'pexels', 'pixabay', 'wikimedia', 'archive_org', 'youtube_cc' or 'owned' [type=literal_error, input_value='rehydration', input_type=str]
    For further information visit https://errors.pydantic.dev/2.13/v/literal_error
verified_by
  Input should be 'api' or 'manual' [type=literal_error, input_value='manual-rehydration-2026-08-06', input_type=str]
    For further information visit https://errors.pydantic.dev/2.13/v/literal_error
09:04:09 WARNING studio.ingest: rejeitado (licença): pixabay_246385.mp4 — registo de licença inválido: 2 validation errors for LicenseRecord
source
  Input should be 'pexels', 'pixabay', 'wikimedia', 'archive_org', 'youtube_cc' or 'owned' [type=literal_error, input_value='rehydration', input_type=str]
    For further information visit https://errors.pydantic.dev/2.13/v/literal_error
verified_by
  Input should be 'api' or 'manual' [type=literal_error, input_value='manual-rehydration-2026-08-06', input_type=str]
    For further information visit https://errors.pydantic.dev/2.13/v/literal_error
09:04:09 WARNING studio.ingest: rejeitado (licença): pixabay_250395.mp4 — registo de licença inválido: 2 validation errors for LicenseRecord
source
  Input should be 'pexels', 'pixabay', 'wikimedia', 'archive_org', 'youtube_cc' or 'owned' [type=literal_error, input_value='rehydration', input_type=str]
    For further information visit https://errors.pydantic.dev/2.13/v/literal_error
verified_by
  Input should be 'api' or 'manual' [type=literal_error, input_value='manual-rehydration-2026-08-06', input_type=str]
    For further information visit https://errors.pydantic.dev/2.13/v/literal_error
09:04:09 WARNING studio.ingest: rejeitado (licença): pixabay_258958.mp4 — registo de licença inválido: 2 validation errors for LicenseRecord
source
  Input should be 'pexels', 'pixabay', 'wikimedia', 'archive_org', 'youtube_cc' or 'owned' [type=literal_error, input_value='rehydration', input_type=str]
    For further information visit https://errors.pydantic.dev/2.13/v/literal_error
verified_by
  Input should be 'api' or 'manual' [type=literal_error, input_value='manual-rehydration-2026-08-06', input_type=str]
    For further information visit https://errors.pydantic.dev/2.13/v/literal_error
09:04:09 WARNING studio.ingest: rejeitado (licença): pixabay_258959.mp4 — registo de licença inválido: 2 validation errors for LicenseRecord
source
  Input should be 'pexels', 'pixabay', 'wikimedia', 'archive_org', 'youtube_cc' or 'owned' [type=literal_error, input_value='rehydration', input_type=str]
    For further information visit https://errors.pydantic.dev/2.13/v/literal_error
verified_by
  Input should be 'api' or 'manual' [type=literal_error, input_value='manual-rehydration-2026-08-06', input_type=str]
    For further information visit https://errors.pydantic.dev/2.13/v/literal_error
09:04:09 WARNING studio.ingest: rejeitado (licença): pixabay_260895.mp4 — registo de licença inválido: 2 validation errors for LicenseRecord
source
  Input should be 'pexels', 'pixabay', 'wikimedia', 'archive_org', 'youtube_cc' or 'owned' [type=literal_error, input_value='rehydration', input_type=str]
    For further information visit https://errors.pydantic.dev/2.13/v/literal_error
verified_by
  Input should be 'api' or 'manual' [type=literal_error, input_value='manual-rehydration-2026-08-06', input_type=str]
    For further information visit https://errors.pydantic.dev/2.13/v/literal_error
[ 890/1075] [rej]   0.0s  shots:+0  pixabay_260895.mp4 (ETA ~0min)
09:04:09 WARNING studio.ingest: rejeitado (licença): pixabay_26493.mp4 — registo de licença inválido: 2 validation errors for LicenseRecord
source
  Input should be 'pexels', 'pixabay', 'wikimedia', 'archive_org', 'youtube_cc' or 'owned' [type=literal_error, input_value='rehydration', input_type=str]
    For further information visit https://errors.pydantic.dev/2.13/v/literal_error
verified_by
  Input should be 'api' or 'manual' [type=literal_error, input_value='manual-rehydration-2026-08-06', input_type=str]
    For further information visit https://errors.pydantic.dev/2.13/v/literal_error
09:04:09 WARNING studio.ingest: rejeitado (licença): pixabay_267.mp4 — registo de licença inválido: 2 validation errors for LicenseRecord
source
  Input should be 'pexels', 'pixabay', 'wikimedia', 'archive_org', 'youtube_cc' or 'owned' [type=literal_error, input_value='rehydration', input_type=str]
    For further information visit https://errors.pydantic.dev/2.13/v/literal_error
verified_by
  Input should be 'api' or 'manual' [type=literal_error, input_value='manual-rehydration-2026-08-06', input_type=str]
    For further information visit https://errors.pydantic.dev/2.13/v/literal_error
09:04:09 WARNING studio.ingest: rejeitado (licença): pixabay_268528.mp4 — registo de licença inválido: 2 validation errors for LicenseRecord
source
  Input should be 'pexels', 'pixabay', 'wikimedia', 'archive_org', 'youtube_cc' or 'owned' [type=literal_error, input_value='rehydration', input_type=str]
    For further information visit https://errors.pydantic.dev/2.13/v/literal_error
verified_by
  Input should be 'api' or 'manual' [type=literal_error, input_value='manual-rehydration-2026-08-06', input_type=str]
    For further information visit https://errors.pydantic.dev/2.13/v/literal_error
09:04:09 WARNING studio.ingest: rejeitado (licença): pixabay_268537.mp4 — registo de licença inválido: 2 validation errors for LicenseRecord
source
  Input should be 'pexels', 'pixabay', 'wikimedia', 'archive_org', 'youtube_cc' or 'owned' [type=literal_error, input_value='rehydration', input_type=str]
    For further information visit https://errors.pydantic.dev/2.13/v/literal_error
verified_by
  Input should be 'api' or 'manual' [type=literal_error, input_value='manual-rehydration-2026-08-06', input_type=str]
    For further information visit https://errors.pydantic.dev/2.13/v/literal_error
09:04:09 WARNING studio.ingest: rejeitado (licença): pixabay_270897.mp4 — registo de licença inválido: 2 validation errors for LicenseRecord
source
  Input should be 'pexels', 'pixabay', 'wikimedia', 'archive_org', 'youtube_cc' or 'owned' [type=literal_error, input_value='rehydration', input_type=str]
    For further information visit https://errors.pydantic.dev/2.13/v/literal_error
verified_by
  Input should be 'api' or 'manual' [type=literal_error, input_value='manual-rehydration-2026-08-06', input_type=str]
    For further information visit https://errors.pydantic.dev/2.13/v/literal_error
09:04:09 WARNING studio.ingest: rejeitado (licença): pixabay_27111.mp4 — registo de licença inválido: 2 validation errors for LicenseRecord
source
  Input should be 'pexels', 'pixabay', 'wikimedia', 'archive_org', 'youtube_cc' or 'owned' [type=literal_error, input_value='rehydration', input_type=str]
    For further information visit https://errors.pydantic.dev/2.13/v/literal_error
verified_by
  Input should be 'api' or 'manual' [type=literal_error, input_value='manual-rehydration-2026-08-06', input_type=str]
    For further information visit https://errors.pydantic.dev/2.13/v/literal_error
09:04:09 WARNING studio.ingest: rejeitado (licença): pixabay_27230.mp4 — registo de licença inválido: 2 validation errors for LicenseRecord
source
  Input should be 'pexels', 'pixabay', 'wikimedia', 'archive_org', 'youtube_cc' or 'owned' [type=literal_error, input_value='rehydration', input_type=str]
    For further information visit https://errors.pydantic.dev/2.13/v/literal_error
verified_by
  Input should be 'api' or 'manual' [type=literal_error, input_value='manual-rehydration-2026-08-06', input_type=str]
    For further information visit https://errors.pydantic.dev/2.13/v/literal_error
09:04:09 WARNING studio.ingest: rejeitado (licença): pixabay_27282.mp4 — registo de licença inválido: 2 validation errors for LicenseRecord
source
  Input should be 'pexels', 'pixabay', 'wikimedia', 'archive_org', 'youtube_cc' or 'owned' [type=literal_error, input_value='rehydration', input_type=str]
    For further information visit https://errors.pydantic.dev/2.13/v/literal_error
verified_by
  Input should be 'api' or 'manual' [type=literal_error, input_value='manual-rehydration-2026-08-06', input_type=str]
    For further information visit https://errors.pydantic.dev/2.13/v/literal_error
09:04:09 WARNING studio.ingest: rejeitado (licença): pixabay_27539.mp4 — registo de licença inválido: 2 validation errors for LicenseRecord
source
  Input should be 'pexels', 'pixabay', 'wikimedia', 'archive_org', 'youtube_cc' or 'owned' [type=literal_error, input_value='rehydration', input_type=str]
    For further information visit https://errors.pydantic.dev/2.13/v/literal_error
verified_by
  Input should be 'api' or 'manual' [type=literal_error, input_value='manual-rehydration-2026-08-06', input_type=str]
    For further information visit https://errors.pydantic.dev/2.13/v/literal_error
09:04:09 WARNING studio.ingest: rejeitado (licença): pixabay_275633.mp4 — registo de licença inválido: 2 validation errors for LicenseRecord
source
  Input should be 'pexels', 'pixabay', 'wikimedia', 'archive_org', 'youtube_cc' or 'owned' [type=literal_error, input_value='rehydration', input_type=str]
    For further information visit https://errors.pydantic.dev/2.13/v/literal_error
verified_by
  Input should be 'api' or 'manual' [type=literal_error, input_value='manual-rehydration-2026-08-06', input_type=str]
    For further information visit https://errors.pydantic.dev/2.13/v/literal_error
[ 900/1075] [rej]   0.0s  shots:+0  pixabay_275633.mp4 (ETA ~0min)
09:04:09 WARNING studio.ingest: rejeitado (licença): pixabay_27678.mp4 — registo de licença inválido: 2 validation errors for LicenseRecord
source
  Input should be 'pexels', 'pixabay', 'wikimedia', 'archive_org', 'youtube_cc' or 'owned' [type=literal_error, input_value='rehydration', input_type=str]
    For further information visit https://errors.pydantic.dev/2.13/v/literal_error
verified_by
  Input should be 'api' or 'manual' [type=literal_error, input_value='manual-rehydration-2026-08-06', input_type=str]
    For further information visit https://errors.pydantic.dev/2.13/v/literal_error
09:04:09 WARNING studio.ingest: rejeitado (licença): pixabay_283431.mp4 — registo de licença inválido: 2 validation errors for LicenseRecord
source
  Input should be 'pexels', 'pixabay', 'wikimedia', 'archive_org', 'youtube_cc' or 'owned' [type=literal_error, input_value='rehydration', input_type=str]
    For further information visit https://errors.pydantic.dev/2.13/v/literal_error
verified_by
  Input should be 'api' or 'manual' [type=literal_error, input_value='manual-rehydration-2026-08-06', input_type=str]
    For further information visit https://errors.pydantic.dev/2.13/v/literal_error
09:04:09 WARNING studio.ingest: rejeitado (licença): pixabay_2876.mp4 — registo de licença inválido: 2 validation errors for LicenseRecord
source
  Input should be 'pexels', 'pixabay', 'wikimedia', 'archive_org', 'youtube_cc' or 'owned' [type=literal_error, input_value='rehydration', input_type=str]
    For further information visit https://errors.pydantic.dev/2.13/v/literal_error
verified_by
  Input should be 'api' or 'manual' [type=literal_error, input_value='manual-rehydration-2026-08-06', input_type=str]
    For further information visit https://errors.pydantic.dev/2.13/v/literal_error
09:04:09 WARNING studio.ingest: rejeitado (licença): pixabay_289855.mp4 — registo de licença inválido: 2 validation errors for LicenseRecord
source
  Input should be 'pexels', 'pixabay', 'wikimedia', 'archive_org', 'youtube_cc' or 'owned' [type=literal_error, input_value='rehydration', input_type=str]
    For further information visit https://errors.pydantic.dev/2.13/v/literal_error
verified_by
  Input should be 'api' or 'manual' [type=literal_error, input_value='manual-rehydration-2026-08-06', input_type=str]
    For further information visit https://errors.pydantic.dev/2.13/v/literal_error
09:04:09 WARNING studio.ingest: rejeitado (licença): pixabay_290890.mp4 — registo de licença inválido: 2 validation errors for LicenseRecord
source
  Input should be 'pexels', 'pixabay', 'wikimedia', 'archive_org', 'youtube_cc' or 'owned' [type=literal_error, input_value='rehydration', input_type=str]
    For further information visit https://errors.pydantic.dev/2.13/v/literal_error
verified_by
  Input should be 'api' or 'manual' [type=literal_error, input_value='manual-rehydration-2026-08-06', input_type=str]
    For further information visit https://errors.pydantic.dev/2.13/v/literal_error
09:04:09 WARNING studio.ingest: rejeitado (licença): pixabay_29224.mp4 — registo de licença inválido: 2 validation errors for LicenseRecord
source
  Input should be 'pexels', 'pixabay', 'wikimedia', 'archive_org', 'youtube_cc' or 'owned' [type=literal_error, input_value='rehydration', input_type=str]
    For further information visit https://errors.pydantic.dev/2.13/v/literal_error
verified_by
  Input should be 'api' or 'manual' [type=literal_error, input_value='manual-rehydration-2026-08-06', input_type=str]
    For further information visit https://errors.pydantic.dev/2.13/v/literal_error
09:04:09 WARNING studio.ingest: rejeitado (licença): pixabay_293788.mp4 — registo de licença inválido: 2 validation errors for LicenseRecord
source
  Input should be 'pexels', 'pixabay', 'wikimedia', 'archive_org', 'youtube_cc' or 'owned' [type=literal_error, input_value='rehydration', input_type=str]
    For further information visit https://errors.pydantic.dev/2.13/v/literal_error
verified_by
  Input should be 'api' or 'manual' [type=literal_error, input_value='manual-rehydration-2026-08-06', input_type=str]
    For further information visit https://errors.pydantic.dev/2.13/v/literal_error
09:04:09 WARNING studio.ingest: rejeitado (licença): pixabay_2972.mp4 — registo de licença inválido: 2 validation errors for LicenseRecord
source
  Input should be 'pexels', 'pixabay', 'wikimedia', 'archive_org', 'youtube_cc' or 'owned' [type=literal_error, input_value='rehydration', input_type=str]
    For further information visit https://errors.pydantic.dev/2.13/v/literal_error
verified_by
  Input should be 'api' or 'manual' [type=literal_error, input_value='manual-rehydration-2026-08-06', input_type=str]
    For further information visit https://errors.pydantic.dev/2.13/v/literal_error
09:04:09 WARNING studio.ingest: rejeitado (licença): pixabay_29777.mp4 — registo de licença inválido: 2 validation errors for LicenseRecord
source
  Input should be 'pexels', 'pixabay', 'wikimedia', 'archive_org', 'youtube_cc' or 'owned' [type=literal_error, input_value='rehydration', input_type=str]
    For further information visit https://errors.pydantic.dev/2.13/v/literal_error
verified_by
  Input should be 'api' or 'manual' [type=literal_error, input_value='manual-rehydration-2026-08-06', input_type=str]
    For further information visit https://errors.pydantic.dev/2.13/v/literal_error
09:04:09 WARNING studio.ingest: rejeitado (licença): pixabay_29790.mp4 — registo de licença inválido: 2 validation errors for LicenseRecord
source
  Input should be 'pexels', 'pixabay', 'wikimedia', 'archive_org', 'youtube_cc' or 'owned' [type=literal_error, input_value='rehydration', input_type=str]
    For further information visit https://errors.pydantic.dev/2.13/v/literal_error
verified_by
  Input should be 'api' or 'manual' [type=literal_error, input_value='manual-rehydration-2026-08-06', input_type=str]
    For further information visit https://errors.pydantic.dev/2.13/v/literal_error
[ 910/1075] [rej]   0.0s  shots:+0  pixabay_29790.mp4 (ETA ~0min)
09:04:09 WARNING studio.ingest: rejeitado (licença): pixabay_29879.mp4 — registo de licença inválido: 2 validation errors for LicenseRecord
source
  Input should be 'pexels', 'pixabay', 'wikimedia', 'archive_org', 'youtube_cc' or 'owned' [type=literal_error, input_value='rehydration', input_type=str]
    For further information visit https://errors.pydantic.dev/2.13/v/literal_error
verified_by
  Input should be 'api' or 'manual' [type=literal_error, input_value='manual-rehydration-2026-08-06', input_type=str]
    For further information visit https://errors.pydantic.dev/2.13/v/literal_error
09:04:09 WARNING studio.ingest: rejeitado (licença): pixabay_29887.mp4 — registo de licença inválido: 2 validation errors for LicenseRecord
source
  Input should be 'pexels', 'pixabay', 'wikimedia', 'archive_org', 'youtube_cc' or 'owned' [type=literal_error, input_value='rehydration', input_type=str]
    For further information visit https://errors.pydantic.dev/2.13/v/literal_error
verified_by
  Input should be 'api' or 'manual' [type=literal_error, input_value='manual-rehydration-2026-08-06', input_type=str]
    For further information visit https://errors.pydantic.dev/2.13/v/literal_error
09:04:09 WARNING studio.ingest: rejeitado (licença): pixabay_29942.mp4 — registo de licença inválido: 2 validation errors for LicenseRecord
source
  Input should be 'pexels', 'pixabay', 'wikimedia', 'archive_org', 'youtube_cc' or 'owned' [type=literal_error, input_value='rehydration', input_type=str]
    For further information visit https://errors.pydantic.dev/2.13/v/literal_error
verified_by
  Input should be 'api' or 'manual' [type=literal_error, input_value='manual-rehydration-2026-08-06', input_type=str]
    For further information visit https://errors.pydantic.dev/2.13/v/literal_error
09:04:09 WARNING studio.ingest: rejeitado (licença): pixabay_30280.mp4 — registo de licença inválido: 2 validation errors for LicenseRecord
source
  Input should be 'pexels', 'pixabay', 'wikimedia', 'archive_org', 'youtube_cc' or 'owned' [type=literal_error, input_value='rehydration', input_type=str]
    For further information visit https://errors.pydantic.dev/2.13/v/literal_error
verified_by
  Input should be 'api' or 'manual' [type=literal_error, input_value='manual-rehydration-2026-08-06', input_type=str]
    For further information visit https://errors.pydantic.dev/2.13/v/literal_error
09:04:09 WARNING studio.ingest: rejeitado (licença): pixabay_30470.mp4 — registo de licença inválido: 2 validation errors for LicenseRecord
source
  Input should be 'pexels', 'pixabay', 'wikimedia', 'archive_org', 'youtube_cc' or 'owned' [type=literal_error, input_value='rehydration', input_type=str]
    For further information visit https://errors.pydantic.dev/2.13/v/literal_error
verified_by
  Input should be 'api' or 'manual' [type=literal_error, input_value='manual-rehydration-2026-08-06', input_type=str]
    For further information visit https://errors.pydantic.dev/2.13/v/literal_error
09:04:09 WARNING studio.ingest: rejeitado (licença): pixabay_305660.mp4 — registo de licença inválido: 2 validation errors for LicenseRecord
source
  Input should be 'pexels', 'pixabay', 'wikimedia', 'archive_org', 'youtube_cc' or 'owned' [type=literal_error, input_value='rehydration', input_type=str]
    For further information visit https://errors.pydantic.dev/2.13/v/literal_error
verified_by
  Input should be 'api' or 'manual' [type=literal_error, input_value='manual-rehydration-2026-08-06', input_type=str]
    For further information visit https://errors.pydantic.dev/2.13/v/literal_error
09:04:09 WARNING studio.ingest: rejeitado (licença): pixabay_306552.mp4 — registo de licença inválido: 2 validation errors for LicenseRecord
source
  Input should be 'pexels', 'pixabay', 'wikimedia', 'archive_org', 'youtube_cc' or 'owned' [type=literal_error, input_value='rehydration', input_type=str]
    For further information visit https://errors.pydantic.dev/2.13/v/literal_error
verified_by
  Input should be 'api' or 'manual' [type=literal_error, input_value='manual-rehydration-2026-08-06', input_type=str]
    For further information visit https://errors.pydantic.dev/2.13/v/literal_error
09:04:09 WARNING studio.ingest: rejeitado (licença): pixabay_3068.mp4 — registo de licença inválido: 2 validation errors for LicenseRecord
source
  Input should be 'pexels', 'pixabay', 'wikimedia', 'archive_org', 'youtube_cc' or 'owned' [type=literal_error, input_value='rehydration', input_type=str]
    For further information visit https://errors.pydantic.dev/2.13/v/literal_error
verified_by
  Input should be 'api' or 'manual' [type=literal_error, input_value='manual-rehydration-2026-08-06', input_type=str]
    For further information visit https://errors.pydantic.dev/2.13/v/literal_error
09:04:09 WARNING studio.ingest: rejeitado (licença): pixabay_30761.mp4 — registo de licença inválido: 2 validation errors for LicenseRecord
source
  Input should be 'pexels', 'pixabay', 'wikimedia', 'archive_org', 'youtube_cc' or 'owned' [type=literal_error, input_value='rehydration', input_type=str]
    For further information visit https://errors.pydantic.dev/2.13/v/literal_error
verified_by
  Input should be 'api' or 'manual' [type=literal_error, input_value='manual-rehydration-2026-08-06', input_type=str]
    For further information visit https://errors.pydantic.dev/2.13/v/literal_error
09:04:09 WARNING studio.ingest: rejeitado (licença): pixabay_307864.mp4 — registo de licença inválido: 2 validation errors for LicenseRecord
source
  Input should be 'pexels', 'pixabay', 'wikimedia', 'archive_org', 'youtube_cc' or 'owned' [type=literal_error, input_value='rehydration', input_type=str]
    For further information visit https://errors.pydantic.dev/2.13/v/literal_error
verified_by
  Input should be 'api' or 'manual' [type=literal_error, input_value='manual-rehydration-2026-08-06', input_type=str]
    For further information visit https://errors.pydantic.dev/2.13/v/literal_error
[ 920/1075] [rej]   0.0s  shots:+0  pixabay_307864.mp4 (ETA ~0min)
09:04:09 WARNING studio.ingest: rejeitado (licença): pixabay_308073.mp4 — registo de licença inválido: 2 validation errors for LicenseRecord
source
  Input should be 'pexels', 'pixabay', 'wikimedia', 'archive_org', 'youtube_cc' or 'owned' [type=literal_error, input_value='rehydration', input_type=str]
    For further information visit https://errors.pydantic.dev/2.13/v/literal_error
verified_by
  Input should be 'api' or 'manual' [type=literal_error, input_value='manual-rehydration-2026-08-06', input_type=str]
    For further information visit https://errors.pydantic.dev/2.13/v/literal_error
09:04:09 WARNING studio.ingest: rejeitado (licença): pixabay_30984.mp4 — registo de licença inválido: 2 validation errors for LicenseRecord
source
  Input should be 'pexels', 'pixabay', 'wikimedia', 'archive_org', 'youtube_cc' or 'owned' [type=literal_error, input_value='rehydration', input_type=str]
    For further information visit https://errors.pydantic.dev/2.13/v/literal_error
verified_by
  Input should be 'api' or 'manual' [type=literal_error, input_value='manual-rehydration-2026-08-06', input_type=str]
    For further information visit https://errors.pydantic.dev/2.13/v/literal_error
09:04:09 WARNING studio.ingest: rejeitado (licença): pixabay_31012.mp4 — registo de licença inválido: 2 validation errors for LicenseRecord
source
  Input should be 'pexels', 'pixabay', 'wikimedia', 'archive_org', 'youtube_cc' or 'owned' [type=literal_error, input_value='rehydration', input_type=str]
    For further information visit https://errors.pydantic.dev/2.13/v/literal_error
verified_by
  Input should be 'api' or 'manual' [type=literal_error, input_value='manual-rehydration-2026-08-06', input_type=str]
    For further information visit https://errors.pydantic.dev/2.13/v/literal_error
09:04:09 WARNING studio.ingest: rejeitado (licença): pixabay_31188.mp4 — registo de licença inválido: 2 validation errors for LicenseRecord
source
  Input should be 'pexels', 'pixabay', 'wikimedia', 'archive_org', 'youtube_cc' or 'owned' [type=literal_error, input_value='rehydration', input_type=str]
    For further information visit https://errors.pydantic.dev/2.13/v/literal_error
verified_by
  Input should be 'api' or 'manual' [type=literal_error, input_value='manual-rehydration-2026-08-06', input_type=str]
    For further information visit https://errors.pydantic.dev/2.13/v/literal_error
09:04:09 WARNING studio.ingest: rejeitado (licença): pixabay_314.mp4 — registo de licença inválido: 2 validation errors for LicenseRecord
source
  Input should be 'pexels', 'pixabay', 'wikimedia', 'archive_org', 'youtube_cc' or 'owned' [type=literal_error, input_value='rehydration', input_type=str]
    For further information visit https://errors.pydantic.dev/2.13/v/literal_error
verified_by
  Input should be 'api' or 'manual' [type=literal_error, input_value='manual-rehydration-2026-08-06', input_type=str]
    For further information visit https://errors.pydantic.dev/2.13/v/literal_error
09:04:09 WARNING studio.ingest: rejeitado (licença): pixabay_3152.mp4 — registo de licença inválido: 2 validation errors for LicenseRecord
source
  Input should be 'pexels', 'pixabay', 'wikimedia', 'archive_org', 'youtube_cc' or 'owned' [type=literal_error, input_value='rehydration', input_type=str]
    For further information visit https://errors.pydantic.dev/2.13/v/literal_error
verified_by
  Input should be 'api' or 'manual' [type=literal_error, input_value='manual-rehydration-2026-08-06', input_type=str]
    For further information visit https://errors.pydantic.dev/2.13/v/literal_error
09:04:09 WARNING studio.ingest: rejeitado (licença): pixabay_31556.mp4 — registo de licença inválido: 2 validation errors for LicenseRecord
source
  Input should be 'pexels', 'pixabay', 'wikimedia', 'archive_org', 'youtube_cc' or 'owned' [type=literal_error, input_value='rehydration', input_type=str]
    For further information visit https://errors.pydantic.dev/2.13/v/literal_error
verified_by
  Input should be 'api' or 'manual' [type=literal_error, input_value='manual-rehydration-2026-08-06', input_type=str]
    For further information visit https://errors.pydantic.dev/2.13/v/literal_error
09:04:09 WARNING studio.ingest: rejeitado (licença): pixabay_3158.mp4 — registo de licença inválido: 2 validation errors for LicenseRecord
source
  Input should be 'pexels', 'pixabay', 'wikimedia', 'archive_org', 'youtube_cc' or 'owned' [type=literal_error, input_value='rehydration', input_type=str]
    For further information visit https://errors.pydantic.dev/2.13/v/literal_error
verified_by
  Input should be 'api' or 'manual' [type=literal_error, input_value='manual-rehydration-2026-08-06', input_type=str]
    For further information visit https://errors.pydantic.dev/2.13/v/literal_error
09:04:09 WARNING studio.ingest: rejeitado (licença): pixabay_31654.mp4 — registo de licença inválido: 2 validation errors for LicenseRecord
source
  Input should be 'pexels', 'pixabay', 'wikimedia', 'archive_org', 'youtube_cc' or 'owned' [type=literal_error, input_value='rehydration', input_type=str]
    For further information visit https://errors.pydantic.dev/2.13/v/literal_error
verified_by
  Input should be 'api' or 'manual' [type=literal_error, input_value='manual-rehydration-2026-08-06', input_type=str]
    For further information visit https://errors.pydantic.dev/2.13/v/literal_error
09:04:09 WARNING studio.ingest: rejeitado (licença): pixabay_3171.mp4 — registo de licença inválido: 2 validation errors for LicenseRecord
source
  Input should be 'pexels', 'pixabay', 'wikimedia', 'archive_org', 'youtube_cc' or 'owned' [type=literal_error, input_value='rehydration', input_type=str]
    For further information visit https://errors.pydantic.dev/2.13/v/literal_error
verified_by
  Input should be 'api' or 'manual' [type=literal_error, input_value='manual-rehydration-2026-08-06', input_type=str]
    For further information visit https://errors.pydantic.dev/2.13/v/literal_error
[ 930/1075] [rej]   0.0s  shots:+0  pixabay_3171.mp4 (ETA ~0min)
09:04:09 WARNING studio.ingest: rejeitado (licença): pixabay_3178.mp4 — registo de licença inválido: 2 validation errors for LicenseRecord
source
  Input should be 'pexels', 'pixabay', 'wikimedia', 'archive_org', 'youtube_cc' or 'owned' [type=literal_error, input_value='rehydration', input_type=str]
    For further information visit https://errors.pydantic.dev/2.13/v/literal_error
verified_by
  Input should be 'api' or 'manual' [type=literal_error, input_value='manual-rehydration-2026-08-06', input_type=str]
    For further information visit https://errors.pydantic.dev/2.13/v/literal_error
09:04:09 WARNING studio.ingest: rejeitado (licença): pixabay_32031.mp4 — registo de licença inválido: 2 validation errors for LicenseRecord
source
  Input should be 'pexels', 'pixabay', 'wikimedia', 'archive_org', 'youtube_cc' or 'owned' [type=literal_error, input_value='rehydration', input_type=str]
    For further information visit https://errors.pydantic.dev/2.13/v/literal_error
verified_by
  Input should be 'api' or 'manual' [type=literal_error, input_value='manual-rehydration-2026-08-06', input_type=str]
    For further information visit https://errors.pydantic.dev/2.13/v/literal_error
09:04:09 WARNING studio.ingest: rejeitado (licença): pixabay_321711.mp4 — registo de licença inválido: 2 validation errors for LicenseRecord
source
  Input should be 'pexels', 'pixabay', 'wikimedia', 'archive_org', 'youtube_cc' or 'owned' [type=literal_error, input_value='rehydration', input_type=str]
    For further information visit https://errors.pydantic.dev/2.13/v/literal_error
verified_by
  Input should be 'api' or 'manual' [type=literal_error, input_value='manual-rehydration-2026-08-06', input_type=str]
    For further information visit https://errors.pydantic.dev/2.13/v/literal_error
09:04:09 WARNING studio.ingest: rejeitado (licença): pixabay_32248.mp4 — registo de licença inválido: 2 validation errors for LicenseRecord
source
  Input should be 'pexels', 'pixabay', 'wikimedia', 'archive_org', 'youtube_cc' or 'owned' [type=literal_error, input_value='rehydration', input_type=str]
    For further information visit https://errors.pydantic.dev/2.13/v/literal_error
verified_by
  Input should be 'api' or 'manual' [type=literal_error, input_value='manual-rehydration-2026-08-06', input_type=str]
    For further information visit https://errors.pydantic.dev/2.13/v/literal_error
09:04:09 WARNING studio.ingest: rejeitado (licença): pixabay_326739.mp4 — registo de licença inválido: 2 validation errors for LicenseRecord
source
  Input should be 'pexels', 'pixabay', 'wikimedia', 'archive_org', 'youtube_cc' or 'owned' [type=literal_error, input_value='rehydration', input_type=str]
    For further information visit https://errors.pydantic.dev/2.13/v/literal_error
verified_by
  Input should be 'api' or 'manual' [type=literal_error, input_value='manual-rehydration-2026-08-06', input_type=str]
    For further information visit https://errors.pydantic.dev/2.13/v/literal_error
09:04:09 WARNING studio.ingest: rejeitado (licença): pixabay_326897.mp4 — registo de licença inválido: 2 validation errors for LicenseRecord
source
  Input should be 'pexels', 'pixabay', 'wikimedia', 'archive_org', 'youtube_cc' or 'owned' [type=literal_error, input_value='rehydration', input_type=str]
    For further information visit https://errors.pydantic.dev/2.13/v/literal_error
verified_by
  Input should be 'api' or 'manual' [type=literal_error, input_value='manual-rehydration-2026-08-06', input_type=str]
    For further information visit https://errors.pydantic.dev/2.13/v/literal_error
09:04:09 WARNING studio.ingest: rejeitado (licença): pixabay_326898.mp4 — registo de licença inválido: 2 validation errors for LicenseRecord
source
  Input should be 'pexels', 'pixabay', 'wikimedia', 'archive_org', 'youtube_cc' or 'owned' [type=literal_error, input_value='rehydration', input_type=str]
    For further information visit https://errors.pydantic.dev/2.13/v/literal_error
verified_by
  Input should be 'api' or 'manual' [type=literal_error, input_value='manual-rehydration-2026-08-06', input_type=str]
    For further information visit https://errors.pydantic.dev/2.13/v/literal_error
09:04:09 WARNING studio.ingest: rejeitado (licença): pixabay_326916.mp4 — registo de licença inválido: 2 validation errors for LicenseRecord
source
  Input should be 'pexels', 'pixabay', 'wikimedia', 'archive_org', 'youtube_cc' or 'owned' [type=literal_error, input_value='rehydration', input_type=str]
    For further information visit https://errors.pydantic.dev/2.13/v/literal_error
verified_by
  Input should be 'api' or 'manual' [type=literal_error, input_value='manual-rehydration-2026-08-06', input_type=str]
    For further information visit https://errors.pydantic.dev/2.13/v/literal_error
09:04:09 WARNING studio.ingest: rejeitado (licença): pixabay_327025.mp4 — registo de licença inválido: 2 validation errors for LicenseRecord
source
  Input should be 'pexels', 'pixabay', 'wikimedia', 'archive_org', 'youtube_cc' or 'owned' [type=literal_error, input_value='rehydration', input_type=str]
    For further information visit https://errors.pydantic.dev/2.13/v/literal_error
verified_by
  Input should be 'api' or 'manual' [type=literal_error, input_value='manual-rehydration-2026-08-06', input_type=str]
    For further information visit https://errors.pydantic.dev/2.13/v/literal_error
09:04:09 WARNING studio.ingest: rejeitado (licença): pixabay_32766.mp4 — registo de licença inválido: 2 validation errors for LicenseRecord
source
  Input should be 'pexels', 'pixabay', 'wikimedia', 'archive_org', 'youtube_cc' or 'owned' [type=literal_error, input_value='rehydration', input_type=str]
    For further information visit https://errors.pydantic.dev/2.13/v/literal_error
verified_by
  Input should be 'api' or 'manual' [type=literal_error, input_value='manual-rehydration-2026-08-06', input_type=str]
    For further information visit https://errors.pydantic.dev/2.13/v/literal_error
[ 940/1075] [rej]   0.0s  shots:+0  pixabay_32766.mp4 (ETA ~0min)
09:04:09 WARNING studio.ingest: rejeitado (licença): pixabay_329.mp4 — registo de licença inválido: 2 validation errors for LicenseRecord
source
  Input should be 'pexels', 'pixabay', 'wikimedia', 'archive_org', 'youtube_cc' or 'owned' [type=literal_error, input_value='rehydration', input_type=str]
    For further information visit https://errors.pydantic.dev/2.13/v/literal_error
verified_by
  Input should be 'api' or 'manual' [type=literal_error, input_value='manual-rehydration-2026-08-06', input_type=str]
    For further information visit https://errors.pydantic.dev/2.13/v/literal_error
09:04:09 WARNING studio.ingest: rejeitado (licença): pixabay_33014.mp4 — registo de licença inválido: 2 validation errors for LicenseRecord
source
  Input should be 'pexels', 'pixabay', 'wikimedia', 'archive_org', 'youtube_cc' or 'owned' [type=literal_error, input_value='rehydration', input_type=str]
    For further information visit https://errors.pydantic.dev/2.13/v/literal_error
verified_by
  Input should be 'api' or 'manual' [type=literal_error, input_value='manual-rehydration-2026-08-06', input_type=str]
    For further information visit https://errors.pydantic.dev/2.13/v/literal_error
09:04:09 WARNING studio.ingest: rejeitado (licença): pixabay_334302.mp4 — registo de licença inválido: 2 validation errors for LicenseRecord
source
  Input should be 'pexels', 'pixabay', 'wikimedia', 'archive_org', 'youtube_cc' or 'owned' [type=literal_error, input_value='rehydration', input_type=str]
    For further information visit https://errors.pydantic.dev/2.13/v/literal_error
verified_by
  Input should be 'api' or 'manual' [type=literal_error, input_value='manual-rehydration-2026-08-06', input_type=str]
    For further information visit https://errors.pydantic.dev/2.13/v/literal_error
09:04:09 WARNING studio.ingest: rejeitado (licença): pixabay_334716.mp4 — registo de licença inválido: 2 validation errors for LicenseRecord
source
  Input should be 'pexels', 'pixabay', 'wikimedia', 'archive_org', 'youtube_cc' or 'owned' [type=literal_error, input_value='rehydration', input_type=str]
    For further information visit https://errors.pydantic.dev/2.13/v/literal_error
verified_by
  Input should be 'api' or 'manual' [type=literal_error, input_value='manual-rehydration-2026-08-06', input_type=str]
    For further information visit https://errors.pydantic.dev/2.13/v/literal_error
09:04:09 WARNING studio.ingest: rejeitado (licença): pixabay_336149.mp4 — registo de licença inválido: 2 validation errors for LicenseRecord
source
  Input should be 'pexels', 'pixabay', 'wikimedia', 'archive_org', 'youtube_cc' or 'owned' [type=literal_error, input_value='rehydration', input_type=str]
    For further information visit https://errors.pydantic.dev/2.13/v/literal_error
verified_by
  Input should be 'api' or 'manual' [type=literal_error, input_value='manual-rehydration-2026-08-06', input_type=str]
    For further information visit https://errors.pydantic.dev/2.13/v/literal_error
09:04:09 WARNING studio.ingest: rejeitado (licença): pixabay_336253.mp4 — registo de licença inválido: 2 validation errors for LicenseRecord
source
  Input should be 'pexels', 'pixabay', 'wikimedia', 'archive_org', 'youtube_cc' or 'owned' [type=literal_error, input_value='rehydration', input_type=str]
    For further information visit https://errors.pydantic.dev/2.13/v/literal_error
verified_by
  Input should be 'api' or 'manual' [type=literal_error, input_value='manual-rehydration-2026-08-06', input_type=str]
    For further information visit https://errors.pydantic.dev/2.13/v/literal_error
09:04:09 WARNING studio.ingest: rejeitado (licença): pixabay_336755.mp4 — registo de licença inválido: 2 validation errors for LicenseRecord
source
  Input should be 'pexels', 'pixabay', 'wikimedia', 'archive_org', 'youtube_cc' or 'owned' [type=literal_error, input_value='rehydration', input_type=str]
    For further information visit https://errors.pydantic.dev/2.13/v/literal_error
verified_by
  Input should be 'api' or 'manual' [type=literal_error, input_value='manual-rehydration-2026-08-06', input_type=str]
    For further information visit https://errors.pydantic.dev/2.13/v/literal_error
09:04:09 WARNING studio.ingest: rejeitado (licença): pixabay_338904.mp4 — registo de licença inválido: 2 validation errors for LicenseRecord
source
  Input should be 'pexels', 'pixabay', 'wikimedia', 'archive_org', 'youtube_cc' or 'owned' [type=literal_error, input_value='rehydration', input_type=str]
    For further information visit https://errors.pydantic.dev/2.13/v/literal_error
verified_by
  Input should be 'api' or 'manual' [type=literal_error, input_value='manual-rehydration-2026-08-06', input_type=str]
    For further information visit https://errors.pydantic.dev/2.13/v/literal_error
09:04:09 WARNING studio.ingest: rejeitado (licença): pixabay_34091.mp4 — registo de licença inválido: 2 validation errors for LicenseRecord
source
  Input should be 'pexels', 'pixabay', 'wikimedia', 'archive_org', 'youtube_cc' or 'owned' [type=literal_error, input_value='rehydration', input_type=str]
    For further information visit https://errors.pydantic.dev/2.13/v/literal_error
verified_by
  Input should be 'api' or 'manual' [type=literal_error, input_value='manual-rehydration-2026-08-06', input_type=str]
    For further information visit https://errors.pydantic.dev/2.13/v/literal_error
09:04:09 WARNING studio.ingest: rejeitado (licença): pixabay_342536.mp4 — registo de licença inválido: 2 validation errors for LicenseRecord
source
  Input should be 'pexels', 'pixabay', 'wikimedia', 'archive_org', 'youtube_cc' or 'owned' [type=literal_error, input_value='rehydration', input_type=str]
    For further information visit https://errors.pydantic.dev/2.13/v/literal_error
verified_by
  Input should be 'api' or 'manual' [type=literal_error, input_value='manual-rehydration-2026-08-06', input_type=str]
    For further information visit https://errors.pydantic.dev/2.13/v/literal_error
[ 950/1075] [rej]   0.0s  shots:+0  pixabay_342536.mp4 (ETA ~0min)
09:04:09 WARNING studio.ingest: rejeitado (licença): pixabay_343300.mp4 — registo de licença inválido: 2 validation errors for LicenseRecord
source
  Input should be 'pexels', 'pixabay', 'wikimedia', 'archive_org', 'youtube_cc' or 'owned' [type=literal_error, input_value='rehydration', input_type=str]
    For further information visit https://errors.pydantic.dev/2.13/v/literal_error
verified_by
  Input should be 'api' or 'manual' [type=literal_error, input_value='manual-rehydration-2026-08-06', input_type=str]
    For further information visit https://errors.pydantic.dev/2.13/v/literal_error
09:04:09 WARNING studio.ingest: rejeitado (licença): pixabay_343478.mp4 — registo de licença inválido: 2 validation errors for LicenseRecord
source
  Input should be 'pexels', 'pixabay', 'wikimedia', 'archive_org', 'youtube_cc' or 'owned' [type=literal_error, input_value='rehydration', input_type=str]
    For further information visit https://errors.pydantic.dev/2.13/v/literal_error
verified_by
  Input should be 'api' or 'manual' [type=literal_error, input_value='manual-rehydration-2026-08-06', input_type=str]
    For further information visit https://errors.pydantic.dev/2.13/v/literal_error
09:04:09 WARNING studio.ingest: rejeitado (licença): pixabay_344373.mp4 — registo de licença inválido: 2 validation errors for LicenseRecord
source
  Input should be 'pexels', 'pixabay', 'wikimedia', 'archive_org', 'youtube_cc' or 'owned' [type=literal_error, input_value='rehydration', input_type=str]
    For further information visit https://errors.pydantic.dev/2.13/v/literal_error
verified_by
  Input should be 'api' or 'manual' [type=literal_error, input_value='manual-rehydration-2026-08-06', input_type=str]
    For further information visit https://errors.pydantic.dev/2.13/v/literal_error
09:04:09 WARNING studio.ingest: rejeitado (licença): pixabay_344380.mp4 — registo de licença inválido: 2 validation errors for LicenseRecord
source
  Input should be 'pexels', 'pixabay', 'wikimedia', 'archive_org', 'youtube_cc' or 'owned' [type=literal_error, input_value='rehydration', input_type=str]
    For further information visit https://errors.pydantic.dev/2.13/v/literal_error
verified_by
  Input should be 'api' or 'manual' [type=literal_error, input_value='manual-rehydration-2026-08-06', input_type=str]
    For further information visit https://errors.pydantic.dev/2.13/v/literal_error
09:04:09 WARNING studio.ingest: rejeitado (licença): pixabay_345244.mp4 — registo de licença inválido: 2 validation errors for LicenseRecord
source
  Input should be 'pexels', 'pixabay', 'wikimedia', 'archive_org', 'youtube_cc' or 'owned' [type=literal_error, input_value='rehydration', input_type=str]
    For further information visit https://errors.pydantic.dev/2.13/v/literal_error
verified_by
  Input should be 'api' or 'manual' [type=literal_error, input_value='manual-rehydration-2026-08-06', input_type=str]
    For further information visit https://errors.pydantic.dev/2.13/v/literal_error
09:04:09 WARNING studio.ingest: rejeitado (licença): pixabay_346439.mp4 — registo de licença inválido: 2 validation errors for LicenseRecord
source
  Input should be 'pexels', 'pixabay', 'wikimedia', 'archive_org', 'youtube_cc' or 'owned' [type=literal_error, input_value='rehydration', input_type=str]
    For further information visit https://errors.pydantic.dev/2.13/v/literal_error
verified_by
  Input should be 'api' or 'manual' [type=literal_error, input_value='manual-rehydration-2026-08-06', input_type=str]
    For further information visit https://errors.pydantic.dev/2.13/v/literal_error
09:04:09 WARNING studio.ingest: rejeitado (licença): pixabay_34855.mp4 — registo de licença inválido: 2 validation errors for LicenseRecord
source
  Input should be 'pexels', 'pixabay', 'wikimedia', 'archive_org', 'youtube_cc' or 'owned' [type=literal_error, input_value='rehydration', input_type=str]
    For further information visit https://errors.pydantic.dev/2.13/v/literal_error
verified_by
  Input should be 'api' or 'manual' [type=literal_error, input_value='manual-rehydration-2026-08-06', input_type=str]
    For further information visit https://errors.pydantic.dev/2.13/v/literal_error
09:04:09 WARNING studio.ingest: rejeitado (licença): pixabay_351831.mp4 — registo de licença inválido: 2 validation errors for LicenseRecord
source
  Input should be 'pexels', 'pixabay', 'wikimedia', 'archive_org', 'youtube_cc' or 'owned' [type=literal_error, input_value='rehydration', input_type=str]
    For further information visit https://errors.pydantic.dev/2.13/v/literal_error
verified_by
  Input should be 'api' or 'manual' [type=literal_error, input_value='manual-rehydration-2026-08-06', input_type=str]
    For further information visit https://errors.pydantic.dev/2.13/v/literal_error
09:04:09 WARNING studio.ingest: rejeitado (licença): pixabay_351833.mp4 — registo de licença inválido: 2 validation errors for LicenseRecord
source
  Input should be 'pexels', 'pixabay', 'wikimedia', 'archive_org', 'youtube_cc' or 'owned' [type=literal_error, input_value='rehydration', input_type=str]
    For further information visit https://errors.pydantic.dev/2.13/v/literal_error
verified_by
  Input should be 'api' or 'manual' [type=literal_error, input_value='manual-rehydration-2026-08-06', input_type=str]
    For further information visit https://errors.pydantic.dev/2.13/v/literal_error
09:04:09 WARNING studio.ingest: rejeitado (licença): pixabay_35422.mp4 — registo de licença inválido: 2 validation errors for LicenseRecord
source
  Input should be 'pexels', 'pixabay', 'wikimedia', 'archive_org', 'youtube_cc' or 'owned' [type=literal_error, input_value='rehydration', input_type=str]
    For further information visit https://errors.pydantic.dev/2.13/v/literal_error
verified_by
  Input should be 'api' or 'manual' [type=literal_error, input_value='manual-rehydration-2026-08-06', input_type=str]
    For further information visit https://errors.pydantic.dev/2.13/v/literal_error
[ 960/1075] [rej]   0.0s  shots:+0  pixabay_35422.mp4 (ETA ~0min)
09:04:09 WARNING studio.ingest: rejeitado (licença): pixabay_35609.mp4 — registo de licença inválido: 2 validation errors for LicenseRecord
source
  Input should be 'pexels', 'pixabay', 'wikimedia', 'archive_org', 'youtube_cc' or 'owned' [type=literal_error, input_value='rehydration', input_type=str]
    For further information visit https://errors.pydantic.dev/2.13/v/literal_error
verified_by
  Input should be 'api' or 'manual' [type=literal_error, input_value='manual-rehydration-2026-08-06', input_type=str]
    For further information visit https://errors.pydantic.dev/2.13/v/literal_error
09:04:09 WARNING studio.ingest: rejeitado (licença): pixabay_35618.mp4 — registo de licença inválido: 2 validation errors for LicenseRecord
source
  Input should be 'pexels', 'pixabay', 'wikimedia', 'archive_org', 'youtube_cc' or 'owned' [type=literal_error, input_value='rehydration', input_type=str]
    For further information visit https://errors.pydantic.dev/2.13/v/literal_error
verified_by
  Input should be 'api' or 'manual' [type=literal_error, input_value='manual-rehydration-2026-08-06', input_type=str]
    For further information visit https://errors.pydantic.dev/2.13/v/literal_error
09:04:09 WARNING studio.ingest: rejeitado (licença): pixabay_35631.mp4 — registo de licença inválido: 2 validation errors for LicenseRecord
source
  Input should be 'pexels', 'pixabay', 'wikimedia', 'archive_org', 'youtube_cc' or 'owned' [type=literal_error, input_value='rehydration', input_type=str]
    For further information visit https://errors.pydantic.dev/2.13/v/literal_error
verified_by
  Input should be 'api' or 'manual' [type=literal_error, input_value='manual-rehydration-2026-08-06', input_type=str]
    For further information visit https://errors.pydantic.dev/2.13/v/literal_error
09:04:09 WARNING studio.ingest: rejeitado (licença): pixabay_3581.mp4 — registo de licença inválido: 2 validation errors for LicenseRecord
source
  Input should be 'pexels', 'pixabay', 'wikimedia', 'archive_org', 'youtube_cc' or 'owned' [type=literal_error, input_value='rehydration', input_type=str]
    For further information visit https://errors.pydantic.dev/2.13/v/literal_error
verified_by
  Input should be 'api' or 'manual' [type=literal_error, input_value='manual-rehydration-2026-08-06', input_type=str]
    For further information visit https://errors.pydantic.dev/2.13/v/literal_error
09:04:09 WARNING studio.ingest: rejeitado (licença): pixabay_358111.mp4 — registo de licença inválido: 2 validation errors for LicenseRecord
source
  Input should be 'pexels', 'pixabay', 'wikimedia', 'archive_org', 'youtube_cc' or 'owned' [type=literal_error, input_value='rehydration', input_type=str]
    For further information visit https://errors.pydantic.dev/2.13/v/literal_error
verified_by
  Input should be 'api' or 'manual' [type=literal_error, input_value='manual-rehydration-2026-08-06', input_type=str]
    For further information visit https://errors.pydantic.dev/2.13/v/literal_error
09:04:09 WARNING studio.ingest: rejeitado (licença): pixabay_360310.mp4 — registo de licença inválido: 2 validation errors for LicenseRecord
source
  Input should be 'pexels', 'pixabay', 'wikimedia', 'archive_org', 'youtube_cc' or 'owned' [type=literal_error, input_value='rehydration', input_type=str]
    For further information visit https://errors.pydantic.dev/2.13/v/literal_error
verified_by
  Input should be 'api' or 'manual' [type=literal_error, input_value='manual-rehydration-2026-08-06', input_type=str]
    For further information visit https://errors.pydantic.dev/2.13/v/literal_error
09:04:09 WARNING studio.ingest: rejeitado (licença): pixabay_3608.mp4 — registo de licença inválido: 2 validation errors for LicenseRecord
source
  Input should be 'pexels', 'pixabay', 'wikimedia', 'archive_org', 'youtube_cc' or 'owned' [type=literal_error, input_value='rehydration', input_type=str]
    For further information visit https://errors.pydantic.dev/2.13/v/literal_error
verified_by
  Input should be 'api' or 'manual' [type=literal_error, input_value='manual-rehydration-2026-08-06', input_type=str]
    For further information visit https://errors.pydantic.dev/2.13/v/literal_error
09:04:09 WARNING studio.ingest: rejeitado (licença): pixabay_3612.mp4 — registo de licença inválido: 2 validation errors for LicenseRecord
source
  Input should be 'pexels', 'pixabay', 'wikimedia', 'archive_org', 'youtube_cc' or 'owned' [type=literal_error, input_value='rehydration', input_type=str]
    For further information visit https://errors.pydantic.dev/2.13/v/literal_error
verified_by
  Input should be 'api' or 'manual' [type=literal_error, input_value='manual-rehydration-2026-08-06', input_type=str]
    For further information visit https://errors.pydantic.dev/2.13/v/literal_error
09:04:09 WARNING studio.ingest: rejeitado (licença): pixabay_361623.mp4 — registo de licença inválido: 2 validation errors for LicenseRecord
source
  Input should be 'pexels', 'pixabay', 'wikimedia', 'archive_org', 'youtube_cc' or 'owned' [type=literal_error, input_value='rehydration', input_type=str]
    For further information visit https://errors.pydantic.dev/2.13/v/literal_error
verified_by
  Input should be 'api' or 'manual' [type=literal_error, input_value='manual-rehydration-2026-08-06', input_type=str]
    For further information visit https://errors.pydantic.dev/2.13/v/literal_error
09:04:09 WARNING studio.ingest: rejeitado (licença): pixabay_361729.mp4 — registo de licença inválido: 2 validation errors for LicenseRecord
source
  Input should be 'pexels', 'pixabay', 'wikimedia', 'archive_org', 'youtube_cc' or 'owned' [type=literal_error, input_value='rehydration', input_type=str]
    For further information visit https://errors.pydantic.dev/2.13/v/literal_error
verified_by
  Input should be 'api' or 'manual' [type=literal_error, input_value='manual-rehydration-2026-08-06', input_type=str]
    For further information visit https://errors.pydantic.dev/2.13/v/literal_error
[ 970/1075] [rej]   0.0s  shots:+0  pixabay_361729.mp4 (ETA ~0min)
09:04:09 WARNING studio.ingest: rejeitado (licença): pixabay_3625.mp4 — registo de licença inválido: 2 validation errors for LicenseRecord
source
  Input should be 'pexels', 'pixabay', 'wikimedia', 'archive_org', 'youtube_cc' or 'owned' [type=literal_error, input_value='rehydration', input_type=str]
    For further information visit https://errors.pydantic.dev/2.13/v/literal_error
verified_by
  Input should be 'api' or 'manual' [type=literal_error, input_value='manual-rehydration-2026-08-06', input_type=str]
    For further information visit https://errors.pydantic.dev/2.13/v/literal_error
09:04:09 WARNING studio.ingest: rejeitado (licença): pixabay_3627.mp4 — registo de licença inválido: 2 validation errors for LicenseRecord
source
  Input should be 'pexels', 'pixabay', 'wikimedia', 'archive_org', 'youtube_cc' or 'owned' [type=literal_error, input_value='rehydration', input_type=str]
    For further information visit https://errors.pydantic.dev/2.13/v/literal_error
verified_by
  Input should be 'api' or 'manual' [type=literal_error, input_value='manual-rehydration-2026-08-06', input_type=str]
    For further information visit https://errors.pydantic.dev/2.13/v/literal_error
09:04:09 WARNING studio.ingest: rejeitado (licença): pixabay_3639.mp4 — registo de licença inválido: 2 validation errors for LicenseRecord
source
  Input should be 'pexels', 'pixabay', 'wikimedia', 'archive_org', 'youtube_cc' or 'owned' [type=literal_error, input_value='rehydration', input_type=str]
    For further information visit https://errors.pydantic.dev/2.13/v/literal_error
verified_by
  Input should be 'api' or 'manual' [type=literal_error, input_value='manual-rehydration-2026-08-06', input_type=str]
    For further information visit https://errors.pydantic.dev/2.13/v/literal_error
09:04:09 WARNING studio.ingest: rejeitado (licença): pixabay_364184.mp4 — registo de licença inválido: 2 validation errors for LicenseRecord
source
  Input should be 'pexels', 'pixabay', 'wikimedia', 'archive_org', 'youtube_cc' or 'owned' [type=literal_error, input_value='rehydration', input_type=str]
    For further information visit https://errors.pydantic.dev/2.13/v/literal_error
verified_by
  Input should be 'api' or 'manual' [type=literal_error, input_value='manual-rehydration-2026-08-06', input_type=str]
    For further information visit https://errors.pydantic.dev/2.13/v/literal_error
09:04:09 WARNING studio.ingest: rejeitado (licença): pixabay_36419.mp4 — registo de licença inválido: 2 validation errors for LicenseRecord
source
  Input should be 'pexels', 'pixabay', 'wikimedia', 'archive_org', 'youtube_cc' or 'owned' [type=literal_error, input_value='rehydration', input_type=str]
    For further information visit https://errors.pydantic.dev/2.13/v/literal_error
verified_by
  Input should be 'api' or 'manual' [type=literal_error, input_value='manual-rehydration-2026-08-06', input_type=str]
    For further information visit https://errors.pydantic.dev/2.13/v/literal_error
09:04:09 WARNING studio.ingest: rejeitado (licença): pixabay_364783.mp4 — registo de licença inválido: 2 validation errors for LicenseRecord
source
  Input should be 'pexels', 'pixabay', 'wikimedia', 'archive_org', 'youtube_cc' or 'owned' [type=literal_error, input_value='rehydration', input_type=str]
    For further information visit https://errors.pydantic.dev/2.13/v/literal_error
verified_by
  Input should be 'api' or 'manual' [type=literal_error, input_value='manual-rehydration-2026-08-06', input_type=str]
    For further information visit https://errors.pydantic.dev/2.13/v/literal_error
09:04:09 WARNING studio.ingest: rejeitado (licença): pixabay_367098.mp4 — registo de licença inválido: 2 validation errors for LicenseRecord
source
  Input should be 'pexels', 'pixabay', 'wikimedia', 'archive_org', 'youtube_cc' or 'owned' [type=literal_error, input_value='rehydration', input_type=str]
    For further information visit https://errors.pydantic.dev/2.13/v/literal_error
verified_by
  Input should be 'api' or 'manual' [type=literal_error, input_value='manual-rehydration-2026-08-06', input_type=str]
    For further information visit https://errors.pydantic.dev/2.13/v/literal_error
09:04:09 WARNING studio.ingest: rejeitado (licença): pixabay_367164.mp4 — registo de licença inválido: 2 validation errors for LicenseRecord
source
  Input should be 'pexels', 'pixabay', 'wikimedia', 'archive_org', 'youtube_cc' or 'owned' [type=literal_error, input_value='rehydration', input_type=str]
    For further information visit https://errors.pydantic.dev/2.13/v/literal_error
verified_by
  Input should be 'api' or 'manual' [type=literal_error, input_value='manual-rehydration-2026-08-06', input_type=str]
    For further information visit https://errors.pydantic.dev/2.13/v/literal_error
09:04:09 WARNING studio.ingest: rejeitado (licença): pixabay_37079.mp4 — registo de licença inválido: 2 validation errors for LicenseRecord
source
  Input should be 'pexels', 'pixabay', 'wikimedia', 'archive_org', 'youtube_cc' or 'owned' [type=literal_error, input_value='rehydration', input_type=str]
    For further information visit https://errors.pydantic.dev/2.13/v/literal_error
verified_by
  Input should be 'api' or 'manual' [type=literal_error, input_value='manual-rehydration-2026-08-06', input_type=str]
    For further information visit https://errors.pydantic.dev/2.13/v/literal_error
09:04:09 WARNING studio.ingest: rejeitado (licença): pixabay_3708.mp4 — registo de licença inválido: 2 validation errors for LicenseRecord
source
  Input should be 'pexels', 'pixabay', 'wikimedia', 'archive_org', 'youtube_cc' or 'owned' [type=literal_error, input_value='rehydration', input_type=str]
    For further information visit https://errors.pydantic.dev/2.13/v/literal_error
verified_by
  Input should be 'api' or 'manual' [type=literal_error, input_value='manual-rehydration-2026-08-06', input_type=str]
    For further information visit https://errors.pydantic.dev/2.13/v/literal_error
[ 980/1075] [rej]   0.0s  shots:+0  pixabay_3708.mp4 (ETA ~0min)
09:04:09 WARNING studio.ingest: rejeitado (licença): pixabay_3713.mp4 — registo de licença inválido: 2 validation errors for LicenseRecord
source
  Input should be 'pexels', 'pixabay', 'wikimedia', 'archive_org', 'youtube_cc' or 'owned' [type=literal_error, input_value='rehydration', input_type=str]
    For further information visit https://errors.pydantic.dev/2.13/v/literal_error
verified_by
  Input should be 'api' or 'manual' [type=literal_error, input_value='manual-rehydration-2026-08-06', input_type=str]
    For further information visit https://errors.pydantic.dev/2.13/v/literal_error
09:04:09 WARNING studio.ingest: rejeitado (licença): pixabay_38057.mp4 — registo de licença inválido: 2 validation errors for LicenseRecord
source
  Input should be 'pexels', 'pixabay', 'wikimedia', 'archive_org', 'youtube_cc' or 'owned' [type=literal_error, input_value='rehydration', input_type=str]
    For further information visit https://errors.pydantic.dev/2.13/v/literal_error
verified_by
  Input should be 'api' or 'manual' [type=literal_error, input_value='manual-rehydration-2026-08-06', input_type=str]
    For further information visit https://errors.pydantic.dev/2.13/v/literal_error
09:04:09 WARNING studio.ingest: rejeitado (licença): pixabay_38059.mp4 — registo de licença inválido: 2 validation errors for LicenseRecord
source
  Input should be 'pexels', 'pixabay', 'wikimedia', 'archive_org', 'youtube_cc' or 'owned' [type=literal_error, input_value='rehydration', input_type=str]
    For further information visit https://errors.pydantic.dev/2.13/v/literal_error
verified_by
  Input should be 'api' or 'manual' [type=literal_error, input_value='manual-rehydration-2026-08-06', input_type=str]
    For further information visit https://errors.pydantic.dev/2.13/v/literal_error
09:04:09 WARNING studio.ingest: rejeitado (licença): pixabay_38060.mp4 — registo de licença inválido: 2 validation errors for LicenseRecord
source
  Input should be 'pexels', 'pixabay', 'wikimedia', 'archive_org', 'youtube_cc' or 'owned' [type=literal_error, input_value='rehydration', input_type=str]
    For further information visit https://errors.pydantic.dev/2.13/v/literal_error
verified_by
  Input should be 'api' or 'manual' [type=literal_error, input_value='manual-rehydration-2026-08-06', input_type=str]
    For further information visit https://errors.pydantic.dev/2.13/v/literal_error
09:04:09 WARNING studio.ingest: rejeitado (licença): pixabay_38590.mp4 — registo de licença inválido: 2 validation errors for LicenseRecord
source
  Input should be 'pexels', 'pixabay', 'wikimedia', 'archive_org', 'youtube_cc' or 'owned' [type=literal_error, input_value='rehydration', input_type=str]
    For further information visit https://errors.pydantic.dev/2.13/v/literal_error
verified_by
  Input should be 'api' or 'manual' [type=literal_error, input_value='manual-rehydration-2026-08-06', input_type=str]
    For further information visit https://errors.pydantic.dev/2.13/v/literal_error
09:04:09 WARNING studio.ingest: rejeitado (licença): pixabay_38876.mp4 — registo de licença inválido: 2 validation errors for LicenseRecord
source
  Input should be 'pexels', 'pixabay', 'wikimedia', 'archive_org', 'youtube_cc' or 'owned' [type=literal_error, input_value='rehydration', input_type=str]
    For further information visit https://errors.pydantic.dev/2.13/v/literal_error
verified_by
  Input should be 'api' or 'manual' [type=literal_error, input_value='manual-rehydration-2026-08-06', input_type=str]
    For further information visit https://errors.pydantic.dev/2.13/v/literal_error
09:04:09 WARNING studio.ingest: rejeitado (licença): pixabay_39292.mp4 — registo de licença inválido: 2 validation errors for LicenseRecord
source
  Input should be 'pexels', 'pixabay', 'wikimedia', 'archive_org', 'youtube_cc' or 'owned' [type=literal_error, input_value='rehydration', input_type=str]
    For further information visit https://errors.pydantic.dev/2.13/v/literal_error
verified_by
  Input should be 'api' or 'manual' [type=literal_error, input_value='manual-rehydration-2026-08-06', input_type=str]
    For further information visit https://errors.pydantic.dev/2.13/v/literal_error
09:04:09 WARNING studio.ingest: rejeitado (licença): pixabay_39597.mp4 — registo de licença inválido: 2 validation errors for LicenseRecord
source
  Input should be 'pexels', 'pixabay', 'wikimedia', 'archive_org', 'youtube_cc' or 'owned' [type=literal_error, input_value='rehydration', input_type=str]
    For further information visit https://errors.pydantic.dev/2.13/v/literal_error
verified_by
  Input should be 'api' or 'manual' [type=literal_error, input_value='manual-rehydration-2026-08-06', input_type=str]
    For further information visit https://errors.pydantic.dev/2.13/v/literal_error
09:04:09 WARNING studio.ingest: rejeitado (licença): pixabay_39798.mp4 — registo de licença inválido: 2 validation errors for LicenseRecord
source
  Input should be 'pexels', 'pixabay', 'wikimedia', 'archive_org', 'youtube_cc' or 'owned' [type=literal_error, input_value='rehydration', input_type=str]
    For further information visit https://errors.pydantic.dev/2.13/v/literal_error
verified_by
  Input should be 'api' or 'manual' [type=literal_error, input_value='manual-rehydration-2026-08-06', input_type=str]
    For further information visit https://errors.pydantic.dev/2.13/v/literal_error
09:04:09 WARNING studio.ingest: rejeitado (licença): pixabay_42040.mp4 — registo de licença inválido: 2 validation errors for LicenseRecord
source
  Input should be 'pexels', 'pixabay', 'wikimedia', 'archive_org', 'youtube_cc' or 'owned' [type=literal_error, input_value='rehydration', input_type=str]
    For further information visit https://errors.pydantic.dev/2.13/v/literal_error
verified_by
  Input should be 'api' or 'manual' [type=literal_error, input_value='manual-rehydration-2026-08-06', input_type=str]
    For further information visit https://errors.pydantic.dev/2.13/v/literal_error
[ 990/1075] [rej]   0.0s  shots:+0  pixabay_42040.mp4 (ETA ~0min)
09:04:09 WARNING studio.ingest: rejeitado (licença): pixabay_42089.mp4 — registo de licença inválido: 2 validation errors for LicenseRecord
source
  Input should be 'pexels', 'pixabay', 'wikimedia', 'archive_org', 'youtube_cc' or 'owned' [type=literal_error, input_value='rehydration', input_type=str]
    For further information visit https://errors.pydantic.dev/2.13/v/literal_error
verified_by
  Input should be 'api' or 'manual' [type=literal_error, input_value='manual-rehydration-2026-08-06', input_type=str]
    For further information visit https://errors.pydantic.dev/2.13/v/literal_error
09:04:09 WARNING studio.ingest: rejeitado (licença): pixabay_42126.mp4 — registo de licença inválido: 2 validation errors for LicenseRecord
source
  Input should be 'pexels', 'pixabay', 'wikimedia', 'archive_org', 'youtube_cc' or 'owned' [type=literal_error, input_value='rehydration', input_type=str]
    For further information visit https://errors.pydantic.dev/2.13/v/literal_error
verified_by
  Input should be 'api' or 'manual' [type=literal_error, input_value='manual-rehydration-2026-08-06', input_type=str]
    For further information visit https://errors.pydantic.dev/2.13/v/literal_error
09:04:09 WARNING studio.ingest: rejeitado (licença): pixabay_42862.mp4 — registo de licença inválido: 2 validation errors for LicenseRecord
source
  Input should be 'pexels', 'pixabay', 'wikimedia', 'archive_org', 'youtube_cc' or 'owned' [type=literal_error, input_value='rehydration', input_type=str]
    For further information visit https://errors.pydantic.dev/2.13/v/literal_error
verified_by
  Input should be 'api' or 'manual' [type=literal_error, input_value='manual-rehydration-2026-08-06', input_type=str]
    For further information visit https://errors.pydantic.dev/2.13/v/literal_error
09:04:09 WARNING studio.ingest: rejeitado (licença): pixabay_42932.mp4 — registo de licença inválido: 2 validation errors for LicenseRecord
source
  Input should be 'pexels', 'pixabay', 'wikimedia', 'archive_org', 'youtube_cc' or 'owned' [type=literal_error, input_value='rehydration', input_type=str]
    For further information visit https://errors.pydantic.dev/2.13/v/literal_error
verified_by
  Input should be 'api' or 'manual' [type=literal_error, input_value='manual-rehydration-2026-08-06', input_type=str]
    For further information visit https://errors.pydantic.dev/2.13/v/literal_error
09:04:09 WARNING studio.ingest: rejeitado (licença): pixabay_43136.mp4 — registo de licença inválido: 2 validation errors for LicenseRecord
source
  Input should be 'pexels', 'pixabay', 'wikimedia', 'archive_org', 'youtube_cc' or 'owned' [type=literal_error, input_value='rehydration', input_type=str]
    For further information visit https://errors.pydantic.dev/2.13/v/literal_error
verified_by
  Input should be 'api' or 'manual' [type=literal_error, input_value='manual-rehydration-2026-08-06', input_type=str]
    For further information visit https://errors.pydantic.dev/2.13/v/literal_error
09:04:09 WARNING studio.ingest: rejeitado (licença): pixabay_43137.mp4 — registo de licença inválido: 2 validation errors for LicenseRecord
source
  Input should be 'pexels', 'pixabay', 'wikimedia', 'archive_org', 'youtube_cc' or 'owned' [type=literal_error, input_value='rehydration', input_type=str]
    For further information visit https://errors.pydantic.dev/2.13/v/literal_error
verified_by
  Input should be 'api' or 'manual' [type=literal_error, input_value='manual-rehydration-2026-08-06', input_type=str]
    For further information visit https://errors.pydantic.dev/2.13/v/literal_error
09:04:09 WARNING studio.ingest: rejeitado (licença): pixabay_43562.mp4 — registo de licença inválido: 2 validation errors for LicenseRecord
source
  Input should be 'pexels', 'pixabay', 'wikimedia', 'archive_org', 'youtube_cc' or 'owned' [type=literal_error, input_value='rehydration', input_type=str]
    For further information visit https://errors.pydantic.dev/2.13/v/literal_error
verified_by
  Input should be 'api' or 'manual' [type=literal_error, input_value='manual-rehydration-2026-08-06', input_type=str]
    For further information visit https://errors.pydantic.dev/2.13/v/literal_error
09:04:09 WARNING studio.ingest: rejeitado (licença): pixabay_4385.mp4 — registo de licença inválido: 2 validation errors for LicenseRecord
source
  Input should be 'pexels', 'pixabay', 'wikimedia', 'archive_org', 'youtube_cc' or 'owned' [type=literal_error, input_value='rehydration', input_type=str]
    For further information visit https://errors.pydantic.dev/2.13/v/literal_error
verified_by
  Input should be 'api' or 'manual' [type=literal_error, input_value='manual-rehydration-2026-08-06', input_type=str]
    For further information visit https://errors.pydantic.dev/2.13/v/literal_error
09:04:09 WARNING studio.ingest: rejeitado (licença): pixabay_44534.mp4 — registo de licença inválido: 2 validation errors for LicenseRecord
source
  Input should be 'pexels', 'pixabay', 'wikimedia', 'archive_org', 'youtube_cc' or 'owned' [type=literal_error, input_value='rehydration', input_type=str]
    For further information visit https://errors.pydantic.dev/2.13/v/literal_error
verified_by
  Input should be 'api' or 'manual' [type=literal_error, input_value='manual-rehydration-2026-08-06', input_type=str]
    For further information visit https://errors.pydantic.dev/2.13/v/literal_error
09:04:09 WARNING studio.ingest: rejeitado (licença): pixabay_45080.mp4 — registo de licença inválido: 2 validation errors for LicenseRecord
source
  Input should be 'pexels', 'pixabay', 'wikimedia', 'archive_org', 'youtube_cc' or 'owned' [type=literal_error, input_value='rehydration', input_type=str]
    For further information visit https://errors.pydantic.dev/2.13/v/literal_error
verified_by
  Input should be 'api' or 'manual' [type=literal_error, input_value='manual-rehydration-2026-08-06', input_type=str]
    For further information visit https://errors.pydantic.dev/2.13/v/literal_error
[1000/1075] [rej]   0.0s  shots:+0  pixabay_45080.mp4 (ETA ~0min)
09:04:09 WARNING studio.ingest: rejeitado (licença): pixabay_45150.mp4 — registo de licença inválido: 2 validation errors for LicenseRecord
source
  Input should be 'pexels', 'pixabay', 'wikimedia', 'archive_org', 'youtube_cc' or 'owned' [type=literal_error, input_value='rehydration', input_type=str]
    For further information visit https://errors.pydantic.dev/2.13/v/literal_error
verified_by
  Input should be 'api' or 'manual' [type=literal_error, input_value='manual-rehydration-2026-08-06', input_type=str]
    For further information visit https://errors.pydantic.dev/2.13/v/literal_error
09:04:09 WARNING studio.ingest: rejeitado (licença): pixabay_45157.mp4 — registo de licença inválido: 2 validation errors for LicenseRecord
source
  Input should be 'pexels', 'pixabay', 'wikimedia', 'archive_org', 'youtube_cc' or 'owned' [type=literal_error, input_value='rehydration', input_type=str]
    For further information visit https://errors.pydantic.dev/2.13/v/literal_error
verified_by
  Input should be 'api' or 'manual' [type=literal_error, input_value='manual-rehydration-2026-08-06', input_type=str]
    For further information visit https://errors.pydantic.dev/2.13/v/literal_error
09:04:09 WARNING studio.ingest: rejeitado (licença): pixabay_45358.mp4 — registo de licença inválido: 2 validation errors for LicenseRecord
source
  Input should be 'pexels', 'pixabay', 'wikimedia', 'archive_org', 'youtube_cc' or 'owned' [type=literal_error, input_value='rehydration', input_type=str]
    For further information visit https://errors.pydantic.dev/2.13/v/literal_error
verified_by
  Input should be 'api' or 'manual' [type=literal_error, input_value='manual-rehydration-2026-08-06', input_type=str]
    For further information visit https://errors.pydantic.dev/2.13/v/literal_error
09:04:09 WARNING studio.ingest: rejeitado (licença): pixabay_45655.mp4 — registo de licença inválido: 2 validation errors for LicenseRecord
source
  Input should be 'pexels', 'pixabay', 'wikimedia', 'archive_org', 'youtube_cc' or 'owned' [type=literal_error, input_value='rehydration', input_type=str]
    For further information visit https://errors.pydantic.dev/2.13/v/literal_error
verified_by
  Input should be 'api' or 'manual' [type=literal_error, input_value='manual-rehydration-2026-08-06', input_type=str]
    For further information visit https://errors.pydantic.dev/2.13/v/literal_error
09:04:09 WARNING studio.ingest: rejeitado (licença): pixabay_45978.mp4 — registo de licença inválido: 2 validation errors for LicenseRecord
source
  Input should be 'pexels', 'pixabay', 'wikimedia', 'archive_org', 'youtube_cc' or 'owned' [type=literal_error, input_value='rehydration', input_type=str]
    For further information visit https://errors.pydantic.dev/2.13/v/literal_error
verified_by
  Input should be 'api' or 'manual' [type=literal_error, input_value='manual-rehydration-2026-08-06', input_type=str]
    For further information visit https://errors.pydantic.dev/2.13/v/literal_error
09:04:09 WARNING studio.ingest: rejeitado (licença): pixabay_46989.mp4 — registo de licença inválido: 2 validation errors for LicenseRecord
source
  Input should be 'pexels', 'pixabay', 'wikimedia', 'archive_org', 'youtube_cc' or 'owned' [type=literal_error, input_value='rehydration', input_type=str]
    For further information visit https://errors.pydantic.dev/2.13/v/literal_error
verified_by
  Input should be 'api' or 'manual' [type=literal_error, input_value='manual-rehydration-2026-08-06', input_type=str]
    For further information visit https://errors.pydantic.dev/2.13/v/literal_error
09:04:09 WARNING studio.ingest: rejeitado (licença): pixabay_4722.mp4 — registo de licença inválido: 2 validation errors for LicenseRecord
source
  Input should be 'pexels', 'pixabay', 'wikimedia', 'archive_org', 'youtube_cc' or 'owned' [type=literal_error, input_value='rehydration', input_type=str]
    For further information visit https://errors.pydantic.dev/2.13/v/literal_error
verified_by
  Input should be 'api' or 'manual' [type=literal_error, input_value='manual-rehydration-2026-08-06', input_type=str]
    For further information visit https://errors.pydantic.dev/2.13/v/literal_error
09:04:09 WARNING studio.ingest: rejeitado (licença): pixabay_4730.mp4 — registo de licença inválido: 2 validation errors for LicenseRecord
source
  Input should be 'pexels', 'pixabay', 'wikimedia', 'archive_org', 'youtube_cc' or 'owned' [type=literal_error, input_value='rehydration', input_type=str]
    For further information visit https://errors.pydantic.dev/2.13/v/literal_error
verified_by
  Input should be 'api' or 'manual' [type=literal_error, input_value='manual-rehydration-2026-08-06', input_type=str]
    For further information visit https://errors.pydantic.dev/2.13/v/literal_error
09:04:09 WARNING studio.ingest: rejeitado (licença): pixabay_49321.mp4 — registo de licença inválido: 2 validation errors for LicenseRecord
source
  Input should be 'pexels', 'pixabay', 'wikimedia', 'archive_org', 'youtube_cc' or 'owned' [type=literal_error, input_value='rehydration', input_type=str]
    For further information visit https://errors.pydantic.dev/2.13/v/literal_error
verified_by
  Input should be 'api' or 'manual' [type=literal_error, input_value='manual-rehydration-2026-08-06', input_type=str]
    For further information visit https://errors.pydantic.dev/2.13/v/literal_error
09:04:09 WARNING studio.ingest: rejeitado (licença): pixabay_4948.mp4 — registo de licença inválido: 2 validation errors for LicenseRecord
source
  Input should be 'pexels', 'pixabay', 'wikimedia', 'archive_org', 'youtube_cc' or 'owned' [type=literal_error, input_value='rehydration', input_type=str]
    For further information visit https://errors.pydantic.dev/2.13/v/literal_error
verified_by
  Input should be 'api' or 'manual' [type=literal_error, input_value='manual-rehydration-2026-08-06', input_type=str]
    For further information visit https://errors.pydantic.dev/2.13/v/literal_error
[1010/1075] [rej]   0.0s  shots:+0  pixabay_4948.mp4 (ETA ~0min)
09:04:09 WARNING studio.ingest: rejeitado (licença): pixabay_4972.mp4 — registo de licença inválido: 2 validation errors for LicenseRecord
source
  Input should be 'pexels', 'pixabay', 'wikimedia', 'archive_org', 'youtube_cc' or 'owned' [type=literal_error, input_value='rehydration', input_type=str]
    For further information visit https://errors.pydantic.dev/2.13/v/literal_error
verified_by
  Input should be 'api' or 'manual' [type=literal_error, input_value='manual-rehydration-2026-08-06', input_type=str]
    For further information visit https://errors.pydantic.dev/2.13/v/literal_error
09:04:09 WARNING studio.ingest: rejeitado (licença): pixabay_4993.mp4 — registo de licença inválido: 2 validation errors for LicenseRecord
source
  Input should be 'pexels', 'pixabay', 'wikimedia', 'archive_org', 'youtube_cc' or 'owned' [type=literal_error, input_value='rehydration', input_type=str]
    For further information visit https://errors.pydantic.dev/2.13/v/literal_error
verified_by
  Input should be 'api' or 'manual' [type=literal_error, input_value='manual-rehydration-2026-08-06', input_type=str]
    For further information visit https://errors.pydantic.dev/2.13/v/literal_error
09:04:09 WARNING studio.ingest: rejeitado (licença): pixabay_50782.mp4 — registo de licença inválido: 2 validation errors for LicenseRecord
source
  Input should be 'pexels', 'pixabay', 'wikimedia', 'archive_org', 'youtube_cc' or 'owned' [type=literal_error, input_value='rehydration', input_type=str]
    For further information visit https://errors.pydantic.dev/2.13/v/literal_error
verified_by
  Input should be 'api' or 'manual' [type=literal_error, input_value='manual-rehydration-2026-08-06', input_type=str]
    For further information visit https://errors.pydantic.dev/2.13/v/literal_error
09:04:09 WARNING studio.ingest: rejeitado (licença): pixabay_50959.mp4 — registo de licença inválido: 2 validation errors for LicenseRecord
source
  Input should be 'pexels', 'pixabay', 'wikimedia', 'archive_org', 'youtube_cc' or 'owned' [type=literal_error, input_value='rehydration', input_type=str]
    For further information visit https://errors.pydantic.dev/2.13/v/literal_error
verified_by
  Input should be 'api' or 'manual' [type=literal_error, input_value='manual-rehydration-2026-08-06', input_type=str]
    For further information visit https://errors.pydantic.dev/2.13/v/literal_error
09:04:09 WARNING studio.ingest: rejeitado (licença): pixabay_5194.mp4 — registo de licença inválido: 2 validation errors for LicenseRecord
source
  Input should be 'pexels', 'pixabay', 'wikimedia', 'archive_org', 'youtube_cc' or 'owned' [type=literal_error, input_value='rehydration', input_type=str]
    For further information visit https://errors.pydantic.dev/2.13/v/literal_error
verified_by
  Input should be 'api' or 'manual' [type=literal_error, input_value='manual-rehydration-2026-08-06', input_type=str]
    For further information visit https://errors.pydantic.dev/2.13/v/literal_error
09:04:09 WARNING studio.ingest: rejeitado (licença): pixabay_53493.mp4 — registo de licença inválido: 2 validation errors for LicenseRecord
source
  Input should be 'pexels', 'pixabay', 'wikimedia', 'archive_org', 'youtube_cc' or 'owned' [type=literal_error, input_value='rehydration', input_type=str]
    For further information visit https://errors.pydantic.dev/2.13/v/literal_error
verified_by
  Input should be 'api' or 'manual' [type=literal_error, input_value='manual-rehydration-2026-08-06', input_type=str]
    For further information visit https://errors.pydantic.dev/2.13/v/literal_error
09:04:09 WARNING studio.ingest: rejeitado (licença): pixabay_53610.mp4 — registo de licença inválido: 2 validation errors for LicenseRecord
source
  Input should be 'pexels', 'pixabay', 'wikimedia', 'archive_org', 'youtube_cc' or 'owned' [type=literal_error, input_value='rehydration', input_type=str]
    For further information visit https://errors.pydantic.dev/2.13/v/literal_error
verified_by
  Input should be 'api' or 'manual' [type=literal_error, input_value='manual-rehydration-2026-08-06', input_type=str]
    For further information visit https://errors.pydantic.dev/2.13/v/literal_error
09:04:09 WARNING studio.ingest: rejeitado (licença): pixabay_53833.mp4 — registo de licença inválido: 2 validation errors for LicenseRecord
source
  Input should be 'pexels', 'pixabay', 'wikimedia', 'archive_org', 'youtube_cc' or 'owned' [type=literal_error, input_value='rehydration', input_type=str]
    For further information visit https://errors.pydantic.dev/2.13/v/literal_error
verified_by
  Input should be 'api' or 'manual' [type=literal_error, input_value='manual-rehydration-2026-08-06', input_type=str]
    For further information visit https://errors.pydantic.dev/2.13/v/literal_error
09:04:09 WARNING studio.ingest: rejeitado (licença): pixabay_53835.mp4 — registo de licença inválido: 2 validation errors for LicenseRecord
source
  Input should be 'pexels', 'pixabay', 'wikimedia', 'archive_org', 'youtube_cc' or 'owned' [type=literal_error, input_value='rehydration', input_type=str]
    For further information visit https://errors.pydantic.dev/2.13/v/literal_error
verified_by
  Input should be 'api' or 'manual' [type=literal_error, input_value='manual-rehydration-2026-08-06', input_type=str]
    For further information visit https://errors.pydantic.dev/2.13/v/literal_error
09:04:09 WARNING studio.ingest: rejeitado (licença): pixabay_5637.mp4 — registo de licença inválido: 2 validation errors for LicenseRecord
source
  Input should be 'pexels', 'pixabay', 'wikimedia', 'archive_org', 'youtube_cc' or 'owned' [type=literal_error, input_value='rehydration', input_type=str]
    For further information visit https://errors.pydantic.dev/2.13/v/literal_error
verified_by
  Input should be 'api' or 'manual' [type=literal_error, input_value='manual-rehydration-2026-08-06', input_type=str]
    For further information visit https://errors.pydantic.dev/2.13/v/literal_error
[1020/1075] [rej]   0.0s  shots:+0  pixabay_5637.mp4 (ETA ~0min)
09:04:09 WARNING studio.ingest: rejeitado (licença): pixabay_56914.mp4 — registo de licença inválido: 2 validation errors for LicenseRecord
source
  Input should be 'pexels', 'pixabay', 'wikimedia', 'archive_org', 'youtube_cc' or 'owned' [type=literal_error, input_value='rehydration', input_type=str]
    For further information visit https://errors.pydantic.dev/2.13/v/literal_error
verified_by
  Input should be 'api' or 'manual' [type=literal_error, input_value='manual-rehydration-2026-08-06', input_type=str]
    For further information visit https://errors.pydantic.dev/2.13/v/literal_error
09:04:09 WARNING studio.ingest: rejeitado (licença): pixabay_5744.mp4 — registo de licença inválido: 2 validation errors for LicenseRecord
source
  Input should be 'pexels', 'pixabay', 'wikimedia', 'archive_org', 'youtube_cc' or 'owned' [type=literal_error, input_value='rehydration', input_type=str]
    For further information visit https://errors.pydantic.dev/2.13/v/literal_error
verified_by
  Input should be 'api' or 'manual' [type=literal_error, input_value='manual-rehydration-2026-08-06', input_type=str]
    For further information visit https://errors.pydantic.dev/2.13/v/literal_error
09:04:09 WARNING studio.ingest: rejeitado (licença): pixabay_57993.mp4 — registo de licença inválido: 2 validation errors for LicenseRecord
source
  Input should be 'pexels', 'pixabay', 'wikimedia', 'archive_org', 'youtube_cc' or 'owned' [type=literal_error, input_value='rehydration', input_type=str]
    For further information visit https://errors.pydantic.dev/2.13/v/literal_error
verified_by
  Input should be 'api' or 'manual' [type=literal_error, input_value='manual-rehydration-2026-08-06', input_type=str]
    For further information visit https://errors.pydantic.dev/2.13/v/literal_error
09:04:09 WARNING studio.ingest: rejeitado (licença): pixabay_59291.mp4 — registo de licença inválido: 2 validation errors for LicenseRecord
source
  Input should be 'pexels', 'pixabay', 'wikimedia', 'archive_org', 'youtube_cc' or 'owned' [type=literal_error, input_value='rehydration', input_type=str]
    For further information visit https://errors.pydantic.dev/2.13/v/literal_error
verified_by
  Input should be 'api' or 'manual' [type=literal_error, input_value='manual-rehydration-2026-08-06', input_type=str]
    For further information visit https://errors.pydantic.dev/2.13/v/literal_error
09:04:09 WARNING studio.ingest: rejeitado (licença): pixabay_63066.mp4 — registo de licença inválido: 2 validation errors for LicenseRecord
source
  Input should be 'pexels', 'pixabay', 'wikimedia', 'archive_org', 'youtube_cc' or 'owned' [type=literal_error, input_value='rehydration', input_type=str]
    For further information visit https://errors.pydantic.dev/2.13/v/literal_error
verified_by
  Input should be 'api' or 'manual' [type=literal_error, input_value='manual-rehydration-2026-08-06', input_type=str]
    For further information visit https://errors.pydantic.dev/2.13/v/literal_error
09:04:09 WARNING studio.ingest: rejeitado (licença): pixabay_6358.mp4 — registo de licença inválido: 2 validation errors for LicenseRecord
source
  Input should be 'pexels', 'pixabay', 'wikimedia', 'archive_org', 'youtube_cc' or 'owned' [type=literal_error, input_value='rehydration', input_type=str]
    For further information visit https://errors.pydantic.dev/2.13/v/literal_error
verified_by
  Input should be 'api' or 'manual' [type=literal_error, input_value='manual-rehydration-2026-08-06', input_type=str]
    For further information visit https://errors.pydantic.dev/2.13/v/literal_error
09:04:09 WARNING studio.ingest: rejeitado (licença): pixabay_6383.mp4 — registo de licença inválido: 2 validation errors for LicenseRecord
source
  Input should be 'pexels', 'pixabay', 'wikimedia', 'archive_org', 'youtube_cc' or 'owned' [type=literal_error, input_value='rehydration', input_type=str]
    For further information visit https://errors.pydantic.dev/2.13/v/literal_error
verified_by
  Input should be 'api' or 'manual' [type=literal_error, input_value='manual-rehydration-2026-08-06', input_type=str]
    For further information visit https://errors.pydantic.dev/2.13/v/literal_error
09:04:09 WARNING studio.ingest: rejeitado (licença): pixabay_6387.mp4 — registo de licença inválido: 2 validation errors for LicenseRecord
source
  Input should be 'pexels', 'pixabay', 'wikimedia', 'archive_org', 'youtube_cc' or 'owned' [type=literal_error, input_value='rehydration', input_type=str]
    For further information visit https://errors.pydantic.dev/2.13/v/literal_error
verified_by
  Input should be 'api' or 'manual' [type=literal_error, input_value='manual-rehydration-2026-08-06', input_type=str]
    For further information visit https://errors.pydantic.dev/2.13/v/literal_error
09:04:09 WARNING studio.ingest: rejeitado (licença): pixabay_65562.mp4 — registo de licença inválido: 2 validation errors for LicenseRecord
source
  Input should be 'pexels', 'pixabay', 'wikimedia', 'archive_org', 'youtube_cc' or 'owned' [type=literal_error, input_value='rehydration', input_type=str]
    For further information visit https://errors.pydantic.dev/2.13/v/literal_error
verified_by
  Input should be 'api' or 'manual' [type=literal_error, input_value='manual-rehydration-2026-08-06', input_type=str]
    For further information visit https://errors.pydantic.dev/2.13/v/literal_error
09:04:09 WARNING studio.ingest: rejeitado (licença): pixabay_66.mp4 — registo de licença inválido: 2 validation errors for LicenseRecord
source
  Input should be 'pexels', 'pixabay', 'wikimedia', 'archive_org', 'youtube_cc' or 'owned' [type=literal_error, input_value='rehydration', input_type=str]
    For further information visit https://errors.pydantic.dev/2.13/v/literal_error
verified_by
  Input should be 'api' or 'manual' [type=literal_error, input_value='manual-rehydration-2026-08-06', input_type=str]
    For further information visit https://errors.pydantic.dev/2.13/v/literal_error
[1030/1075] [rej]   0.0s  shots:+0  pixabay_66.mp4 (ETA ~0min)
09:04:09 WARNING studio.ingest: rejeitado (licença): pixabay_67358.mp4 — registo de licença inválido: 2 validation errors for LicenseRecord
source
  Input should be 'pexels', 'pixabay', 'wikimedia', 'archive_org', 'youtube_cc' or 'owned' [type=literal_error, input_value='rehydration', input_type=str]
    For further information visit https://errors.pydantic.dev/2.13/v/literal_error
verified_by
  Input should be 'api' or 'manual' [type=literal_error, input_value='manual-rehydration-2026-08-06', input_type=str]
    For further information visit https://errors.pydantic.dev/2.13/v/literal_error
09:04:09 WARNING studio.ingest: rejeitado (licença): pixabay_67585.mp4 — registo de licença inválido: 2 validation errors for LicenseRecord
source
  Input should be 'pexels', 'pixabay', 'wikimedia', 'archive_org', 'youtube_cc' or 'owned' [type=literal_error, input_value='rehydration', input_type=str]
    For further information visit https://errors.pydantic.dev/2.13/v/literal_error
verified_by
  Input should be 'api' or 'manual' [type=literal_error, input_value='manual-rehydration-2026-08-06', input_type=str]
    For further information visit https://errors.pydantic.dev/2.13/v/literal_error
09:04:09 WARNING studio.ingest: rejeitado (licença): pixabay_68367.mp4 — registo de licença inválido: 2 validation errors for LicenseRecord
source
  Input should be 'pexels', 'pixabay', 'wikimedia', 'archive_org', 'youtube_cc' or 'owned' [type=literal_error, input_value='rehydration', input_type=str]
    For further information visit https://errors.pydantic.dev/2.13/v/literal_error
verified_by
  Input should be 'api' or 'manual' [type=literal_error, input_value='manual-rehydration-2026-08-06', input_type=str]
    For further information visit https://errors.pydantic.dev/2.13/v/literal_error
09:04:09 WARNING studio.ingest: rejeitado (licença): pixabay_7127.mp4 — registo de licença inválido: 2 validation errors for LicenseRecord
source
  Input should be 'pexels', 'pixabay', 'wikimedia', 'archive_org', 'youtube_cc' or 'owned' [type=literal_error, input_value='rehydration', input_type=str]
    For further information visit https://errors.pydantic.dev/2.13/v/literal_error
verified_by
  Input should be 'api' or 'manual' [type=literal_error, input_value='manual-rehydration-2026-08-06', input_type=str]
    For further information visit https://errors.pydantic.dev/2.13/v/literal_error
09:04:09 WARNING studio.ingest: rejeitado (licença): pixabay_7128.mp4 — registo de licença inválido: 2 validation errors for LicenseRecord
source
  Input should be 'pexels', 'pixabay', 'wikimedia', 'archive_org', 'youtube_cc' or 'owned' [type=literal_error, input_value='rehydration', input_type=str]
    For further information visit https://errors.pydantic.dev/2.13/v/literal_error
verified_by
  Input should be 'api' or 'manual' [type=literal_error, input_value='manual-rehydration-2026-08-06', input_type=str]
    For further information visit https://errors.pydantic.dev/2.13/v/literal_error
09:04:09 WARNING studio.ingest: rejeitado (licença): pixabay_71743.mp4 — registo de licença inválido: 2 validation errors for LicenseRecord
source
  Input should be 'pexels', 'pixabay', 'wikimedia', 'archive_org', 'youtube_cc' or 'owned' [type=literal_error, input_value='rehydration', input_type=str]
    For further information visit https://errors.pydantic.dev/2.13/v/literal_error
verified_by
  Input should be 'api' or 'manual' [type=literal_error, input_value='manual-rehydration-2026-08-06', input_type=str]
    For further information visit https://errors.pydantic.dev/2.13/v/literal_error
09:04:09 WARNING studio.ingest: rejeitado (licença): pixabay_71744.mp4 — registo de licença inválido: 2 validation errors for LicenseRecord
source
  Input should be 'pexels', 'pixabay', 'wikimedia', 'archive_org', 'youtube_cc' or 'owned' [type=literal_error, input_value='rehydration', input_type=str]
    For further information visit https://errors.pydantic.dev/2.13/v/literal_error
verified_by
  Input should be 'api' or 'manual' [type=literal_error, input_value='manual-rehydration-2026-08-06', input_type=str]
    For further information visit https://errors.pydantic.dev/2.13/v/literal_error
09:04:09 WARNING studio.ingest: rejeitado (licença): pixabay_71745.mp4 — registo de licença inválido: 2 validation errors for LicenseRecord
source
  Input should be 'pexels', 'pixabay', 'wikimedia', 'archive_org', 'youtube_cc' or 'owned' [type=literal_error, input_value='rehydration', input_type=str]
    For further information visit https://errors.pydantic.dev/2.13/v/literal_error
verified_by
  Input should be 'api' or 'manual' [type=literal_error, input_value='manual-rehydration-2026-08-06', input_type=str]
    For further information visit https://errors.pydantic.dev/2.13/v/literal_error
09:04:09 WARNING studio.ingest: rejeitado (licença): pixabay_72323.mp4 — registo de licença inválido: 2 validation errors for LicenseRecord
source
  Input should be 'pexels', 'pixabay', 'wikimedia', 'archive_org', 'youtube_cc' or 'owned' [type=literal_error, input_value='rehydration', input_type=str]
    For further information visit https://errors.pydantic.dev/2.13/v/literal_error
verified_by
  Input should be 'api' or 'manual' [type=literal_error, input_value='manual-rehydration-2026-08-06', input_type=str]
    For further information visit https://errors.pydantic.dev/2.13/v/literal_error
09:04:09 WARNING studio.ingest: rejeitado (licença): pixabay_7260.mp4 — registo de licença inválido: 2 validation errors for LicenseRecord
source
  Input should be 'pexels', 'pixabay', 'wikimedia', 'archive_org', 'youtube_cc' or 'owned' [type=literal_error, input_value='rehydration', input_type=str]
    For further information visit https://errors.pydantic.dev/2.13/v/literal_error
verified_by
  Input should be 'api' or 'manual' [type=literal_error, input_value='manual-rehydration-2026-08-06', input_type=str]
    For further information visit https://errors.pydantic.dev/2.13/v/literal_error
[1040/1075] [rej]   0.0s  shots:+0  pixabay_7260.mp4 (ETA ~0min)
09:04:09 WARNING studio.ingest: rejeitado (licença): pixabay_7262.mp4 — registo de licença inválido: 2 validation errors for LicenseRecord
source
  Input should be 'pexels', 'pixabay', 'wikimedia', 'archive_org', 'youtube_cc' or 'owned' [type=literal_error, input_value='rehydration', input_type=str]
    For further information visit https://errors.pydantic.dev/2.13/v/literal_error
verified_by
  Input should be 'api' or 'manual' [type=literal_error, input_value='manual-rehydration-2026-08-06', input_type=str]
    For further information visit https://errors.pydantic.dev/2.13/v/literal_error
09:04:09 WARNING studio.ingest: rejeitado (licença): pixabay_730.mp4 — registo de licença inválido: 2 validation errors for LicenseRecord
source
  Input should be 'pexels', 'pixabay', 'wikimedia', 'archive_org', 'youtube_cc' or 'owned' [type=literal_error, input_value='rehydration', input_type=str]
    For further information visit https://errors.pydantic.dev/2.13/v/literal_error
verified_by
  Input should be 'api' or 'manual' [type=literal_error, input_value='manual-rehydration-2026-08-06', input_type=str]
    For further information visit https://errors.pydantic.dev/2.13/v/literal_error
09:04:09 WARNING studio.ingest: rejeitado (licença): pixabay_7328.mp4 — registo de licença inválido: 2 validation errors for LicenseRecord
source
  Input should be 'pexels', 'pixabay', 'wikimedia', 'archive_org', 'youtube_cc' or 'owned' [type=literal_error, input_value='rehydration', input_type=str]
    For further information visit https://errors.pydantic.dev/2.13/v/literal_error
verified_by
  Input should be 'api' or 'manual' [type=literal_error, input_value='manual-rehydration-2026-08-06', input_type=str]
    For further information visit https://errors.pydantic.dev/2.13/v/literal_error
09:04:09 WARNING studio.ingest: rejeitado (licença): pixabay_73847.mp4 — registo de licença inválido: 2 validation errors for LicenseRecord
source
  Input should be 'pexels', 'pixabay', 'wikimedia', 'archive_org', 'youtube_cc' or 'owned' [type=literal_error, input_value='rehydration', input_type=str]
    For further information visit https://errors.pydantic.dev/2.13/v/literal_error
verified_by
  Input should be 'api' or 'manual' [type=literal_error, input_value='manual-rehydration-2026-08-06', input_type=str]
    For further information visit https://errors.pydantic.dev/2.13/v/literal_error
09:04:09 WARNING studio.ingest: rejeitado (licença): pixabay_7502.mp4 — registo de licença inválido: 2 validation errors for LicenseRecord
source
  Input should be 'pexels', 'pixabay', 'wikimedia', 'archive_org', 'youtube_cc' or 'owned' [type=literal_error, input_value='rehydration', input_type=str]
    For further information visit https://errors.pydantic.dev/2.13/v/literal_error
verified_by
  Input should be 'api' or 'manual' [type=literal_error, input_value='manual-rehydration-2026-08-06', input_type=str]
    For further information visit https://errors.pydantic.dev/2.13/v/literal_error
09:04:09 WARNING studio.ingest: rejeitado (licença): pixabay_7549.mp4 — registo de licença inválido: 2 validation errors for LicenseRecord
source
  Input should be 'pexels', 'pixabay', 'wikimedia', 'archive_org', 'youtube_cc' or 'owned' [type=literal_error, input_value='rehydration', input_type=str]
    For further information visit https://errors.pydantic.dev/2.13/v/literal_error
verified_by
  Input should be 'api' or 'manual' [type=literal_error, input_value='manual-rehydration-2026-08-06', input_type=str]
    For further information visit https://errors.pydantic.dev/2.13/v/literal_error
09:04:09 WARNING studio.ingest: rejeitado (licença): pixabay_7558.mp4 — registo de licença inválido: 2 validation errors for LicenseRecord
source
  Input should be 'pexels', 'pixabay', 'wikimedia', 'archive_org', 'youtube_cc' or 'owned' [type=literal_error, input_value='rehydration', input_type=str]
    For further information visit https://errors.pydantic.dev/2.13/v/literal_error
verified_by
  Input should be 'api' or 'manual' [type=literal_error, input_value='manual-rehydration-2026-08-06', input_type=str]
    For further information visit https://errors.pydantic.dev/2.13/v/literal_error
09:04:09 WARNING studio.ingest: rejeitado (licença): pixabay_7702.mp4 — registo de licença inválido: 2 validation errors for LicenseRecord
source
  Input should be 'pexels', 'pixabay', 'wikimedia', 'archive_org', 'youtube_cc' or 'owned' [type=literal_error, input_value='rehydration', input_type=str]
    For further information visit https://errors.pydantic.dev/2.13/v/literal_error
verified_by
  Input should be 'api' or 'manual' [type=literal_error, input_value='manual-rehydration-2026-08-06', input_type=str]
    For further information visit https://errors.pydantic.dev/2.13/v/literal_error
09:04:09 WARNING studio.ingest: rejeitado (licença): pixabay_7713.mp4 — registo de licença inválido: 2 validation errors for LicenseRecord
source
  Input should be 'pexels', 'pixabay', 'wikimedia', 'archive_org', 'youtube_cc' or 'owned' [type=literal_error, input_value='rehydration', input_type=str]
    For further information visit https://errors.pydantic.dev/2.13/v/literal_error
verified_by
  Input should be 'api' or 'manual' [type=literal_error, input_value='manual-rehydration-2026-08-06', input_type=str]
    For further information visit https://errors.pydantic.dev/2.13/v/literal_error
09:04:09 WARNING studio.ingest: rejeitado (licença): pixabay_77235.mp4 — registo de licença inválido: 2 validation errors for LicenseRecord
source
  Input should be 'pexels', 'pixabay', 'wikimedia', 'archive_org', 'youtube_cc' or 'owned' [type=literal_error, input_value='rehydration', input_type=str]
    For further information visit https://errors.pydantic.dev/2.13/v/literal_error
verified_by
  Input should be 'api' or 'manual' [type=literal_error, input_value='manual-rehydration-2026-08-06', input_type=str]
    For further information visit https://errors.pydantic.dev/2.13/v/literal_error
[1050/1075] [rej]   0.0s  shots:+0  pixabay_77235.mp4 (ETA ~0min)
09:04:09 WARNING studio.ingest: rejeitado (licença): pixabay_7951.mp4 — registo de licença inválido: 2 validation errors for LicenseRecord
source
  Input should be 'pexels', 'pixabay', 'wikimedia', 'archive_org', 'youtube_cc' or 'owned' [type=literal_error, input_value='rehydration', input_type=str]
    For further information visit https://errors.pydantic.dev/2.13/v/literal_error
verified_by
  Input should be 'api' or 'manual' [type=literal_error, input_value='manual-rehydration-2026-08-06', input_type=str]
    For further information visit https://errors.pydantic.dev/2.13/v/literal_error
09:04:09 WARNING studio.ingest: rejeitado (licença): pixabay_81170.mp4 — registo de licença inválido: 2 validation errors for LicenseRecord
source
  Input should be 'pexels', 'pixabay', 'wikimedia', 'archive_org', 'youtube_cc' or 'owned' [type=literal_error, input_value='rehydration', input_type=str]
    For further information visit https://errors.pydantic.dev/2.13/v/literal_error
verified_by
  Input should be 'api' or 'manual' [type=literal_error, input_value='manual-rehydration-2026-08-06', input_type=str]
    For further information visit https://errors.pydantic.dev/2.13/v/literal_error
09:04:09 WARNING studio.ingest: rejeitado (licença): pixabay_8247.mp4 — registo de licença inválido: 2 validation errors for LicenseRecord
source
  Input should be 'pexels', 'pixabay', 'wikimedia', 'archive_org', 'youtube_cc' or 'owned' [type=literal_error, input_value='rehydration', input_type=str]
    For further information visit https://errors.pydantic.dev/2.13/v/literal_error
verified_by
  Input should be 'api' or 'manual' [type=literal_error, input_value='manual-rehydration-2026-08-06', input_type=str]
    For further information visit https://errors.pydantic.dev/2.13/v/literal_error
09:04:09 WARNING studio.ingest: rejeitado (licença): pixabay_82670.mp4 — registo de licença inválido: 2 validation errors for LicenseRecord
source
  Input should be 'pexels', 'pixabay', 'wikimedia', 'archive_org', 'youtube_cc' or 'owned' [type=literal_error, input_value='rehydration', input_type=str]
    For further information visit https://errors.pydantic.dev/2.13/v/literal_error
verified_by
  Input should be 'api' or 'manual' [type=literal_error, input_value='manual-rehydration-2026-08-06', input_type=str]
    For further information visit https://errors.pydantic.dev/2.13/v/literal_error
09:04:09 WARNING studio.ingest: rejeitado (licença): pixabay_82725.mp4 — registo de licença inválido: 2 validation errors for LicenseRecord
source
  Input should be 'pexels', 'pixabay', 'wikimedia', 'archive_org', 'youtube_cc' or 'owned' [type=literal_error, input_value='rehydration', input_type=str]
    For further information visit https://errors.pydantic.dev/2.13/v/literal_error
verified_by
  Input should be 'api' or 'manual' [type=literal_error, input_value='manual-rehydration-2026-08-06', input_type=str]
    For further information visit https://errors.pydantic.dev/2.13/v/literal_error
09:04:09 WARNING studio.ingest: rejeitado (licença): pixabay_82735.mp4 — registo de licença inválido: 2 validation errors for LicenseRecord
source
  Input should be 'pexels', 'pixabay', 'wikimedia', 'archive_org', 'youtube_cc' or 'owned' [type=literal_error, input_value='rehydration', input_type=str]
    For further information visit https://errors.pydantic.dev/2.13/v/literal_error
verified_by
  Input should be 'api' or 'manual' [type=literal_error, input_value='manual-rehydration-2026-08-06', input_type=str]
    For further information visit https://errors.pydantic.dev/2.13/v/literal_error
09:04:09 WARNING studio.ingest: rejeitado (licença): pixabay_82786.mp4 — registo de licença inválido: 2 validation errors for LicenseRecord
source
  Input should be 'pexels', 'pixabay', 'wikimedia', 'archive_org', 'youtube_cc' or 'owned' [type=literal_error, input_value='rehydration', input_type=str]
    For further information visit https://errors.pydantic.dev/2.13/v/literal_error
verified_by
  Input should be 'api' or 'manual' [type=literal_error, input_value='manual-rehydration-2026-08-06', input_type=str]
    For further information visit https://errors.pydantic.dev/2.13/v/literal_error
09:04:09 WARNING studio.ingest: rejeitado (licença): pixabay_82787.mp4 — registo de licença inválido: 2 validation errors for LicenseRecord
source
  Input should be 'pexels', 'pixabay', 'wikimedia', 'archive_org', 'youtube_cc' or 'owned' [type=literal_error, input_value='rehydration', input_type=str]
    For further information visit https://errors.pydantic.dev/2.13/v/literal_error
verified_by
  Input should be 'api' or 'manual' [type=literal_error, input_value='manual-rehydration-2026-08-06', input_type=str]
    For further information visit https://errors.pydantic.dev/2.13/v/literal_error
09:04:09 WARNING studio.ingest: rejeitado (licença): pixabay_82789.mp4 — registo de licença inválido: 2 validation errors for LicenseRecord
source
  Input should be 'pexels', 'pixabay', 'wikimedia', 'archive_org', 'youtube_cc' or 'owned' [type=literal_error, input_value='rehydration', input_type=str]
    For further information visit https://errors.pydantic.dev/2.13/v/literal_error
verified_by
  Input should be 'api' or 'manual' [type=literal_error, input_value='manual-rehydration-2026-08-06', input_type=str]
    For further information visit https://errors.pydantic.dev/2.13/v/literal_error
09:04:09 WARNING studio.ingest: rejeitado (licença): pixabay_82790.mp4 — registo de licença inválido: 2 validation errors for LicenseRecord
source
  Input should be 'pexels', 'pixabay', 'wikimedia', 'archive_org', 'youtube_cc' or 'owned' [type=literal_error, input_value='rehydration', input_type=str]
    For further information visit https://errors.pydantic.dev/2.13/v/literal_error
verified_by
  Input should be 'api' or 'manual' [type=literal_error, input_value='manual-rehydration-2026-08-06', input_type=str]
    For further information visit https://errors.pydantic.dev/2.13/v/literal_error
[1060/1075] [rej]   0.0s  shots:+0  pixabay_82790.mp4 (ETA ~0min)
09:04:09 WARNING studio.ingest: rejeitado (licença): pixabay_86164.mp4 — registo de licença inválido: 2 validation errors for LicenseRecord
source
  Input should be 'pexels', 'pixabay', 'wikimedia', 'archive_org', 'youtube_cc' or 'owned' [type=literal_error, input_value='rehydration', input_type=str]
    For further information visit https://errors.pydantic.dev/2.13/v/literal_error
verified_by
  Input should be 'api' or 'manual' [type=literal_error, input_value='manual-rehydration-2026-08-06', input_type=str]
    For further information visit https://errors.pydantic.dev/2.13/v/literal_error
09:04:09 WARNING studio.ingest: rejeitado (licença): pixabay_86343.mp4 — registo de licença inválido: 2 validation errors for LicenseRecord
source
  Input should be 'pexels', 'pixabay', 'wikimedia', 'archive_org', 'youtube_cc' or 'owned' [type=literal_error, input_value='rehydration', input_type=str]
    For further information visit https://errors.pydantic.dev/2.13/v/literal_error
verified_by
  Input should be 'api' or 'manual' [type=literal_error, input_value='manual-rehydration-2026-08-06', input_type=str]
    For further information visit https://errors.pydantic.dev/2.13/v/literal_error
09:04:09 WARNING studio.ingest: rejeitado (licença): pixabay_86401.mp4 — registo de licença inválido: 2 validation errors for LicenseRecord
source
  Input should be 'pexels', 'pixabay', 'wikimedia', 'archive_org', 'youtube_cc' or 'owned' [type=literal_error, input_value='rehydration', input_type=str]
    For further information visit https://errors.pydantic.dev/2.13/v/literal_error
verified_by
  Input should be 'api' or 'manual' [type=literal_error, input_value='manual-rehydration-2026-08-06', input_type=str]
    For further information visit https://errors.pydantic.dev/2.13/v/literal_error
09:04:09 WARNING studio.ingest: rejeitado (licença): pixabay_86402.mp4 — registo de licença inválido: 2 validation errors for LicenseRecord
source
  Input should be 'pexels', 'pixabay', 'wikimedia', 'archive_org', 'youtube_cc' or 'owned' [type=literal_error, input_value='rehydration', input_type=str]
    For further information visit https://errors.pydantic.dev/2.13/v/literal_error
verified_by
  Input should be 'api' or 'manual' [type=literal_error, input_value='manual-rehydration-2026-08-06', input_type=str]
    For further information visit https://errors.pydantic.dev/2.13/v/literal_error
09:04:09 WARNING studio.ingest: rejeitado (licença): pixabay_8686.mp4 — registo de licença inválido: 2 validation errors for LicenseRecord
source
  Input should be 'pexels', 'pixabay', 'wikimedia', 'archive_org', 'youtube_cc' or 'owned' [type=literal_error, input_value='rehydration', input_type=str]
    For further information visit https://errors.pydantic.dev/2.13/v/literal_error
verified_by
  Input should be 'api' or 'manual' [type=literal_error, input_value='manual-rehydration-2026-08-06', input_type=str]
    For further information visit https://errors.pydantic.dev/2.13/v/literal_error
09:04:09 WARNING studio.ingest: rejeitado (licença): pixabay_87806.mp4 — registo de licença inválido: 2 validation errors for LicenseRecord
source
  Input should be 'pexels', 'pixabay', 'wikimedia', 'archive_org', 'youtube_cc' or 'owned' [type=literal_error, input_value='rehydration', input_type=str]
    For further information visit https://errors.pydantic.dev/2.13/v/literal_error
verified_by
  Input should be 'api' or 'manual' [type=literal_error, input_value='manual-rehydration-2026-08-06', input_type=str]
    For further information visit https://errors.pydantic.dev/2.13/v/literal_error
09:04:09 WARNING studio.ingest: rejeitado (licença): pixabay_88883.mp4 — registo de licença inválido: 2 validation errors for LicenseRecord
source
  Input should be 'pexels', 'pixabay', 'wikimedia', 'archive_org', 'youtube_cc' or 'owned' [type=literal_error, input_value='rehydration', input_type=str]
    For further information visit https://errors.pydantic.dev/2.13/v/literal_error
verified_by
  Input should be 'api' or 'manual' [type=literal_error, input_value='manual-rehydration-2026-08-06', input_type=str]
    For further information visit https://errors.pydantic.dev/2.13/v/literal_error
09:04:09 WARNING studio.ingest: rejeitado (licença): pixabay_9005.mp4 — registo de licença inválido: 2 validation errors for LicenseRecord
source
  Input should be 'pexels', 'pixabay', 'wikimedia', 'archive_org', 'youtube_cc' or 'owned' [type=literal_error, input_value='rehydration', input_type=str]
    For further information visit https://errors.pydantic.dev/2.13/v/literal_error
verified_by
  Input should be 'api' or 'manual' [type=literal_error, input_value='manual-rehydration-2026-08-06', input_type=str]
    For further information visit https://errors.pydantic.dev/2.13/v/literal_error
09:04:09 WARNING studio.ingest: rejeitado (licença): pixabay_90447.mp4 — registo de licença inválido: 2 validation errors for LicenseRecord
source
  Input should be 'pexels', 'pixabay', 'wikimedia', 'archive_org', 'youtube_cc' or 'owned' [type=literal_error, input_value='rehydration', input_type=str]
    For further information visit https://errors.pydantic.dev/2.13/v/literal_error
verified_by
  Input should be 'api' or 'manual' [type=literal_error, input_value='manual-rehydration-2026-08-06', input_type=str]
    For further information visit https://errors.pydantic.dev/2.13/v/literal_error
09:04:09 WARNING studio.ingest: rejeitado (licença): pixabay_91.mp4 — registo de licença inválido: 2 validation errors for LicenseRecord
source
  Input should be 'pexels', 'pixabay', 'wikimedia', 'archive_org', 'youtube_cc' or 'owned' [type=literal_error, input_value='rehydration', input_type=str]
    For further information visit https://errors.pydantic.dev/2.13/v/literal_error
verified_by
  Input should be 'api' or 'manual' [type=literal_error, input_value='manual-rehydration-2026-08-06', input_type=str]
    For further information visit https://errors.pydantic.dev/2.13/v/literal_error
[1070/1075] [rej]   0.0s  shots:+0  pixabay_91.mp4 (ETA ~0min)
09:04:09 WARNING studio.ingest: rejeitado (licença): pixabay_910.mp4 — registo de licença inválido: 2 validation errors for LicenseRecord
source
  Input should be 'pexels', 'pixabay', 'wikimedia', 'archive_org', 'youtube_cc' or 'owned' [type=literal_error, input_value='rehydration', input_type=str]
    For further information visit https://errors.pydantic.dev/2.13/v/literal_error
verified_by
  Input should be 'api' or 'manual' [type=literal_error, input_value='manual-rehydration-2026-08-06', input_type=str]
    For further information visit https://errors.pydantic.dev/2.13/v/literal_error
09:04:09 WARNING studio.ingest: rejeitado (licença): pixabay_9151.mp4 — registo de licença inválido: 2 validation errors for LicenseRecord
source
  Input should be 'pexels', 'pixabay', 'wikimedia', 'archive_org', 'youtube_cc' or 'owned' [type=literal_error, input_value='rehydration', input_type=str]
    For further information visit https://errors.pydantic.dev/2.13/v/literal_error
verified_by
  Input should be 'api' or 'manual' [type=literal_error, input_value='manual-rehydration-2026-08-06', input_type=str]
    For further information visit https://errors.pydantic.dev/2.13/v/literal_error
09:04:09 WARNING studio.ingest: rejeitado (licença): pixabay_92717.mp4 — registo de licença inválido: 2 validation errors for LicenseRecord
source
  Input should be 'pexels', 'pixabay', 'wikimedia', 'archive_org', 'youtube_cc' or 'owned' [type=literal_error, input_value='rehydration', input_type=str]
    For further information visit https://errors.pydantic.dev/2.13/v/literal_error
verified_by
  Input should be 'api' or 'manual' [type=literal_error, input_value='manual-rehydration-2026-08-06', input_type=str]
    For further information visit https://errors.pydantic.dev/2.13/v/literal_error
09:04:09 WARNING studio.ingest: rejeitado (licença): pixabay_92726.mp4 — registo de licença inválido: 2 validation errors for LicenseRecord
source
  Input should be 'pexels', 'pixabay', 'wikimedia', 'archive_org', 'youtube_cc' or 'owned' [type=literal_error, input_value='rehydration', input_type=str]
    For further information visit https://errors.pydantic.dev/2.13/v/literal_error
verified_by
  Input should be 'api' or 'manual' [type=literal_error, input_value='manual-rehydration-2026-08-06', input_type=str]
    For further information visit https://errors.pydantic.dev/2.13/v/literal_error
09:04:09 WARNING studio.ingest: rejeitado (licença): pixabay_995.mp4 — registo de licença inválido: 2 validation errors for LicenseRecord
source
  Input should be 'pexels', 'pixabay', 'wikimedia', 'archive_org', 'youtube_cc' or 'owned' [type=literal_error, input_value='rehydration', input_type=str]
    For further information visit https://errors.pydantic.dev/2.13/v/literal_error
verified_by
  Input should be 'api' or 'manual' [type=literal_error, input_value='manual-rehydration-2026-08-06', input_type=str]
    For further information visit https://errors.pydantic.dev/2.13/v/literal_error

============================================================
[rehydrate] DONE em 0.0 min
[rehydrate] totals: new=0  dup=0  rej=1075  err=0
[rehydrate] shots adicionados nesta corrida: 0
[rehydrate] shots totais na biblioteca (LanceDB): 734
[rehydrate] custo Gemini desta corrida: $0.000
============================================================
